订单号,订单状态,商品数量(件),支付时间,确认收货时间,商品id,商品规格,售后状态,用户实付金额(元),快递单号,快递公司,省,市,订单来源
260922-231703918912986,待付款,1	,	,	,444093761930	,"经典黑,七钩 【加厚加粗】(2个装)",无售后或售后取消,19.9	,	,	,****,****,	
260922-024001974563482,待发货,1	,2026-09-22 16:07:19,	,444093761930	,"经典黑,淘气猫 【加厚加粗】(1个装)",无售后或售后取消,11.9	,	,	,广东省,东莞市,	
260922-294272407082469,待发货,1	,2026-09-22 15:52:19,	,476214691883	,"加粗五钩 黑色,2个装",无售后或售后取消,9.29	,	,	,广东省,珠海市,	
260922-650798774572286,待发货,1	,2026-09-22 15:47:12,	,444093761930	,"经典黑,淘气猫 【加厚加粗】(1个装)",无售后或售后取消,11.9	,	,	,湖北省,武汉市,	
260922-034288494913505,已发货，待收货,1	,2026-09-22 14:41:44,	,444093761930	,"经典黑,七钩 【加厚加粗】(2个装)",无售后或售后取消,19.9	,79143309207244	,中通快递,河南省,安阳市,	
260922-207848742403250,已发货，待收货,1	,2026-09-22 14:23:47,	,444093761930	,"咖啡色,七钩【加厚加粗】 (3个装)",无售后或售后取消,25.9	,79143309207272	,中通快递,上海市,上海市,	
260922-589111048481036,已发货，待收货,1	,2026-09-22 13:51:01,	,444093761930	,"经典黑,七钩 【加厚加粗】(2个装)",无售后或售后取消,19.9	,79143309207349	,中通快递,云南省,保山市,	
260922-522966864313115,已发货，待收货,1	,2026-09-22 12:18:14,	,444093761930	,"经典黑,七钩 【加厚加粗】(2个装)",无售后或售后取消,19.9	,79143309207351	,中通快递,陕西省,西安市,	
260922-001509977744082,已发货，待收货,1	,2026-09-22 11:56:54,	,444093761930	,"经典黑,七钩 【加厚加粗】(2个装)",无售后或售后取消,19.9	,79143309208161	,中通快递,湖北省,武汉市,	
260922-458814974340941,已发货，待收货,1	,2026-09-22 10:42:19,	,444093761930	,"咖啡色,七钩 【加厚加粗】(4个装)",无售后或售后取消,31.9	,79143308864863	,中通快递,湖南省,常德市,	
260922-244874023241719,已发货，待收货,1	,2026-09-22 10:07:45,	,444093761930	,"雪花白,七钩 【加厚加粗】(2个装)",无售后或售后取消,19.9	,79143309207316	,中通快递,四川省,成都市,	
260922-596146983340340,已发货，待收货,1	,2026-09-22 09:37:56,	,444093761930	,"经典黑,七钩 【加厚加粗】(2个装)",无售后或售后取消,19.9	,79143309200847	,中通快递,黑龙江省,哈尔滨市,	
260922-238865651292183,已发货，待收货,1	,2026-09-22 09:26:45,	,444093761930	,"咖啡色,七钩【加厚加粗】 (3个装)",无售后或售后取消,22.9	,79143309201062	,中通快递,吉林省,延边朝鲜族自治州,	
260922-574787427861843,已发货，待收货,1	,2026-09-22 08:17:48,	,444093761930	,"咖啡色,七钩 【加厚加粗】(2个装)",无售后或售后取消,18.4	,79143308864769	,中通快递,四川省,巴中市,	
260922-677810061731760,已发货，待收货,1	,2026-09-22 07:33:12,	,444093761930	,"经典黑,七钩【加厚加粗】 (3个装)",无售后或售后取消,25.9	,79143308864942	,中通快递,湖北省,荆州市,	
260922-117912389260512,已发货，待收货,1	,2026-09-22 05:45:09,	,444093761930	,"经典黑,七钩 【加厚加粗】(2个装)",无售后或售后取消,19.9	,79143308864901	,中通快递,吉林省,延边朝鲜族自治州,	
260922-659931829900512,待付款,1	,	,	,444093761930	,"经典黑,七钩 【加厚加粗】(2个装)",无售后或售后取消,19.9	,	,	,****,****,	
260922-211644639622952,已发货，待收货,1	,2026-09-22 00:57:44,	,444093761930	,"经典黑,七钩 【加厚加粗】(2个装)",无售后或售后取消,19.9	,79143309207323	,中通快递,福建省,福州市,	
260922-038273052173351,已发货，待收货,1	,2026-09-22 00:22:18,	,444093761930	,"雪花白,七钩 【加厚加粗】(2个装)",无售后或售后取消,19.9	,79143309207336	,中通快递,浙江省,湖州市,	
260921-399449802293193,已发货，待收货,1	,2026-09-21 23:25:29,	,444093761930	,"经典黑,七钩 【加厚加粗】(2个装)",无售后或售后取消,19.9	,79143309201075	,中通快递,浙江省,金华市,	
260921-591936908833652,已发货，待收货,1	,2026-09-21 23:22:24,	,444093761930	,"经典黑,七钩 【加厚加粗】(2个装)",无售后或售后取消,19.9	,79143309207308	,中通快递,陕西省,铜川市,	
260921-231766833442793,已发货，待收货,1	,2026-09-21 22:58:10,	,444093761930	,"雪花白,七钩 【加厚加粗】(2个装)",无售后或售后取消,19.9	,79143309200132	,中通快递,山西省,太原市,	
260921-677547896412183,未发货，退款成功,1	,2026-09-21 21:42:13,	,444093761930	,"咖啡色,七钩 【加厚加粗】(2个装)",退款成功,15.4	,	,	,****,****,	
260921-323380856450426,未发货，退款成功,1	,2026-09-21 21:35:21,	,444093761930	,"咖啡色,七钩【加厚加粗】 (3个装)",退款成功,25.9	,	,	,****,****,	
260921-371699238511387,已发货，待收货,1	,2026-09-21 21:24:51,	,446257663504	,七钩 古铜【一个装】加厚加粗,无售后或售后取消,12.77	,79143308864736	,中通快递,云南省,保山市,	
260921-365995026871387,已发货，待收货,1	,2026-09-21 21:22:17,	,444093761930	,"经典黑,七钩 【加厚加粗】(2个装)",无售后或售后取消,19.9	,79143308864756	,中通快递,河北省,沧州市,	
260921-361066719640530,已发货，待收货,1	,2026-09-21 21:05:04,	,444093761930	,"雪花白,七钩 【加厚加粗】(2个装)",无售后或售后取消,19.9	,79143308864784	,中通快递,湖北省,武汉市,	
260921-609537256983006,已发货，待收货,1	,2026-09-21 20:55:40,	,444093761930	,"经典黑,七钩 【加厚加粗】(4个装)",无售后或售后取消,31.9	,79143309207257	,中通快递,吉林省,吉林市,	
260921-187967751832024,已发货，待收货,1	,2026-09-21 20:31:41,	,444093761930	,"经典黑,七钩 【加厚加粗】(2个装)",无售后或售后取消,19.9	,79143309201050	,中通快递,河北省,衡水市,	
260921-277253987911647,已发货，待收货,1	,2026-09-21 20:24:16,	,444093761930	,"经典黑,七钩 【加厚加粗】(2个装)",无售后或售后取消,19.9	,79143309200875	,中通快递,江苏省,无锡市,	
260921-277967092110469,已发货，待收货,1	,2026-09-21 17:39:22,	,444093761930	,"经典黑,七钩 【加厚加粗】(4个装)",无售后或售后取消,31.9	,79143308864771	,中通快递,贵州省,贵阳市,	
260921-459391701433113,已发货，待收货,1	,2026-09-21 16:42:52,	,444093761930	,"雪花白,七钩 【加厚加粗】(2个装)",无售后或售后取消,19.9	,79143309207436	,中通快递,山西省,太原市,	
260921-682276974111145,已发货，待收货,1	,2026-09-21 16:00:25,	,444093761930	,"咖啡色,七钩 【加厚加粗】(2个装)",无售后或售后取消,18.4	,79143309207285	,中通快递,山东省,德州市,	
260921-301266388511145,未发货，退款成功,1	,2026-09-21 15:58:00,	,444093761930	,"咖啡色,七钩 【加厚加粗】(2个装)",退款成功,15.4	,	,	,****,****,	
260921-457808331191541,已发货，待收货,1	,2026-09-21 15:52:51,	,444093761930	,"经典黑,淘气猫 【加厚加粗】(1个装)",无售后或售后取消,11.9	,79143309201034	,中通快递,黑龙江省,哈尔滨市,	
260921-097821704553006,已发货，待收货,1	,2026-09-21 14:57:37,	,444093761930	,"咖啡色,七钩 【加厚加粗】(2个装)",无售后或售后取消,15.4	,79143054189208	,中通快递,四川省,广安市,	
260921-559195144493062,已发货，待收货,1	,2026-09-21 14:21:04,	,446257663504	,七钩 白色【二个装】加厚加粗,无售后或售后取消,19.7	,79143054014108	,中通快递,四川省,达州市,	
260921-597656901203273,已发货，待收货,1	,2026-09-21 14:19:25,	,444093761930	,"雪花白,七钩 【加厚加粗】(2个装)",无售后或售后取消,19.9	,79143054013898	,中通快递,河北省,沧州市,	
260921-479576789421055,已发货，待收货,1	,2026-09-21 14:06:51,	,444093761930	,"雪花白,七钩 【加厚加粗】(2个装)",无售后或售后取消,19.9	,79143054189198	,中通快递,内蒙古自治区,呼和浩特市,	
260921-362807355691958,已发货，待收货,1	,2026-09-21 13:33:36,	,444093761930	,"雪花白,七钩 【加厚加粗】(2个装)",无售后或售后取消,19.9	,79143054014044	,中通快递,黑龙江省,黑河市,	
260921-343974909582330,已发货，待收货,1	,2026-09-21 11:21:09,	,444093761930	,"经典黑,淘气猫 【加厚加粗】(2个装)",无售后或售后取消,15.85	,79143054003712	,中通快递,吉林省,吉林市,	
260921-359493865761148,已发货，待收货,1	,2026-09-21 11:00:17,	,444093761930	,"经典黑,七钩 【加厚加粗】(2个装)",无售后或售后取消,19.9	,79143054003738	,中通快递,广东省,东莞市,	
260921-604483152281259,已发货，待收货,1	,2026-09-21 10:54:13,	,444093761930	,"经典黑,七钩 【加厚加粗】(2个装)",无售后或售后取消,19.9	,79143054189216	,中通快递,广东省,东莞市,	
260921-375841103493881,已取消,1	,	,	,476214691883	,"加粗五钩 白色,2个装",无售后或售后取消,8.02	,	,	,****,****,	
260921-437885407653438,已发货，待收货,1	,2026-09-21 10:18:24,	,444093761930	,"经典黑,七钩 【加厚加粗】(2个装)",无售后或售后取消,19.9	,79143054013964	,中通快递,四川省,宜宾市,	
260921-245933074831851,已发货，待收货,1	,2026-09-21 10:04:59,	,444093761930	,"经典黑,七钩 【加厚加粗】(2个装)",无售后或售后取消,19.9	,79143054013949	,中通快递,广东省,湛江市,	
260921-037717358903410,已发货，待收货,1	,2026-09-21 09:53:13,	,444093761930	,"经典黑,七钩 【加厚加粗】(2个装)",无售后或售后取消,19.9	,79143054003794	,中通快递,重庆市,重庆市,	
260921-020279477852062,已发货，待收货,1	,2026-09-21 09:39:39,	,444093761930	,"咖啡色,七钩 【加厚加粗】(2个装)",无售后或售后取消,18.4	,79143054189172	,中通快递,湖北省,宜昌市,	
260921-106598243881094,已发货，待收货,1	,2026-09-21 08:27:00,	,476214691883	,"加粗五钩 玫瑰金,1个装",无售后或售后取消,8.47	,79143054189236	,中通快递,上海市,上海市,	
260921-473515978301035,已发货，待收货,1	,2026-09-21 08:05:28,	,444093761930	,"咖啡色,七钩【加厚加粗】 (3个装)",无售后或售后取消,25.9	,79143054003804	,中通快递,湖南省,常德市,	
260921-000304136571244,已发货，待收货,1	,2026-09-21 08:04:20,	,444093761930	,"经典黑,七钩 【加厚加粗】(2个装)",无售后或售后取消,19.9	,79143054003817	,中通快递,湖北省,随州市,	
260921-367368640014023,已发货，待收货,1	,2026-09-21 07:41:55,	,444093761930	,"雪花白,七钩 【加厚加粗】(2个装)",无售后或售后取消,19.9	,79143054013977	,中通快递,安徽省,六安市,	
260921-092379553341035,未发货，退款成功,1	,2026-09-21 07:28:41,	,444093761930	,"经典黑,七钩【加厚加粗】 (3个装)",退款成功,25.9	,	,	,****,****,	
260921-048234555691196,已发货，待收货,2	,2026-09-21 06:23:47,	,444093761930	,"经典黑,七钩 【加厚加粗】(4个装)",无售后或售后取消,60.61	,79143054003886	,中通快递,河南省,洛阳市,	
260921-291902594703175,已发货，待收货,1	,2026-09-21 06:16:11,	,444093761930	,"经典黑,七钩 【加厚加粗】(2个装)",无售后或售后取消,19.9	,79143054003820	,中通快递,上海市,上海市,	
260921-461541292452771,已发货，待收货,1	,2026-09-21 05:39:43,	,444093761930	,"雪花白,七钩 【加厚加粗】(2个装)",无售后或售后取消,19.9	,79143054189223	,中通快递,湖南省,张家界市,	
260921-234671389092771,已发货，待收货,1	,2026-09-21 05:39:18,	,444093761930	,"雪花白,七钩 【加厚加粗】(2个装)",无售后或售后取消,19.9	,79143054189223	,中通快递,湖南省,张家界市,	
260921-451307190711221,已发货，待收货,1	,2026-09-21 05:34:34,	,444093761930	,"咖啡色,淘气猫 【加厚加粗】(2个装)",无售后或售后取消,15.85	,79143054189315	,中通快递,四川省,达州市,	
260921-577052424484054,已发货，待收货,1	,2026-09-21 04:17:56,	,444093761930	,"经典黑,七钩【加厚加粗】 (3个装)",无售后或售后取消,25.9	,79143054189185	,中通快递,河南省,周口市,	
260920-026707280251711,已发货，待收货,1	,2026-09-20 22:55:24,	,444093761930	,"经典黑,七钩 【加厚加粗】(2个装)",无售后或售后取消,19.9	,79143054003753	,中通快递,吉林省,长春市,	
260920-642247575102931,已发货，待收货,1	,2026-09-20 22:32:12,	,444093761930	,"雪花白,七钩 【加厚加粗】(2个装)",无售后或售后取消,19.9	,79143054003909	,中通快递,贵州省,遵义市,	
260920-610203082342393,已发货，待收货,1	,2026-09-20 22:23:23,	,444093761930	,"经典黑,淘气猫 【加厚加粗】(1个装)",无售后或售后取消,11.9	,79143054013908	,中通快递,广东省,佛山市,	
260920-590500381081319,已发货，待收货,1	,2026-09-20 22:11:45,	,444093761930	,"经典黑,七钩【加厚加粗】 (3个装)",无售后或售后取消,25.9	,79143054003779	,中通快递,湖北省,黄石市,	
260920-217417008672398,已发货，待收货,1	,2026-09-20 21:58:27,	,444093761930	,"经典黑,七钩 【加厚加粗】(2个装)",无售后或售后取消,19.9	,79143054003781	,中通快递,吉林省,延边朝鲜族自治州,	
260920-456702093691326,未发货，退款成功,1	,2026-09-20 21:38:12,	,444093761930	,"经典黑,七钩 【加厚加粗】(2个装)",退款成功,19.9	,	,	,****,****,	
260920-059082084781707,已发货，待收货,1	,2026-09-20 21:38:23,	,444093761930	,"经典黑,七钩 【加厚加粗】(2个装)",无售后或售后取消,19.9	,79143054013885	,中通快递,广东省,中山市,	
260920-046546338171326,已发货，待收货,1	,2026-09-20 21:36:02,	,444093761930	,"经典黑,七钩 【加厚加粗】(2个装)",无售后或售后取消,19.9	,79143054013992	,中通快递,湖北省,省直辖县级行政区划,	
260920-267266332223703,已发货，待收货,1	,2026-09-20 21:33:30,	,444093761930	,"咖啡色,七钩 【加厚加粗】(2个装)",无售后或售后取消,18.4	,79143054003845	,中通快递,陕西省,渭南市,	
260920-352919273850938,已发货，待收货,1	,2026-09-20 20:24:02,	,444093761930	,"咖啡色,七钩 【加厚加粗】(2个装)",无售后或售后取消,18.4	,79143054003832	,中通快递,福建省,泉州市,	
260920-664461719913004,未发货，退款成功,1	,2026-09-20 20:14:19,	,444093761930	,"咖啡色,七钩 【加厚加粗】(2个装)",退款成功,18.4	,	,	,****,****,	
260920-064151939493511,已发货，待收货,1	,2026-09-20 20:11:51,	,444093761930	,"金色,七钩 【加厚加粗】(2个装)",无售后或售后取消,24.9	,79143054003766	,中通快递,安徽省,合肥市,	
260920-599795975830154,已发货，待收货,1	,2026-09-20 19:49:37,	,476214691883	,"加粗五钩 白色,3个装",无售后或售后取消,14.47	,79143054013951	,中通快递,安徽省,宿州市,	
260920-645713150362738,未发货，退款成功,1	,2026-09-20 19:29:03,	,458566953501	,"一个挂钩配4个延长钩,黑色",退款成功,17.9	,	,	,****,****,	
260920-664933568813218,已发货，待收货,1	,2026-09-20 19:13:18,	,455666400497	,"双层挂钩/总长41,古铜色",无售后或售后取消,25.9	,79143054013829	,中通快递,浙江省,杭州市,	
260920-097821683333881,已取消,1	,	,	,476214691883	,"加粗五钩 白色,2个装",无售后或售后取消,8.02	,	,	,****,****,	
260920-148876838533881,已取消,1	,	,	,476214691883	,"加粗五钩 白色,2个装",无售后或售后取消,8.02	,	,	,****,****,	
260920-086832648490340,已发货，待收货,1	,2026-09-20 15:18:40,	,444093761930	,"经典黑,七钩 【加厚加粗】(2个装)",无售后或售后取消,19.9	,79142738078567	,中通快递,四川省,成都市,	
260920-079786176050785,已发货，待收货,1	,2026-09-20 15:05:51,	,455666400497	,"单层挂钩/可挂门/23cm,黑色",无售后或售后取消,13.21	,79142737823162	,中通快递,河北省,保定市,	
260920-513131211173469,已发货，待收货,1	,2026-09-20 15:03:34,	,444093761930	,"经典黑,淘气猫 【加厚加粗】(1个装)",无售后或售后取消,11.9	,79142737824965	,中通快递,四川省,成都市,	
260920-575794133432015,已发货，待收货,1	,2026-09-20 14:48:16,	,444093761930	,"雪花白,七钩 【加厚加粗】(2个装)",无售后或售后取消,19.9	,79142738078582	,中通快递,江苏省,南京市,	
260920-302073781863159,已发货，待收货,1	,2026-09-20 14:40:53,	,444093761930	,"经典黑,七钩 【加厚加粗】(2个装)",无售后或售后取消,19.9	,79142737823068	,中通快递,广东省,深圳市,	
260920-654500237650912,已发货，待收货,1	,2026-09-20 14:38:20,	,444093761930	,"经典黑,七钩【加厚加粗】 (3个装)",无售后或售后取消,25.9	,79142737836211	,中通快递,湖南省,长沙市,	
260920-356956311861164,已发货，待收货,1	,2026-09-20 14:11:37,	,455666400497	,"双层挂钩/总长41,古铜色",无售后或售后取消,25.9	,79142737825017	,中通快递,湖南省,长沙市,	
260920-204304628151762,已发货，待收货,1	,2026-09-20 13:33:27,	,444093761930	,"经典黑,七钩 【加厚加粗】(2个装)",无售后或售后取消,16.9	,79142737823147	,中通快递,浙江省,绍兴市,	
260920-513990991482873,已发货，待收货,1	,2026-09-20 13:26:27,	,444093761930	,"经典黑,七钩 【加厚加粗】(2个装)",无售后或售后取消,19.9	,79142737835879	,中通快递,广东省,广州市,	
260920-155042507150394,已发货，待收货,1	,2026-09-20 13:23:40,	,476214691883	,"加粗五钩 古铜色,1个装",无售后或售后取消,7.67	,79142737823027	,中通快递,重庆市,重庆市,	
260920-226995802530206,已发货，待收货,1	,2026-09-20 13:11:08,	,444093761930	,"经典黑,七钩 【加厚加粗】(2个装)",无售后或售后取消,19.9	,79142738078450	,中通快递,安徽省,阜阳市,	
260920-194752080180509,已发货，待收货,1	,2026-09-20 13:10:28,	,444093761930	,"经典黑,淘气猫 【加厚加粗】(1个装)",无售后或售后取消,11.9	,79142737824952	,中通快递,河北省,石家庄市,	
260920-664692354671375,已发货，待收货,1	,2026-09-20 11:05:03,	,444093761930	,"经典黑,七钩 【加厚加粗】(2个装)",无售后或售后取消,19.9	,79142737823030	,中通快递,江苏省,无锡市,	
260920-174567002403153,已发货，待收货,1	,2026-09-20 10:59:37,	,444093761930	,"经典黑,七钩 【加厚加粗】(2个装)",无售后或售后取消,19.9	,79142738078526	,中通快递,贵州省,毕节市,	
260920-044889546290901,已发货，退款成功,1	,2026-09-20 10:44:02,	,476214691883	,"加粗五钩 白色,2个装",退款成功,8.02	,79142737823076	,中通快递,****,****,	
260920-583060723222845,已发货，待收货,1	,2026-09-20 10:40:52,	,446257663504	,七钩 白色【二个装】加厚加粗,无售后或售后取消,19.7	,79142737836081	,中通快递,甘肃省,庆阳市,	
260920-049052413512029,已发货，待收货,1	,2026-09-20 10:01:05,	,444093761930	,"经典黑,七钩 【加厚加粗】(2个装)",无售后或售后取消,19.9	,79142738078506	,中通快递,甘肃省,兰州市,	
260920-620683619932341,已发货，待收货,1	,2026-09-20 09:58:37,	,444093761930	,"经典黑,七钩 【加厚加粗】(4个装)",无售后或售后取消,31.9	,79142738078513	,中通快递,广东省,梅州市,	
260920-466448565863037,已收货,1	,2026-09-20 09:25:26,2026-09-22 14:47:53,444093761930	,"咖啡色,七钩 【加厚加粗】(2个装)",无售后或售后取消,18.4	,79142737835800	,中通快递,****,****,	
260920-526552952382673,已发货，待收货,1	,2026-09-20 09:11:44,	,444093761930	,"雪花白,七钩 【加厚加粗】(2个装)",无售后或售后取消,19.9	,79142738078222	,中通快递,安徽省,阜阳市,	
260920-625077153350922,已发货，待收货,1	,2026-09-20 08:27:29,	,444093761930	,"经典黑,七钩【加厚加粗】 (3个装)",无售后或售后取消,25.9	,79142737823150	,中通快递,天津市,天津市,	
260920-153060646491145,已发货，待收货,1	,2026-09-20 07:51:29,	,476214691883	,"加粗五钩 白色,2个装",无售后或售后取消,8.02	,79142737836012	,中通快递,黑龙江省,牡丹江市,	
260920-397840258683904,已发货，待收货,1	,2026-09-20 06:22:25,	,444093761930	,"经典黑,淘气猫 【加厚加粗】(1个装)",无售后或售后取消,11.9	,79142737823096	,中通快递,黑龙江省,佳木斯市,	
260919-069772306793329,已发货，待收货,1	,2026-09-19 22:14:16,	,444093761930	,"雪花白,七钩 【加厚加粗】(2个装)",无售后或售后取消,19.9	,79142738078330	,中通快递,山西省,太原市,	
260919-355509266860371,已发货，待收货,1	,2026-09-19 20:43:05,	,476214691883	,"加粗五钩 黑色,1个装",无售后或售后取消,7.67	,79142738078421	,中通快递,四川省,成都市,	
260919-637670540853103,已发货，待收货,1	,2026-09-19 17:30:30,	,444093761930	,"咖啡色,七钩 【加厚加粗】(2个装)",无售后或售后取消,18.4	,79142737823014	,中通快递,广西壮族自治区,南宁市,	
260919-183469370902490,已发货，待收货,1	,2026-09-19 17:06:36,	,444093761930	,"经典黑,七钩 【加厚加粗】(2个装)",无售后或售后取消,19.9	,79142738078447	,中通快递,黑龙江省,佳木斯市,	
260919-524382431532202,已发货，待收货,2	,2026-09-19 16:56:56,	,455666400497	,"双层挂钩/总长41,古铜色",无售后或售后取消,49.21	,79142737835958	,中通快递,广东省,广州市,	
260919-449629417010447,已发货，待收货,1	,2026-09-19 16:46:27,	,444093761930	,"经典黑,七钩 【加厚加粗】(2个装)",无售后或售后取消,19.9	,79142738078263	,中通快递,河南省,开封市,	
260919-561491515022891,已发货，待收货,1	,2026-09-19 15:46:07,	,444093761930	,"雪花白,七钩【加厚加粗】 (3个装)",无售后或售后取消,25.9	,79142737824993	,中通快递,河北省,邯郸市,	
260919-487598333532401,已发货，待收货,1	,2026-09-19 15:23:51,	,444093761930	,"咖啡色,七钩 【加厚加粗】(2个装)",无售后或售后取消,18.4	,79142737835881	,中通快递,上海市,上海市,	
260919-169848378991585,已发货，待收货,1	,2026-09-19 14:37:47,	,444093761930	,"经典黑,淘气猫 【加厚加粗】(1个装)",无售后或售后取消,11.9	,79142408773736	,中通快递,吉林省,松原市,	
260919-044596017443496,已发货，退款成功,1	,2026-09-19 14:24:49,	,444093761930	,"经典黑,七钩【加厚加粗】 (3个装)",退款成功,25.9	,79142408782890	,中通快递,****,****,	
260919-248638379630675,已发货，待收货,1	,2026-09-19 13:35:57,	,444093761930	,"经典黑,七钩 【加厚加粗】(2个装)",无售后或售后取消,19.9	,79142408793946	,中通快递,广东省,东莞市,	
260919-247505949024057,已发货，待收货,1	,2026-09-19 13:27:10,	,444093761930	,"经典黑,七钩 【加厚加粗】(2个装)",无售后或售后取消,19.9	,79142408793974	,中通快递,福建省,龙岩市,	
260919-417931006302010,已发货，待收货,1	,2026-09-19 13:20:56,	,444093761930	,"经典黑,七钩 【加厚加粗】(2个装)",无售后或售后取消,19.9	,79142408794146	,中通快递,黑龙江省,绥化市,	
260919-555514652961134,已发货，待收货,1	,2026-09-19 13:05:33,	,444093761930	,"经典黑,七钩 【加厚加粗】(2个装)",无售后或售后取消,19.9	,79142408773802	,中通快递,安徽省,芜湖市,	
260919-038975608363742,已发货，待收货,1	,2026-09-19 13:02:25,	,444093761930	,"经典黑,七钩 【加厚加粗】(4个装)",无售后或售后取消,31.9	,79142408794126	,中通快递,河北省,承德市,	
260919-309204150643658,已发货，待收货,1	,2026-09-19 12:40:47,	,444093761930	,"雪花白,七钩 【加厚加粗】(2个装)",无售后或售后取消,19.9	,79142408773723	,中通快递,陕西省,咸阳市,	
260919-168202094230916,已发货，待收货,1	,2026-09-19 12:15:26,	,444093761930	,"咖啡色,七钩【加厚加粗】 (3个装)",无售后或售后取消,25.9	,79142408774084	,中通快递,陕西省,咸阳市,	
260919-303185282710916,未发货，退款成功,1	,2026-09-19 12:14:44,	,444093761930	,"经典黑,七钩【加厚加粗】 (3个装)",退款成功,25.9	,	,	,****,****,	
260919-300354147962107,已发货，待收货,1	,2026-09-19 11:22:24,	,444093761930	,"经典黑,淘气猫 【加厚加粗】(1个装)",无售后或售后取消,11.9	,79142408793961	,中通快递,江苏省,徐州市,	
260919-571725585931359,已收货,1	,2026-09-19 09:35:00,2026-09-22 08:51:01,444093761930	,"经典黑,七钩 【加厚加粗】(2个装)",无售后或售后取消,16.9	,79142408794118	,中通快递,****,****,	
260919-432957058701699,已发货，待收货,1	,2026-09-19 09:04:53,	,444093761930	,"经典黑,七钩 【加厚加粗】(2个装)",无售后或售后取消,19.9	,79142408773764	,中通快递,山东省,济南市,	
260919-291598517791579,已发货，待收货,1	,2026-09-19 08:56:40,	,444093761930	,"经典黑,淘气猫 【加厚加粗】(1个装)",无售后或售后取消,11.9	,79142408794133	,中通快递,江苏省,无锡市,	
260919-345033961022320,已发货，待收货,1	,2026-09-19 08:41:07,	,444093761930	,"经典黑,七钩 【加厚加粗】(2个装)",无售后或售后取消,9.9	,79142408782713	,中通快递,福建省,厦门市,	
260919-428385267321384,已发货，待收货,1	,2026-09-19 08:26:21,	,444093761930	,"雪花白,七钩 【加厚加粗】(2个装)",无售后或售后取消,19.9	,79142408782805	,中通快递,江苏省,苏州市,	
260919-657121677664025,未发货，退款成功,1	,2026-09-19 08:03:46,	,444093761930	,"经典黑,七钩 【加厚加粗】(2个装)",退款成功,19.9	,	,	,****,****,	
260919-070349033851080,已发货，待收货,1	,2026-09-19 07:44:32,	,444093761930	,"雪花白,七钩 【加厚加粗】(2个装)",无售后或售后取消,19.9	,79142408773698	,中通快递,河北省,保定市,	
260919-040443656523927,已发货，待收货,1	,2026-09-19 06:08:17,	,444093761930	,"经典黑,七钩 【加厚加粗】(2个装)",无售后或售后取消,19.9	,79142408773716	,中通快递,江苏省,宿迁市,	
260919-399675235973764,已发货，待收货,1	,2026-09-19 01:06:53,	,444093761930	,"经典黑,七钩 【加厚加粗】(2个装)",无售后或售后取消,19.9	,79142408782706	,中通快递,福建省,福州市,	
260918-524424343153356,已收货,1	,2026-09-18 23:42:41,2026-09-22 17:02:53,444093761930	,"咖啡色,七钩 【加厚加粗】(2个装)",无售后或售后取消,18.4	,79142408793926	,中通快递,****,****,	
260918-593001265593695,已发货，待收货,1	,2026-09-18 23:42:00,	,444093761930	,"经典黑,淘气猫 【加厚加粗】(1个装)",无售后或售后取消,11.9	,79142408782861	,中通快递,广东省,茂名市,	
260918-392838562121758,已发货，待收货,1	,2026-09-18 22:28:44,	,444093761930	,"经典黑,七钩 【加厚加粗】(4个装)",无售后或售后取消,31.9	,79142408773780	,中通快递,四川省,德阳市,	
260918-042194778460143,已发货，待收货,1	,2026-09-18 22:19:30,	,444093761930	,"经典黑,七钩 【加厚加粗】(4个装)",无售后或售后取消,31.9	,79142408794174	,中通快递,重庆市,重庆市,	
260918-403261386290091,已发货，待收货,1	,2026-09-18 22:13:41,	,444093761930	,"经典黑,七钩【加厚加粗】 (3个装)",无售后或售后取消,25.9	,79142408782688	,中通快递,江苏省,苏州市,	
260918-434844547401729,已发货，待收货,1	,2026-09-18 21:26:21,	,444093761930	,"经典黑,淘气猫 【加厚加粗】(1个装)",无售后或售后取消,11.9	,79142408782696	,中通快递,江苏省,苏州市,	
260918-660959403543500,已发货，待收货,1	,2026-09-18 21:23:01,	,444093761930	,"经典黑,七钩 【加厚加粗】(2个装)",无售后或售后取消,19.9	,79142408793959	,中通快递,北京市,北京市,	
260918-348724928090724,已发货，待收货,1	,2026-09-18 21:18:49,	,476214691883	,"加粗五钩 玫瑰金,2个装",无售后或售后取消,10.77	,79142408773792	,中通快递,四川省,成都市,	
260918-099426014862326,已发货，待收货,1	,2026-09-18 21:12:11,	,444093761930	,"经典黑,七钩 【加厚加粗】(2个装)",无售后或售后取消,19.9	,79142408782675	,中通快递,海南省,省直辖县级行政区划,	
260918-324786000262008,已发货，待收货,1	,2026-09-18 19:51:43,	,444093761930	,"经典黑,淘气猫 【加厚加粗】(1个装)",无售后或售后取消,11.9	,79142408773777	,中通快递,山东省,威海市,	
260918-387522281781833,已收货,1	,2026-09-18 19:38:35,2026-09-22 09:35:49,444093761930	,"咖啡色,七钩【加厚加粗】 (3个装)",无售后或售后取消,25.9	,79142408782887	,中通快递,****,****,	
260918-395617267302968,已发货，待收货,1	,2026-09-18 19:31:50,	,444093761930	,"金色,七钩【加厚加粗】 (3个装)",无售后或售后取消,35.9	,79142408782782	,中通快递,广东省,佛山市,	
260918-015833536080018,已发货，待收货,1	,2026-09-18 18:59:32,	,444093761930	,"经典黑,七钩 【加厚加粗】(2个装)",无售后或售后取消,19.9	,79142408794054	,中通快递,江苏省,南京市,	
260918-248428695993303,已发货，待收货,1	,2026-09-18 18:58:43,	,444093761930	,"咖啡色,七钩 【加厚加粗】(2个装)",无售后或售后取消,18.4	,79142408794039	,中通快递,浙江省,杭州市,	
260918-350685785683573,已发货，待收货,1	,2026-09-18 18:37:24,	,444093761930	,"经典黑,七钩 【加厚加粗】(2个装)",无售后或售后取消,19.9	,79142408794159	,中通快递,上海市,上海市,	
260918-028940767522113,已发货，待收货,1	,2026-09-18 18:01:33,	,444093761930	,"经典黑,七钩 【加厚加粗】(2个装)",无售后或售后取消,19.9	,79142408794026	,中通快递,湖南省,益阳市,	
260918-466805081660701,未发货，退款成功,1	,2026-09-18 16:40:35,	,446257663504	,七钩 黑色【一个装】加厚加粗,退款成功,12.77	,	,	,****,****,	
260918-538800320131264,未发货，退款成功,1	,2026-09-18 16:22:10,	,458566953501	,"7个延长钩/不可挂门,黑色",退款成功,15.9	,	,	,****,****,	
260918-061677300062594,未发货，退款成功,1	,2026-09-18 16:21:43,	,444093761930	,"经典黑,七钩 【加厚加粗】(2个装)",退款成功,19.9	,	,	,****,****,	
260918-099363079743607,待发货,1	,2026-09-18 15:02:48,	,444093761930	,"经典黑,七钩 【加厚加粗】(2个装)",无售后或售后取消,19.9	,	,	,贵州省,铜仁市,	
260918-303227246140240,已发货，待收货,1	,2026-09-18 15:00:03,	,444093761930	,"经典黑,七钩 【加厚加粗】(2个装)",无售后或售后取消,19.9	,79142121374794	,中通快递,云南省,迪庆藏族自治州,	
260918-080216123831759,已发货，待收货,1	,2026-09-18 14:13:50,	,444093761930	,"经典黑,七钩【加厚加粗】 (3个装)",无售后或售后取消,25.9	,79142121263574	,中通快递,湖南省,常德市,	
260918-123857867092190,已发货，待收货,5	,2026-09-18 13:54:04,	,444093761930	,"咖啡色,七钩 【加厚加粗】(2个装)",无售后或售后取消,87.4	,79142121273624	,中通快递,黑龙江省,鸡西市,	
260918-621606408570794,未发货，退款成功,1	,2026-09-18 13:02:56,	,444093761930	,"经典黑,七钩 【加厚加粗】(2个装)",退款成功,19.9	,	,	,****,****,	
260918-402275746082069,已收货,1	,2026-09-18 12:20:35,2026-09-20 18:48:36,444093761930	,"金色,七钩【加厚加粗】 (3个装)",无售后或售后取消,35.9	,79142121273206	,中通快递,****,****,	
260918-216090570303637,已发货，待收货,1	,2026-09-18 12:10:07,	,444093761930	,"经典黑,七钩 【加厚加粗】(2个装)",无售后或售后取消,19.9	,79142121263505	,中通快递,江苏省,苏州市,	
260918-120481431840463,已发货，退款成功,1	,2026-09-18 11:50:26,	,444093761930	,"经典黑,七钩 【加厚加粗】(4个装)",退款成功,31.9	,79142121263495	,中通快递,****,****,	
260918-207167240493249,已收货,1	,2026-09-18 11:42:51,2026-09-21 19:08:18,444093761930	,"经典黑,淘气猫 【加厚加粗】(1个装)",无售后或售后取消,11.9	,79142121273188	,中通快递,****,****,	
260918-309560635023117,已发货，待收货,1	,2026-09-18 10:16:47,	,444093761930	,"经典黑,七钩 【加厚加粗】(2个装)",无售后或售后取消,19.9	,79142121273652	,中通快递,湖南省,益阳市,	
260918-644832356763809,已发货，退款成功,1	,2026-09-18 10:13:51,	,476214691883	,"加粗五钩 玫瑰金,2个装",退款成功,8.77	,79142121273196	,中通快递,河北省,邯郸市,	
260918-292552711830405,已发货，待收货,1	,2026-09-18 10:13:43,	,444093761930	,"经典黑,七钩 【加厚加粗】(4个装)",无售后或售后取消,31.9	,79142121273611	,中通快递,河北省,邢台市,	
260918-079670874423303,已收货,1	,2026-09-18 07:11:39,2026-09-21 16:19:30,444093761930	,"经典黑,淘气猫 【加厚加粗】(1个装)",无售后或售后取消,11.9	,79142121263625	,中通快递,****,****,	
260917-493764032950572,已收货,1	,2026-09-17 23:54:04,2026-09-21 14:22:22,476214691883	,"加粗五钩 玫瑰金,1个装",无售后或售后取消,4.79	,79142121263653	,中通快递,****,****,	
260917-090775284020665,已收货,1	,2026-09-17 21:03:13,2026-09-21 15:10:15,444093761930	,"雪花白,七钩 【加厚加粗】(2个装)",无售后或售后取消,19.9	,79142121273637	,中通快递,****,****,	
260917-662070946190330,已发货，待收货,1	,2026-09-17 19:47:08,	,444093761930	,"经典黑,七钩【加厚加粗】 (3个装)",无售后或售后取消,25.9	,79142121273162	,中通快递,黑龙江省,绥化市,	
260917-549936197142601,已发货，待收货,1	,2026-09-17 19:36:54,	,444093761930	,"咖啡色,七钩 【加厚加粗】(4个装)",无售后或售后取消,31.9	,79142121263600	,中通快递,黑龙江省,鸡西市,	
260917-277998476931242,已发货，待收货,1	,2026-09-17 19:16:47,	,444093761930	,"经典黑,七钩 【加厚加粗】(2个装)",无售后或售后取消,19.9	,79142121273213	,中通快递,安徽省,宿州市,	
260917-336928500121618,已收货,1	,2026-09-17 18:57:02,2026-09-21 17:39:01,444093761930	,"经典黑,七钩 【加厚加粗】(2个装)",无售后或售后取消,19.9	,79142121374909	,中通快递,****,****,	
260917-134574251603856,已发货，待收货,1	,2026-09-17 17:42:32,	,444093761930	,"经典黑,七钩 【加厚加粗】(2个装)",无售后或售后取消,19.9	,79142121273267	,中通快递,河南省,漯河市,	
260917-169240184470747,已收货,1	,2026-09-17 17:38:49,2026-09-20 19:26:34,444093761930	,"经典黑,七钩 【加厚加粗】(2个装)",无售后或售后取消,19.9	,79142121273609	,中通快递,****,****,	
260917-165643568783155,已发货，待收货,1	,2026-09-17 16:32:09,	,444093761930	,"经典黑,七钩 【加厚加粗】(2个装)",无售后或售后取消,19.9	,79142121263590	,中通快递,四川省,成都市,	
260917-374519918230182,已发货，待收货,1	,2026-09-17 16:23:36,	,444093761930	,"经典黑,淘气猫 【加厚加粗】(1个装)",无售后或售后取消,11.9	,79142121273566	,中通快递,河北省,石家庄市,	
260917-228526702913926,未发货，退款成功,1	,2026-09-17 15:54:41,	,444093761930	,"雪花白,七钩 【加厚加粗】(2个装)",退款成功,19.9	,	,	,****,****,	
260917-406574928211840,已收货,1	,2026-09-17 14:29:45,2026-09-20 10:11:49,476214691883	,"加粗五钩 白色,2个装",无售后或售后取消,8.02	,79141783067608	,中通快递,****,****,	
260917-409531880963095,已发货，待收货,1	,2026-09-17 14:16:34,	,444093761930	,"雪花白,淘气猫 【加厚加粗】(2个装)",无售后或售后取消,15.85	,79141783067715	,中通快递,内蒙古自治区,鄂尔多斯市,	
260917-591019436333444,已取消,1	,	,	,444093761930	,"金色,七钩 【加厚加粗】(2个装)",无售后或售后取消,24.9	,	,	,****,****,	
260917-535088340610712,已发货，待收货,1	,2026-09-17 13:47:47,	,444093761930	,"咖啡色,淘气猫 【加厚加粗】(3个装)",无售后或售后取消,25.9	,79141782993812	,中通快递,黑龙江省,哈尔滨市,	
260917-624280235520771,已发货，待收货,1	,2026-09-17 12:46:09,	,444093761930	,"经典黑,七钩 【加厚加粗】(2个装)",无售后或售后取消,19.9	,79141782993904	,中通快递,天津市,天津市,	
260917-593745682031276,已发货，待收货,1	,2026-09-17 11:37:20,	,444093761930	,"经典黑,七钩 【加厚加粗】(2个装)",无售后或售后取消,19.9	,79141783067649	,中通快递,天津市,天津市,	
260917-217978038613306,已发货，待收货,1	,2026-09-17 11:32:10,	,444093761930	,"经典黑,七钩【加厚加粗】 (1个装)",无售后或售后取消,11.9	,79141783075313	,中通快递,广东省,中山市,	
260917-599387031173382,已发货，待收货,1	,2026-09-17 11:10:48,	,446257663504	,七钩 古铜【二个装】加厚加粗,无售后或售后取消,19.7	,79141782993917	,中通快递,湖南省,长沙市,	
260917-434655751803658,已发货，待收货,1	,2026-09-17 11:01:38,	,444093761930	,"咖啡色,淘气猫 【加厚加粗】(2个装)",无售后或售后取消,15.85	,79141783075418	,中通快递,河北省,秦皇岛市,	
260917-638184395143681,已发货，待收货,1	,2026-09-17 10:50:15,	,444093761930	,"经典黑,七钩【加厚加粗】 (1个装)",无售后或售后取消,11.9	,79141783067585	,中通快递,北京市,北京市,	
260917-088269177143558,已发货，待收货,1	,2026-09-17 10:40:52,	,476214691883	,"加粗五钩 白色,2个装",无售后或售后取消,8.02	,79141783067544	,中通快递,北京市,北京市,	
260917-034854674051979,已发货，待收货,1	,2026-09-17 10:05:36,	,444093761930	,"经典黑,七钩 【加厚加粗】(2个装)",无售后或售后取消,19.9	,79141783075250	,中通快递,江苏省,南京市,	
260917-332828588342689,未发货，退款成功,1	,2026-09-17 08:28:02,	,444093761930	,"经典黑,七钩【加厚加粗】 (1个装)",退款成功,11.9	,	,	,****,****,	
260917-301151055513550,已发货，待收货,1	,2026-09-17 07:54:26,	,444093761930	,"金色,七钩 【加厚加粗】(2个装)",无售后或售后取消,24.9	,79141783075247	,中通快递,天津市,天津市,	
260917-423016589732551,已发货，待收货,1	,2026-09-17 07:01:52,	,444093761930	,"咖啡色,七钩 【加厚加粗】(2个装)",无售后或售后取消,18.4	,79141782993682	,中通快递,山东省,聊城市,	
260917-210155661650215,已发货，待收货,1	,2026-09-17 07:00:59,	,444093761930	,"雪花白,七钩 【加厚加粗】(2个装)",无售后或售后取消,19.9	,79141783075234	,中通快递,河南省,濮阳市,	
260917-122704413020950,已发货，待收货,1	,2026-09-17 06:56:10,	,444093761930	,"经典黑,七钩【加厚加粗】 (1个装)",无售后或售后取消,11.9	,79141782993966	,中通快递,山西省,太原市,	
260917-517084311131833,已收货,1	,2026-09-17 04:37:31,2026-09-21 09:07:17,444093761930	,"经典黑,七钩 【加厚加粗】(4个装)",无售后或售后取消,31.9	,79141783075433	,中通快递,****,****,	
260917-433754018170006,已发货，待收货,1	,2026-09-17 00:53:38,	,444093761930	,"经典黑,七钩 【加厚加粗】(2个装)",无售后或售后取消,19.9	,79141782993999	,中通快递,四川省,成都市,	
260917-210407309690006,未发货，退款成功,1	,2026-09-17 00:52:23,	,444093761930	,"经典黑,七钩【加厚加粗】 (1个装)",退款成功,11.9	,	,	,****,****,	
260916-433712075043712,已发货，待收货,1	,2026-09-16 23:12:55,	,455666400497	,"双层挂钩/总长41,黑色",无售后或售后取消,25.9	,79141782993761	,中通快递,天津市,天津市,	
260916-381975345491263,已发货，待收货,1	,2026-09-16 22:20:18,	,444093761930	,"经典黑,七钩【加厚加粗】 (1个装)",无售后或售后取消,11.9	,79141783067529	,中通快递,广东省,清远市,	
260916-623472842330670,未发货，退款成功,1	,2026-09-16 21:57:45,	,444093761930	,"经典黑,七钩 【加厚加粗】(2个装)",退款成功,19.9	,	,	,****,****,	
260916-643972482640797,已收货,1	,2026-09-16 21:15:18,2026-09-20 18:02:02,444093761930	,"经典黑,七钩【加厚加粗】 (1个装)",无售后或售后取消,11.9	,79141782993866	,中通快递,****,****,	
260916-527108718910703,已发货，待收货,1	,2026-09-16 21:04:46,	,444093761930	,"经典黑,七钩【加厚加粗】 (1个装)",无售后或售后取消,11.9	,79141782993705	,中通快递,陕西省,渭南市,	
260916-202710730260218,已发货，待收货,1	,2026-09-16 19:44:05,	,444093761930	,"金色,七钩 (3个装)",无售后或售后取消,15.8	,79141783075206	,中通快递,陕西省,咸阳市,	
260916-127181811310057,已发货，待收货,1	,2026-09-16 19:12:31,	,444093761930	,"经典黑,七钩【加厚加粗】 (1个装)",无售后或售后取消,11.9	,79141783067557	,中通快递,湖南省,湘西土家族苗族自治州,	
260916-092652193370930,已发货，待收货,1	,2026-09-16 17:52:35,	,444093761930	,"经典黑,七钩【加厚加粗】 (1个装)",无售后或售后取消,11.9	,79141783067743	,中通快递,河南省,南阳市,	
260916-326883162412566,已发货，待收货,1	,2026-09-16 17:45:36,	,444093761930	,"经典黑,七钩 【加厚加粗】(2个装)",无售后或售后取消,19.9	,79141783067623	,中通快递,福建省,宁德市,	
260916-197604206892566,已取消,1	,	,	,444093761930	,"经典黑,七钩 【加厚加粗】(2个装)",无售后或售后取消,19.9	,	,	,****,****,	
260916-353380626050910,已发货，待收货,1	,2026-09-16 16:50:46,	,444093761930	,"经典黑,七钩【加厚加粗】 (1个装)",无售后或售后取消,11.9	,79141783067452	,中通快递,重庆市,重庆市,	
260916-562047239683967,已发货，待收货,1	,2026-09-16 16:37:30,	,444093761930	,"雪花白,七钩【加厚加粗】 (3个装)",无售后或售后取消,25.9	,79141782993695	,中通快递,辽宁省,铁岭市,	
260916-400094728522209,已收货,3	,2026-09-16 16:31:07,2026-09-20 15:34:53,446257663504	,七钩 白色【二个装】加厚加粗,无售后或售后取消,56.15	,79141783067736	,中通快递,****,****,	
260916-046651195772881,已收货,1	,2026-09-16 16:09:05,2026-09-19 15:26:06,455777893867	,"加粗加厚 淘气猫 白色,1个装",无售后或售后取消,6.93	,79141783067728	,中通快递,****,****,	
260916-293748088473227,已收货,1	,2026-09-16 15:08:47,2026-09-19 09:21:57,444093761930	,"经典黑,七钩 【加厚加粗】(2个装)",无售后或售后取消,19.9	,79141424708989	,中通快递,****,****,	
260916-640354947413001,已发货，待收货,1	,2026-09-16 14:53:09,	,444093761930	,"雪花白,七钩 【加厚加粗】(2个装)",无售后或售后取消,19.9	,79141424678967	,中通快递,重庆市,县,	
260916-411723426133001,已取消,1	,	,	,444093761930	,"经典黑,七钩 【加厚加粗】(2个装)",无售后或售后取消,19.9	,	,	,****,****,	
260916-564396050004030,已取消,1	,	,	,444093761930	,"经典黑,淘气猫 【加厚加粗】(4个装)",无售后或售后取消,31.2	,	,	,****,****,	
260916-174210466233926,已发货，待收货,1	,2026-09-16 14:24:09,	,444093761930	,"经典黑,七钩 【加厚加粗】(2个装)",无售后或售后取消,19.9	,79141424679802	,中通快递,四川省,成都市,	
260916-081684078091098,已取消,1	,	,	,444093761930	,"咖啡色,七钩【加厚加粗】 (3个装)",无售后或售后取消,25.9	,	,	,****,****,	
260916-562886121090479,已发货，待收货,1	,2026-09-16 11:59:19,	,444093761930	,"经典黑,七钩【加厚加粗】 (1个装)",无售后或售后取消,11.9	,79141424708828	,中通快递,广东省,珠海市,	
260916-096091564472139,已发货，待收货,1	,2026-09-16 11:15:14,	,444093761930	,"雪花白,七钩 【加厚加粗】(2个装)",无售后或售后取消,19.9	,79141424678970	,中通快递,广东省,深圳市,	
260916-532141904161644,已发货，待收货,1	,2026-09-16 11:01:05,	,444093761930	,"经典黑,七钩 【加厚加粗】(2个装)",无售后或售后取消,19.9	,79141424708139	,中通快递,重庆市,县,	
260916-633214113402461,已发货，待收货,1	,2026-09-16 10:52:39,	,444093761930	,"咖啡色,七钩【加厚加粗】 (3个装)",无售后或售后取消,25.9	,79141424679088	,中通快递,广东省,惠州市,	
260916-612064356752323,已发货，待收货,1	,2026-09-16 10:45:55,	,444093761930	,"经典黑,淘气猫 【加厚加粗】(1个装)",无售后或售后取消,11.9	,79141424698781	,中通快递,山西省,长治市,	
260916-425648505190508,已发货，待收货,1	,2026-09-16 10:19:20,	,444093761930	,"经典黑,七钩 【加厚加粗】(2个装)",无售后或售后取消,19.9	,79141424697902	,中通快递,安徽省,合肥市,	
260916-155828917801998,已发货，待收货,1	,2026-09-16 09:05:17,	,444093761930	,"金色,七钩 (3个装)",无售后或售后取消,15.8	,79141424679047	,中通快递,河南省,开封市,	
260916-584560228713664,已收货,1	,2026-09-16 08:51:28,2026-09-19 21:46:23,444093761930	,"经典黑,七钩【加厚加粗】 (1个装)",无售后或售后取消,11.9	,79141424697880	,中通快递,****,****,	
260916-614717274432393,已发货，待收货,1	,2026-09-16 08:12:43,	,444093761930	,"咖啡色,七钩 【加厚加粗】(2个装)",无售后或售后取消,13.4	,79141424708126	,中通快递,河北省,保定市,	
260916-557758626084035,已发货，待收货,1	,2026-09-16 07:17:21,	,444093761930	,"经典黑,七钩 【加厚加粗】(2个装)",无售后或售后取消,19.9	,79141424678850	,中通快递,山东省,烟台市,	
260916-110656263763901,已发货，待收货,1	,2026-09-16 06:54:40,	,444093761930	,"雪花白,七钩 【加厚加粗】(2个装)",无售后或售后取消,19.9	,79141424679075	,中通快递,山东省,潍坊市,	
260916-421873589881078,已发货，待收货,1	,2026-09-16 06:18:34,	,512617681482	,"铁艺橱柜门五钩 黑色,1个装",无售后或售后取消,10.9	,79141424678982	,中通快递,黑龙江省,哈尔滨市,	
260916-680441976391416,已收货,1	,2026-09-16 05:47:58,2026-09-18 16:53:13,444093761930	,"经典黑,七钩【加厚加粗】 (1个装)",无售后或售后取消,11.9	,79141424709036	,中通快递,****,****,	
260916-172910231873926,已发货，待收货,1	,2026-09-16 01:08:24,	,444093761930	,"雪花白,七钩 【加厚加粗】(2个装)",无售后或售后取消,16.9	,79141424709028	,中通快递,北京市,北京市,	
260915-568590374453799,已发货，待收货,1	,2026-09-15 23:32:44,	,444093761930	,"咖啡色,七钩 【加厚加粗】(2个装)",无售后或售后取消,18.4	,79141424697892	,中通快递,江苏省,盐城市,	
260915-437245714032961,已收货,1	,2026-09-15 23:29:37,2026-09-19 19:01:17,444093761930	,"经典黑,七钩【加厚加粗】 (1个装)",无售后或售后取消,11.9	,79141424679034	,中通快递,****,****,	
260915-329892555101613,未发货，退款成功,1	,2026-09-15 23:06:35,	,444093761930	,"经典黑,七钩【加厚加粗】 (1个装)",退款成功,11.9	,	,	,****,****,	
260915-264933230221104,已发货，待收货,1	,2026-09-15 23:02:56,	,444093761930	,"经典黑,七钩【加厚加粗】 (1个装)",无售后或售后取消,11.9	,79141424678888	,中通快递,甘肃省,天水市,	
260915-636800232970836,已收货,1	,2026-09-15 23:02:28,2026-09-20 22:05:22,444093761930	,"雪花白,七钩 【加厚加粗】(2个装)",无售后或售后取消,19.9	,79141424708956	,中通快递,****,****,	
260915-464110241422833,已发货，待收货,1	,2026-09-15 22:59:06,	,444093761930	,"经典黑,七钩【加厚加粗】 (1个装)",无售后或售后取消,11.9	,79141424708034	,中通快递,江西省,九江市,	
260915-209526526392015,未发货，退款成功,1	,2026-09-15 22:50:16,	,444093761930	,"经典黑,七钩 【加厚加粗】(2个装)",退款成功,19.9	,	,	,****,****,	
260915-344247560511239,已发货，待收货,1	,2026-09-15 22:43:53,	,444093761930	,"咖啡色,七钩 【加厚加粗】(2个装)",无售后或售后取消,18.4	,79141424708991	,中通快递,吉林省,吉林市,	
260915-448895403663255,已发货，待收货,1	,2026-09-15 22:43:06,	,476214691883	,"加粗五钩 白色,1个装",无售后或售后取消,7.67	,79141424708976	,中通快递,浙江省,台州市,	
260915-411272517181933,已发货，待收货,1	,2026-09-15 22:29:03,	,444093761930	,"经典黑,七钩【加厚加粗】 (1个装)",无售后或售后取消,11.9	,79141424708963	,中通快递,广东省,深圳市,	
260915-642934412813370,已发货，待收货,1	,2026-09-15 21:54:45,	,444093761930	,"经典黑,七钩【加厚加粗】 (1个装)",无售后或售后取消,11.9	,79141424708948	,中通快递,广西壮族自治区,柳州市,	
260915-507038942752825,已收货,1	,2026-09-15 21:43:56,2026-09-20 20:36:59,476214691883	,"加粗五钩 古铜色,2个装",无售后或售后取消,10.6	,79141424698687	,中通快递,****,****,	
260915-054494523022744,已收货,1	,2026-09-15 21:31:40,2026-09-20 11:05:19,444093761930	,"经典黑,七钩【加厚加粗】 (1个装)",无售后或售后取消,11.9	,79141424678862	,中通快递,****,****,	
260915-139062167112464,已发货，待收货,1	,2026-09-15 21:28:18,	,444093761930	,"经典黑,七钩【加厚加粗】 (1个装)",无售后或售后取消,11.9	,79141424697864	,中通快递,云南省,曲靖市,	
260915-481967532412152,已发货，待收货,1	,2026-09-15 21:16:34,	,444093761930	,"雪花白,七钩 【加厚加粗】(2个装)",无售后或售后取消,19.9	,79141424698753	,中通快递,辽宁省,锦州市,	
260915-595989696941336,已发货，待收货,1	,2026-09-15 21:08:16,	,444093761930	,"雪花白,七钩 【加厚加粗】(4个装)",无售后或售后取消,31.9	,79141424708096	,中通快递,山东省,青岛市,	
260915-559268565300430,已收货,1	,2026-09-15 20:44:43,2026-09-18 17:35:45,444093761930	,"经典黑,七钩 【加厚加粗】(4个装)",无售后或售后取消,31.9	,79141424698766	,中通快递,****,****,	
260915-193504274860697,已发货，待收货,1	,2026-09-15 20:37:43,	,444093761930	,"雪花白,七钩 【加厚加粗】(2个装)",无售后或售后取消,19.9	,79141424698794	,中通快递,吉林省,白山市,	
260915-403576011090624,已收货,1	,2026-09-15 19:53:42,2026-09-18 11:58:06,444093761930	,"经典黑,七钩【加厚加粗】 (1个装)",无售后或售后取消,11.9	,79141424708843	,中通快递,****,****,	
260915-562739310080953,已发货，待收货,1	,2026-09-15 18:19:19,	,444093761930	,"经典黑,七钩 【加厚加粗】(4个装)",无售后或售后取消,31.9	,79141424697915	,中通快递,江苏省,宿迁市,	
260915-673018058321623,已收货,1	,2026-09-15 18:17:34,2026-09-20 18:35:26,444093761930	,"经典黑,七钩【加厚加粗】 (1个装)",无售后或售后取消,11.9	,79141424708154	,中通快递,****,****,	
260915-664545605940113,已发货，待收货,1	,2026-09-15 18:10:22,	,444093761930	,"经典黑,七钩【加厚加粗】 (1个装)",无售后或售后取消,11.9	,79141424678906	,中通快递,四川省,巴中市,	
260915-583689868944024,已发货，待收货,1	,2026-09-15 17:52:05,	,444093761930	,"经典黑,七钩 【加厚加粗】(2个装)",无售后或售后取消,19.9	,79141424708935	,中通快递,河北省,保定市,	
260915-335439542700061,已发货，待收货,1	,2026-09-15 17:29:04,	,444093761930	,"经典黑,七钩 【加厚加粗】(2个装)",无售后或售后取消,19.9	,79141424679050	,中通快递,江西省,南昌市,	
260915-592403577130907,未发货，退款成功,1	,2026-09-15 16:01:48,	,444093761930	,"雪花白,七钩【加厚加粗】 (3个装)",退款成功,25.9	,	,	,****,****,	
260915-319480153710125,已发货，待收货,1	,2026-09-15 15:58:43,	,446257663504	,七钩 白色（3个装）,无售后或售后取消,12.77	,79141424679780	,中通快递,陕西省,咸阳市,	
260915-114819079803143,已发货，待收货,1	,2026-09-15 15:47:48,	,444093761930	,"经典黑,七钩【加厚加粗】 (1个装)",无售后或售后取消,11.9	,79141424698804	,中通快递,四川省,成都市,	
260915-294712778393790,已发货，退款成功,1	,2026-09-15 15:30:15,	,444093761930	,"经典黑,七钩【加厚加粗】 (1个装)",退款成功,11.9	,79141203837314	,中通快递,****,****,	
260915-431740752192257,已取消,1	,	,	,444093761930	,"雪花白,七钩 【加厚加粗】(2个装)",无售后或售后取消,19.9	,	,	,****,****,	
260915-385467083051913,已收货,1	,2026-09-15 15:18:17,2026-09-17 18:47:02,444093761930	,"经典黑,七钩【加厚加粗】 (1个装)",无售后或售后取消,11.9	,79141203837330	,中通快递,****,****,	
260915-023362322860718,已收货,1	,2026-09-15 15:08:37,2026-09-17 18:31:50,444093761930	,"咖啡色,七钩 【加厚加粗】(2个装)",无售后或售后取消,18.4	,79141203798264	,中通快递,****,****,	
260915-249582067280147,已发货，待收货,1	,2026-09-15 14:59:19,	,444093761930	,"经典黑,七钩【加厚加粗】 (1个装)",无售后或售后取消,11.9	,79141203837291	,中通快递,湖南省,株洲市,	
260915-487808090491247,已发货，待收货,1	,2026-09-15 14:58:54,	,444093761930	,"经典黑,七钩 【加厚加粗】(2个装)",无售后或售后取消,19.9	,79141203798369	,中通快递,四川省,遂宁市,	
260915-487189388880147,已取消,1	,	,	,444093761930	,"经典黑,七钩【加厚加粗】 (1个装)",无售后或售后取消,11.9	,	,	,****,****,	
260915-022900907600147,已取消,1	,	,	,444093761930	,"经典黑,七钩【加厚加粗】 (1个装)",无售后或售后取消,11.9	,	,	,****,****,	
260915-467287416433877,已发货，待收货,1	,2026-09-15 14:52:37,	,444093761930	,"经典黑,七钩【加厚加粗】 (1个装)",无售后或售后取消,11.9	,79141203798249	,中通快递,四川省,绵阳市,	
260915-544955482522401,已收货,1	,2026-09-15 14:28:47,2026-09-18 17:49:14,444093761930	,"雪花白,七钩 【加厚加粗】(2个装)",无售后或售后取消,19.9	,79141203846126	,中通快递,****,****,	
260915-459926454643152,已发货，待收货,1	,2026-09-15 14:14:04,	,444093761930	,"经典黑,淘气猫 【加厚加粗】(1个装)",无售后或售后取消,6.9	,79141203846095	,中通快递,北京市,北京市,	
260915-135035624990284,已发货，待收货,1	,2026-09-15 12:09:10,	,444093761930	,"咖啡色,七钩 【加厚加粗】(4个装)",无售后或售后取消,31.9	,79141203798223	,中通快递,河南省,驻马店市,	
260915-517514279332003,已发货，待收货,1	,2026-09-15 11:18:38,	,444093761930	,"咖啡色,七钩 【加厚加粗】(2个装)",无售后或售后取消,18.4	,79141203846118	,中通快递,陕西省,西安市,	
260915-296348598561682,已发货，待收货,1	,2026-09-15 11:09:01,	,444093761930	,"经典黑,七钩 【加厚加粗】(2个装)",无售后或售后取消,19.76	,79141203846105	,中通快递,北京市,北京市,	
260915-285611169381665,已发货，退款成功,1	,2026-09-15 10:42:24,	,444093761930	,"雪花白,七钩【加厚加粗】 (3个装)",退款成功,25.9	,79141203798315	,中通快递,****,****,	
260915-169544291951060,已发货，待收货,1	,2026-09-15 09:46:55,	,444093761930	,"经典黑,七钩【加厚加粗】 (1个装)",无售后或售后取消,11.9	,79141203846161	,中通快递,湖北省,鄂州市,	
260915-547021166083340,已发货，待收货,1	,2026-09-15 06:07:53,	,444093761930	,"经典黑,淘气猫 【加厚加粗】(2个装)",无售后或售后取消,15.85	,79141203798277	,中通快递,辽宁省,丹东市,	
260915-481799780643738,已发货，待收货,1	,2026-09-15 05:53:31,	,444093761930	,"咖啡色,七钩 【加厚加粗】(2个装)",无售后或售后取消,18.4	,79141203837256	,中通快递,四川省,乐山市,	
260915-217694912932970,已发货，待收货,1	,2026-09-15 05:49:50,	,444093761930	,"雪花白,七钩【加厚加粗】 (3个装)",无售后或售后取消,25.9	,79141203837368	,中通快递,吉林省,长春市,	
260914-498786701742848,已发货，待收货,1	,2026-09-14 23:19:55,	,444093761930	,"经典黑,七钩 【加厚加粗】(2个装)",无售后或售后取消,19.9	,79141203846187	,中通快递,河南省,新乡市,	
260914-333614978693379,已发货，待收货,1	,2026-09-14 22:54:54,	,444093761930	,"雪花白,七钩 【加厚加粗】(2个装)",无售后或售后取消,19.9	,79141203798208	,中通快递,陕西省,渭南市,	
260914-011786022502507,未发货，退款成功,1	,2026-09-14 22:48:17,	,444093761930	,"经典黑,七钩 【加厚加粗】(2个装)",退款成功,19.9	,	,	,****,****,	
260914-369560195371879,已发货，待收货,1	,2026-09-14 21:59:44,	,444093761930	,"经典黑,淘气猫 【加厚加粗】(1个装)",无售后或售后取消,11.9	,79141203798280	,中通快递,安徽省,安庆市,	
260914-271392478751741,已发货，待收货,1	,2026-09-14 21:50:55,	,444093761930	,"经典黑,七钩 【加厚加粗】(2个装)",无售后或售后取消,19.9	,79141203846082	,中通快递,重庆市,县,	
260914-204713520772671,已发货，待收货,1	,2026-09-14 21:50:11,	,444093761930	,"经典黑,七钩【加厚加粗】 (1个装)",无售后或售后取消,11.9	,79141203798302	,中通快递,广东省,惠州市,	
260914-059978617250125,已收货,1	,2026-09-14 21:05:41,2026-09-19 20:44:59,444093761930	,"雪花白,七钩 【加厚加粗】(2个装)",无售后或售后取消,19.9	,79141203798328	,中通快递,****,****,	
260914-476682719533337,已收货,1	,2026-09-14 20:26:35,2026-09-18 13:15:23,444093761930	,"经典黑,七钩【加厚加粗】 (1个装)",无售后或售后取消,11.9	,79141203798216	,中通快递,****,****,	
260914-200110261904084,已发货，待收货,2	,2026-09-14 20:21:34,	,444093761930	,"经典黑,七钩 【加厚加粗】(2个装)",无售后或售后取消,37.81	,79141203798397	,中通快递,陕西省,汉中市,	
260914-517178724763796,已发货，待收货,1	,2026-09-14 20:04:23,	,444093761930	,"雪花白,淘气猫 【加厚加粗】(2个装)",无售后或售后取消,15.85	,79141203798292	,中通快递,湖北省,省直辖县级行政区划,	
260914-396844153243107,已发货，待收货,1	,2026-09-14 19:53:43,	,476214691883	,"加粗五钩 玫瑰金,1个装",无售后或售后取消,8.47	,79141203837383	,中通快递,福建省,漳州市,	
260914-360143972742012,已发货，待收货,1	,2026-09-14 19:42:53,	,444093761930	,"经典黑,七钩【加厚加粗】 (3个装)",无售后或售后取消,25.9	,79141203837396	,中通快递,辽宁省,沈阳市,	
260914-493355088292334,已发货，待收货,1	,2026-09-14 18:11:45,	,444093761930	,"雪花白,七钩 【加厚加粗】(2个装)",无售后或售后取消,19.9	,79141203837289	,中通快递,辽宁省,沈阳市,	
260914-331496834582977,已收货,1	,2026-09-14 18:09:00,2026-09-17 07:56:57,444093761930	,"经典黑,七钩 【加厚加粗】(2个装)",无售后或售后取消,19.9	,79141203846133	,中通快递,****,****,	
260914-666779000462923,已发货，待收货,1	,2026-09-14 17:55:47,	,476214691883	,"加粗五钩 白色,2个装",无售后或售后取消,8.02	,79141203837327	,中通快递,福建省,厦门市,	
260914-264954222232403,未发货，退款成功,1	,2026-09-14 16:55:06,	,444093761930	,"金色,七钩 【加厚加粗】(4个装)",退款成功,45.9	,	,	,****,****,	
260914-186405373501474,已发货，待收货,1	,2026-09-14 16:48:11,	,444093761930	,"经典黑,淘气猫 【加厚加粗】(1个装)",无售后或售后取消,11.9	,79141203837376	,中通快递,福建省,厦门市,	
260914-684929913122857,已发货，待收货,1	,2026-09-14 15:14:36,	,444093761930	,"咖啡色,七钩【加厚加粗】 (3个装)",无售后或售后取消,25.9	,79141203837342	,中通快递,陕西省,西安市,	
260914-073631076793098,已发货，待收货,1	,2026-09-14 15:06:27,	,444093761930	,"经典黑,七钩【加厚加粗】 (1个装)",无售后或售后取消,6.9	,79141203798236	,中通快递,广东省,中山市,	
260914-331947774393098,未发货，退款成功,1	,2026-09-14 15:04:39,	,444093761930	,"经典黑,七钩【加厚加粗】 (1个装)",退款成功,6.9	,	,	,****,****,	
260914-605657557324035,已发货，待收货,1	,2026-09-14 14:34:13,	,444093761930	,"经典黑,七钩 【加厚加粗】(4个装)",无售后或售后取消,31.9	,79140806114188	,中通快递,广东省,深圳市,	
260914-527947610480467,已发货，待收货,1	,2026-09-14 13:50:29,	,444093761930	,"经典黑,七钩【加厚加粗】 (1个装)",无售后或售后取消,11.9	,79140806120906	,中通快递,山西省,长治市,	
260914-085689700721507,已发货，待收货,1	,2026-09-14 13:14:58,	,444093761930	,"咖啡色,淘气猫 【加厚加粗】(2个装)",无售后或售后取消,15.85	,79140806114333	,中通快递,陕西省,西安市,	
260914-199627937392955,已发货，待收货,1	,2026-09-14 12:56:41,	,444093761930	,"经典黑,七钩【加厚加粗】 (1个装)",无售后或售后取消,11.9	,79140806121162	,中通快递,北京市,北京市,	
260914-016924076452992,已收货,1	,2026-09-14 12:51:09,2026-09-16 22:32:44,476214691883	,"加粗五钩 古铜色,1个装",无售后或售后取消,7.67	,79140806121121	,中通快递,****,****,	
260914-493711573362445,已发货，待收货,1	,2026-09-14 12:38:07,	,444093761930	,"经典黑,七钩【加厚加粗】 (1个装)",无售后或售后取消,11.9	,79140806120934	,中通快递,重庆市,重庆市,	
260914-022817052243212,已收货,1	,2026-09-14 12:37:18,2026-09-17 16:14:39,476214691883	,"加粗五钩 金色,2个装",无售后或售后取消,10.77	,79140806100196	,中通快递,****,****,	
260914-675293499831863,已收货,1	,2026-09-14 12:11:27,2026-09-17 08:23:22,444093761930	,"雪花白,七钩 【加厚加粗】(2个装)",无售后或售后取消,19.9	,79140806120921	,中通快递,****,****,	
260914-103442050643549,已发货，待收货,1	,2026-09-14 11:11:38,	,444093761930	,"经典黑,七钩 【加厚加粗】(2个装)",无售后或售后取消,19.9	,79140806121001	,中通快递,江苏省,扬州市,	
260914-298561052180238,已收货,1	,2026-09-14 10:53:02,2026-09-16 18:07:59,444093761930	,"经典黑,淘气猫 【加厚加粗】(2个装)",无售后或售后取消,15.85	,79140806114346	,中通快递,****,****,	
260914-227257936183478,已发货，退款成功,1	,2026-09-14 10:47:29,	,444093761930	,"经典黑,七钩 【加厚加粗】(4个装)",退款成功,31.9	,79140806114147	,中通快递,****,****,	
260914-404960059010917,已发货，待收货,1	,2026-09-14 10:22:42,	,444093761930	,"雪花白,七钩 【加厚加粗】(2个装)",无售后或售后取消,19.9	,79140806100250	,中通快递,江苏省,苏州市,	
260914-387616684370779,已发货，待收货,1	,2026-09-14 09:09:42,	,444093761930	,"经典黑,淘气猫 【加厚加粗】(2个装)",无售后或售后取消,15.85	,79140806114270	,中通快递,河南省,信阳市,	
260914-596314755443209,已发货，待收货,1	,2026-09-14 08:34:25,	,444093761930	,"经典黑,七钩【加厚加粗】 (3个装)",无售后或售后取消,25.9	,79140806120975	,中通快递,陕西省,西安市,	
260914-349102457200454,已发货，待收货,1	,2026-09-14 08:18:45,	,444093761930	,"经典黑,七钩【加厚加粗】 (3个装)",无售后或售后取消,25.9	,79140806100288	,中通快递,河北省,石家庄市,	
260914-253105282630052,已收货,1	,2026-09-14 07:58:14,2026-09-19 19:26:59,444093761930	,"经典黑,七钩【加厚加粗】 (1个装)",无售后或售后取消,11.9	,79140806121014	,中通快递,****,****,	
260914-162413964870998,已发货，待收货,1	,2026-09-14 07:18:33,	,444093761930	,"经典黑,七钩 【加厚加粗】(2个装)",无售后或售后取消,5.9	,79140806114267	,中通快递,内蒙古自治区,兴安盟,	
260914-014113840703398,已发货，待收货,1	,2026-09-14 05:26:26,	,444093761930	,"雪花白,七钩 【加厚加粗】(4个装)",无售后或售后取消,31.9	,79140806114387	,中通快递,北京市,北京市,	
260914-095693115762287,已发货，待收货,1	,2026-09-14 05:19:43,	,444093761930	,"雪花白,七钩 【加厚加粗】(2个装)",无售后或售后取消,19.9	,79140806114226	,中通快递,山东省,菏泽市,	
260914-100894032203210,已发货，待收货,1	,2026-09-14 03:22:00,	,444093761930	,"经典黑,七钩 【加厚加粗】(2个装)",无售后或售后取消,19.9	,79140806121119	,中通快递,河南省,周口市,	
260914-476158421323210,已取消,1	,	,	,444093761930	,"经典黑,淘气猫 【加厚加粗】(1个装)",无售后或售后取消,11.9	,	,	,****,****,	
260913-376407406881660,已发货，待收货,1	,2026-09-13 23:43:10,	,444093761930	,"经典黑,七钩 【加厚加粗】(2个装)",无售后或售后取消,19.9	,79140806121068	,中通快递,天津市,天津市,	
260913-036259817771735,已收货,1	,2026-09-13 23:20:39,2026-09-17 15:44:20,476214691883	,"加粗五钩 白色,2个装",无售后或售后取消,8.02	,79140806114241	,中通快递,****,****,	
260913-508517445190627,已发货，待收货,1	,2026-09-13 23:09:22,	,444093761930	,"经典黑,七钩【加厚加粗】 (1个装)",无售后或售后取消,11.9	,79140806100183	,中通快递,广东省,广州市,	
260913-386557591942959,已发货，待收货,1	,2026-09-13 23:02:50,	,444093761930	,"经典黑,七钩【加厚加粗】 (3个装)",售后处理中,25.9	,79140806114134	,中通快递,湖北省,咸宁市,	
260913-389629877892906,未发货，退款成功,1	,2026-09-13 22:48:51,	,476214691883	,"加粗五钩 黑色,2个装",退款成功,9.29	,	,	,****,****,	
260913-611152095622959,未发货，退款成功,1	,2026-09-13 22:41:13,	,444093761930	,"经典黑,七钩 【加厚加粗】(4个装)",退款成功,31.9	,	,	,****,****,	
260913-102403981750455,已发货，待收货,1	,2026-09-14 15:32:09,	,473143171945	,萌猫 壁挂款 古铜色,无售后或售后取消,12.46	,79141203798456	,中通快递,湖南省,永州市,	
260913-153186485891327,已发货，待收货,1	,2026-09-13 21:46:34,	,444093761930	,"咖啡色,七钩【加厚加粗】 (3个装)",无售后或售后取消,25.9	,79140806100247	,中通快递,河北省,沧州市,	
260913-629774763591311,已发货，待收货,1	,2026-09-13 21:29:19,	,444093761930	,"经典黑,七钩【加厚加粗】 (1个装)",无售后或售后取消,11.9	,79140806100234	,中通快递,天津市,天津市,	
260913-261389105552904,已发货，待收货,1	,2026-09-13 21:19:30,	,444093761930	,"经典黑,七钩 【加厚加粗】(4个装)",无售后或售后取消,31.9	,79140806100206	,中通快递,云南省,普洱市,	
260913-184507482491493,已发货，待收货,1	,2026-09-13 21:11:11,	,444093761930	,"经典黑,七钩 【加厚加粗】(2个装)",无售后或售后取消,19.9	,79140806121096	,中通快递,上海市,上海市,	
260913-581131354483557,已发货，待收货,1	,2026-09-13 20:40:30,	,444093761930	,"经典黑,七钩 【加厚加粗】(2个装)",无售后或售后取消,19.9	,79140806100168	,中通快递,四川省,自贡市,	
260913-575626350961128,已发货，待收货,1	,2026-09-13 20:38:27,	,444093761930	,"经典黑,七钩 【加厚加粗】(2个装)",无售后或售后取消,19.9	,79140806114295	,中通快递,山东省,泰安市,	
260913-519349214743907,已发货，待收货,1	,2026-09-13 20:32:51,	,444093761930	,"咖啡色,七钩 【加厚加粗】(2个装)",无售后或售后取消,18.4	,79140806114150	,中通快递,广东省,广州市,	
260913-006018886060055,已发货，待收货,1	,2026-09-13 20:14:23,	,444093761930	,"经典黑,七钩 【加厚加粗】(2个装)",无售后或售后取消,19.9	,79140806121030	,中通快递,广西壮族自治区,防城港市,	
260913-601274519953624,已发货，待收货,1	,2026-09-13 19:56:53,	,444093761930	,"咖啡色,七钩 【加厚加粗】(2个装)",无售后或售后取消,18.4	,79140806114196	,中通快递,吉林省,长春市,	
260913-313020915271413,已发货，待收货,1	,2026-09-13 19:41:28,	,444093761930	,"经典黑,七钩【加厚加粗】 (1个装)",无售后或售后取消,11.9	,79140806120950	,中通快递,四川省,绵阳市,	
260913-336393726350345,已发货，待收货,1	,2026-09-13 18:28:28,	,476214691883	,"加粗五钩 白色,2个装",无售后或售后取消,8.02	,79140806114359	,中通快递,浙江省,宁波市,	
260913-017825872243836,已发货，待收货,1	,2026-09-13 18:22:51,	,444093761930	,"经典黑,七钩【加厚加粗】 (1个装)",无售后或售后取消,7.81	,79140806121076	,中通快递,江西省,吉安市,	
260913-198747154840067,已发货，待收货,1	,2026-09-13 18:07:54,	,444093761930	,"经典黑,七钩 【加厚加粗】(2个装)",无售后或售后取消,19.9	,79140806100130	,中通快递,广东省,广州市,	
260913-226209338921474,已发货，待收货,1	,2026-09-13 17:54:46,	,444093761930	,"经典黑,七钩【加厚加粗】 (1个装)",无售后或售后取消,11.9	,79140806121055	,中通快递,天津市,天津市,	
260913-177523986731010,已发货，待收货,1	,2026-09-13 17:16:14,	,444093761930	,"雪花白,七钩【加厚加粗】 (3个装)",无售后或售后取消,25.9	,79140806121083	,中通快递,陕西省,西安市,	
260913-135926924902800,已发货，待收货,1	,2026-09-13 16:48:27,	,444093761930	,"雪花白,七钩 【加厚加粗】(2个装)",无售后或售后取消,19.9	,79140806121027	,中通快递,上海市,上海市,	
260913-211455885691789,已发货，待收货,1	,2026-09-13 16:42:38,	,444093761930	,"咖啡色,七钩【加厚加粗】 (3个装)",无售后或售后取消,25.9	,79140806120919	,中通快递,四川省,成都市,	
260913-309246051943784,未发货，退款成功,1	,2026-09-13 16:05:55,	,444093761930	,"经典黑,七钩【加厚加粗】 (1个装)",退款成功,11.9	,	,	,****,****,	
260913-627017070951006,已发货，待收货,1	,2026-09-13 15:22:07,	,444093761930	,"经典黑,七钩 【加厚加粗】(2个装)",无售后或售后取消,14.9	,79140806121042	,中通快递,广东省,韶关市,	
260913-556206713181247,已发货，待收货,1	,2026-09-13 15:17:21,	,476214691883	,"加粗五钩 白色,1个装",无售后或售后取消,7.67	,79140806100219	,中通快递,重庆市,重庆市,	
260913-277128158871068,已发货，待收货,1	,2026-09-13 15:10:50,	,444093761930	,"经典黑,七钩 【加厚加粗】(2个装)",无售后或售后取消,19.9	,79140806120883	,中通快递,贵州省,毕节市,	
260913-280357814571800,已发货，待收货,1	,2026-09-13 14:33:06,	,444093761930	,"雪花白,七钩 【加厚加粗】(2个装)",无售后或售后取消,19.9	,79140806121134	,中通快递,江苏省,苏州市,	
260913-048087713292642,已发货，待收货,1	,2026-09-13 14:28:35,	,444093761930	,"经典黑,七钩【加厚加粗】 (1个装)",无售后或售后取消,11.9	,79140806114175	,中通快递,湖南省,怀化市,	
260913-078307683933163,已发货，待收货,1	,2026-09-13 13:30:30,	,444093761930	,"咖啡色,七钩 【加厚加粗】(4个装)",无售后或售后取消,30.9	,79140806114206	,中通快递,河南省,郑州市,	
260913-638666729760344,已收货,1	,2026-09-13 12:21:25,2026-09-15 18:35:16,444093761930	,"经典黑,七钩【加厚加粗】 (1个装)",无售后或售后取消,11.9	,79140806114239	,中通快递,****,****,	
260913-498461580911777,已发货，待收货,1	,2026-09-13 12:01:18,	,444093761930	,"经典黑,七钩【加厚加粗】 (1个装)",无售后或售后取消,11.9	,79140806100221	,中通快递,广东省,广州市,	
260913-512711749172079,已发货，退款成功,1	,2026-09-13 11:45:38,	,444093761930	,"经典黑,七钩 【加厚加粗】(2个装)",退款成功,19.9	,79140806120896	,中通快递,****,****,	
260913-678397274401929,未发货，退款成功,1	,2026-09-13 11:43:13,	,444093761930	,"经典黑,七钩 【加厚加粗】(2个装)",退款成功,19.9	,	,	,****,****,	
260913-226807038312766,已发货，待收货,1	,2026-09-13 11:42:09,	,444093761930	,"经典黑,七钩【加厚加粗】 (3个装)",无售后或售后取消,22.9	,79140806114326	,中通快递,浙江省,杭州市,	
260913-502750318881236,已发货，待收货,1	,2026-09-13 10:49:37,	,444093761930	,"经典黑,七钩 【加厚加粗】(2个装)",无售后或售后取消,14.9	,79140806120962	,中通快递,湖南省,长沙市,	
260913-147094259300014,已发货，待收货,1	,2026-09-13 10:38:13,	,444093761930	,"经典黑,七钩【加厚加粗】 (1个装)",无售后或售后取消,11.9	,79140806114282	,中通快递,上海市,上海市,	
260913-207030883860863,已发货，待收货,1	,2026-09-13 10:37:42,	,444093761930	,"经典黑,七钩 【加厚加粗】(2个装)",无售后或售后取消,9.9	,79140806100313	,中通快递,北京市,北京市,	
260913-648208781694035,已发货，待收货,1	,2026-09-13 10:35:24,	,444093761930	,"经典黑,七钩【加厚加粗】 (1个装)",无售后或售后取消,11.9	,79140806120996	,中通快递,广西壮族自治区,河池市,	
260913-097056232961482,已取消,1	,	,	,444093761930	,"经典黑,七钩 【加厚加粗】(2个装)",无售后或售后取消,19.9	,	,	,****,****,	
260913-569817177752170,已发货，待收货,1	,2026-09-13 09:56:31,	,444093761930	,"经典黑,淘气猫 【加厚加粗】(4个装)",无售后或售后取消,31.2	,79140806120988	,中通快递,广东省,梅州市,	
260913-280242429562541,已发货，待收货,1	,2026-09-13 09:39:36,	,444093761930	,"雪花白,七钩 【加厚加粗】(2个装)",无售后或售后取消,18.91	,79140806114162	,中通快递,江苏省,徐州市,	
260913-439038799482541,已取消,1	,	,	,444093761930	,"雪花白,七钩 【加厚加粗】(2个装)",无售后或售后取消,19.9	,	,	,****,****,	
260913-515144445562541,已取消,1	,	,	,444093761930	,"雪花白,七钩 【加厚加粗】(2个装)",无售后或售后取消,19.9	,	,	,****,****,	
260913-574619655750028,已发货，待收货,1	,2026-09-13 09:26:06,	,444093761930	,"经典黑,七钩 【加厚加粗】(4个装)",无售后或售后取消,31.9	,79140806114318	,中通快递,河南省,郑州市,	
260913-396644871690964,未发货，退款成功,1	,2026-09-13 09:22:38,	,444093761930	,"经典黑,七钩【加厚加粗】 (3个装)",退款成功,25.9	,	,	,****,****,	
260913-384292636310664,已发货，待收货,1	,2026-09-13 08:54:27,	,444093761930	,"经典黑,七钩 【加厚加粗】(2个装)",无售后或售后取消,19.9	,79140315132037	,中通快递,山东省,菏泽市,	
260913-311888453222620,已发货，待收货,1	,2026-09-13 08:45:59,	,444093761930	,"经典黑,七钩 【加厚加粗】(2个装)",无售后或售后取消,19.9	,79140315117036	,中通快递,广东省,湛江市,	
260913-422303578542030,已发货，待收货,1	,2026-09-13 08:36:06,	,444093761930	,"经典黑,七钩【加厚加粗】 (1个装)",无售后或售后取消,11.9	,79140315119204	,中通快递,浙江省,舟山市,	
260913-418507712933024,已发货，待收货,1	,2026-09-13 08:00:54,	,444093761930	,"咖啡色,七钩 【加厚加粗】(2个装)",无售后或售后取消,18.4	,79140315119444	,中通快递,山东省,枣庄市,	
260913-309130729003550,已发货，待收货,1	,2026-09-13 07:42:59,	,444093761930	,"雪花白,七钩【加厚加粗】 (3个装)",无售后或售后取消,25.9	,79140315132369	,中通快递,河南省,信阳市,	
260913-293622301103939,已发货，待收货,1	,2026-09-13 07:26:25,	,444093761930	,"经典黑,七钩 【加厚加粗】(2个装)",无售后或售后取消,19.9	,79140315147000	,中通快递,湖北省,宜昌市,	
260913-479010496093003,已发货，待收货,1	,2026-09-13 02:42:58,	,444093761930	,"咖啡色,七钩 【加厚加粗】(4个装)",无售后或售后取消,31.9	,79140315148417	,中通快递,四川省,成都市,	
260912-368564058532108,已发货，待收货,1	,2026-09-12 23:40:34,	,444093761930	,"经典黑,七钩 【加厚加粗】(2个装)",无售后或售后取消,19.9	,79140315119258	,中通快递,江西省,南昌市,	
260912-230529493353516,已取消,1	,	,	,476214691883	,"加粗五钩 玫瑰金,1个装",无售后或售后取消,8.47	,	,	,****,****,	
260912-191260280473623,已发货，待收货,1	,2026-09-12 22:29:50,	,476214691883	,"加粗五钩 白色,1个装",无售后或售后取消,7.67	,79140315119337	,中通快递,江西省,赣州市,	
260912-008157949593623,未发货，退款成功,1	,2026-09-12 22:22:53,	,476214691883	,"加粗五钩 白色,2个装",退款成功,8.02	,	,	,****,****,	
260912-123920750233623,未发货，退款成功,1	,2026-09-12 21:59:45,	,476214691883	,"加粗五钩 白色,2个装",退款成功,8.02	,	,	,****,****,	
260912-677023629614018,已发货，待收货,1	,2026-09-12 21:49:25,	,444093761930	,"经典黑,七钩 【加厚加粗】(2个装)",无售后或售后取消,19.9	,79140315119166	,中通快递,安徽省,六安市,	
260912-000146828823363,已发货，待收货,1	,2026-09-12 21:40:02,	,444093761930	,"经典黑,七钩 【加厚加粗】(2个装)",无售后或售后取消,19.9	,79140315119311	,中通快递,湖北省,武汉市,	
260912-433072391781063,已收货,1	,2026-09-12 21:32:52,2026-09-17 09:07:35,444093761930	,"经典黑,七钩 【加厚加粗】(2个装)",无售后或售后取消,19.9	,79140315119125	,中通快递,****,****,	
260912-034015823442645,已发货，待收货,1	,2026-09-12 20:52:11,	,444093761930	,"经典黑,七钩 【加厚加粗】(4个装)",无售后或售后取消,28.9	,79140315132410	,中通快递,江苏省,连云港市,	
260912-403659866491682,已发货，待收货,1	,2026-09-12 20:45:05,	,444093761930	,"经典黑,七钩 【加厚加粗】(4个装)",无售后或售后取消,31.9	,79140315132040	,中通快递,江苏省,连云港市,	
260912-270627060020425,已发货，待收货,1	,2026-09-12 20:25:09,	,444093761930	,"雪花白,七钩 【加厚加粗】(4个装)",无售后或售后取消,31.9	,79140315148792	,中通快递,湖北省,十堰市,	
260912-021705541192829,已发货，待收货,1	,2026-09-12 20:22:18,	,444093761930	,"经典黑,七钩 【加厚加粗】(2个装)",无售后或售后取消,19.9	,79140315132223	,中通快递,贵州省,贵阳市,	
260912-267565197734068,未发货，退款成功,1	,2026-09-12 19:23:34,	,444093761930	,"经典黑,七钩 【加厚加粗】(2个装)",退款成功,19.9	,	,	,****,****,	
260912-016546567811452,已发货，待收货,1	,2026-09-12 18:51:43,	,444093761930	,"经典黑,七钩【加厚加粗】 (1个装)",无售后或售后取消,11.9	,79140315116856	,中通快递,北京市,北京市,	
260912-221669004803968,已发货，待收货,1	,2026-09-12 18:29:15,	,444093761930	,"咖啡色,七钩 【加厚加粗】(2个装)",无售后或售后取消,18.4	,79140315132172	,中通快递,内蒙古自治区,兴安盟,	
260912-178876597771774,已发货，待收货,1	,2026-09-12 18:26:26,	,444093761930	,"经典黑,七钩 【加厚加粗】(2个装)",无售后或售后取消,19.9	,79140315117043	,中通快递,上海市,上海市,	
260912-686964119170331,已收货,1	,2026-09-12 18:18:57,2026-09-16 18:08:32,444093761930	,"经典黑,七钩 【加厚加粗】(2个装)",无售后或售后取消,19.9	,79140315148736	,中通快递,****,****,	
260912-024924659254095,已收货,1	,2026-09-12 18:18:09,2026-09-16 18:34:47,444093761930	,"雪花白,七钩 【加厚加粗】(4个装)",无售后或售后取消,31.9	,79140315132236	,中通快递,****,****,	
260912-598002942291888,已发货，待收货,1	,2026-09-12 17:28:55,	,444093761930	,"雪花白,七钩 【加厚加粗】(2个装)",无售后或售后取消,18.51	,79140315132343	,中通快递,山东省,青岛市,	
260912-341730978181555,已收货,1	,2026-09-12 16:52:33,2026-09-16 07:26:29,444093761930	,"咖啡色,七钩【加厚加粗】 (3个装)",无售后或售后取消,25.9	,79140315148657	,中通快递,****,****,	
260912-630382958222640,已收货,1	,2026-09-12 16:49:32,2026-09-15 18:58:25,444093761930	,"咖啡色,七钩 【加厚加粗】(4个装)",无售后或售后取消,31.9	,79140315132144	,中通快递,****,****,	
260912-380004002083385,已发货，待收货,1	,2026-09-12 16:42:10,	,444093761930	,"经典黑,七钩 【加厚加粗】(2个装)",无售后或售后取消,19.9	,79140315148631	,中通快递,北京市,北京市,	
260912-270364853790193,已收货，退款成功,1	,2026-09-12 16:16:16,2026-09-14 19:15:51,444093761930	,"经典黑,七钩 【加厚加粗】(2个装)",退款成功,19.9	,79140315132131	,中通快递,****,****,	
260912-268792031622648,已发货，待收货,1	,2026-09-12 16:15:41,	,444093761930	,"咖啡色,七钩 【加厚加粗】(2个装)",无售后或售后取消,18.4	,79140315132280	,中通快递,广西壮族自治区,桂林市,	
260912-484861560362724,已收货,1	,2026-09-12 15:15:38,2026-09-21 19:59:11,444093761930	,"经典黑,七钩【加厚加粗】 (1个装)",无售后或售后取消,2.9	,79140186245717	,中通快递,****,****,	
260912-505508032040799,已发货，待收货,1	,2026-09-12 15:00:05,	,444093761930	,"咖啡色,七钩 【加厚加粗】(2个装)",无售后或售后取消,18.4	,79140186370023	,中通快递,山西省,临汾市,	
260912-283199476103664,已取消,1	,	,	,444093761930	,"经典黑,七钩【加厚加粗】 (3个装)",无售后或售后取消,25.9	,	,	,****,****,	
260912-328812480153280,已收货,1	,2026-09-12 14:30:06,2026-09-22 15:34:31,476214691883	,"加粗五钩 白色,2个装",无售后或售后取消,8.02	,79140186370064	,中通快递,****,****,	
260912-611120596581252,已收货,1	,2026-09-12 14:19:46,2026-09-22 15:34:31,444093761930	,"咖啡色,七钩 【加厚加粗】(2个装)",无售后或售后取消,18.4	,79140186370036	,中通快递,****,****,	
260912-162906837382929,已收货,1	,2026-09-12 12:52:59,2026-09-22 15:35:44,444093761930	,"经典黑,七钩【加厚加粗】 (1个装)",无售后或售后取消,11.9	,79140186370051	,中通快递,****,****,	
260912-244496504323349,已收货,1	,2026-09-12 11:29:32,2026-09-22 15:34:31,444093761930	,"经典黑,七钩 【加厚加粗】(4个装)",无售后或售后取消,31.9	,79140186245612	,中通快递,****,****,	
260912-316921648651931,已收货,1	,2026-09-12 10:20:46,2026-09-22 15:34:31,444093761930	,"经典黑,七钩【加厚加粗】 (3个装)",无售后或售后取消,25.9	,79140186370115	,中通快递,****,****,	
260912-183972666912952,已收货,1	,2026-09-12 10:01:11,2026-09-22 15:34:31,444093761930	,"经典黑,七钩 【加厚加粗】(2个装)",无售后或售后取消,19.9	,79140186245268	,中通快递,****,****,	
260912-276750723481859,已收货,1	,2026-09-12 09:49:19,2026-09-22 15:34:31,444093761930	,"经典黑,七钩 【加厚加粗】(2个装)",无售后或售后取消,19.9	,79140186361100	,中通快递,****,****,	
260912-324597266803806,已收货,1	,2026-09-12 09:23:34,2026-09-22 15:34:31,444093761930	,"雪花白,七钩 【加厚加粗】(2个装)",无售后或售后取消,19.9	,79140186370143	,中通快递,****,****,	
260912-392649818482381,已收货,1	,2026-09-12 08:54:45,2026-09-22 15:34:31,444093761930	,"经典黑,七钩 【加厚加粗】(4个装)",无售后或售后取消,31.9	,79140186370049	,中通快递,****,****,	
260912-029402141042381,已取消,1	,	,	,444093761930	,"经典黑,七钩 【加厚加粗】(4个装)",无售后或售后取消,31.9	,	,	,****,****,	
260912-558429694293808,已发货，退款成功,1	,2026-09-12 08:50:55,	,444093761930	,"经典黑,七钩 【加厚加粗】(2个装)",退款成功,19.9	,79140186245638	,中通快递,****,****,	
260912-286764644770648,已收货,1	,2026-09-12 08:04:05,2026-09-21 22:47:15,444093761930	,"咖啡色,七钩 【加厚加粗】(2个装)",无售后或售后取消,18.4	,79140186360782	,中通快递,****,****,	
260912-093658878301613,已收货,1	,2026-09-12 05:21:29,2026-09-22 15:34:31,444093761930	,"雪花白,七钩【加厚加粗】 (3个装)",无售后或售后取消,25.9	,79140186243939	,中通快递,****,****,	
260912-535319069070200,已收货,1	,2026-09-12 05:10:52,2026-09-22 15:34:31,444093761930	,"雪花白,七钩 【加厚加粗】(2个装)",无售后或售后取消,19.9	,79140186360861	,中通快递,****,****,	
260912-457535711562651,已收货,1	,2026-09-12 04:31:27,2026-09-15 22:07:28,444093761930	,"雪花白,七钩 【加厚加粗】(2个装)",无售后或售后取消,19.9	,79140186361061	,中通快递,****,****,	
260912-447427428703553,已收货,1	,2026-09-12 04:13:01,2026-09-22 15:34:31,476214691883	,"加粗五钩 玫瑰金,1个装",无售后或售后取消,5.47	,79140186245666	,中通快递,****,****,	
260911-190694091102599,已收货,1	,2026-09-11 23:51:59,2026-09-19 22:47:56,444093761930	,"雪花白,七钩 【加厚加粗】(2个装)",无售后或售后取消,19.9	,79140186245646	,中通快递,****,****,	
260911-623651090010040,已发货，待收货,1	,2026-09-11 23:34:56,	,476214691883	,"加粗五钩 白色,2个装",售后处理中,8.02	,79140186361166	,中通快递,陕西省,西安市,	
260911-440679820821661,已收货,1	,2026-09-11 23:34:33,2026-09-22 13:39:52,476214691883	,"加粗五钩 玫瑰金,1个装",无售后或售后取消,8.47	,79140186360925	,中通快递,****,****,	
260911-471953652010045,已收货,1	,2026-09-11 23:10:12,2026-09-22 15:34:31,444093761930	,"经典黑,七钩 【加厚加粗】(2个装)",无售后或售后取消,19.9	,79140186360741	,中通快递,****,****,	
260911-542082404711490,已收货,1	,2026-09-11 22:51:57,2026-09-22 15:34:31,444093761930	,"咖啡色,七钩 【加厚加粗】(2个装)",无售后或售后取消,18.4	,79140186245681	,中通快递,****,****,	
260911-315957000543129,已收货,1	,2026-09-11 22:39:12,2026-09-22 15:34:31,444093761930	,"经典黑,七钩 【加厚加粗】(2个装)",无售后或售后取消,19.9	,79140186245653	,中通快递,****,****,	
260911-114106078732987,已收货,1	,2026-09-11 22:36:14,2026-09-16 23:26:06,476214691883	,"加粗五钩 玫瑰金,2个装",无售后或售后取消,10.77	,79140186368796	,中通快递,****,****,	
260911-475969656401778,已收货,1	,2026-09-11 22:27:38,2026-09-22 15:34:31,444093761930	,"经典黑,七钩 【加厚加粗】(4个装)",无售后或售后取消,31.9	,79140186361146	,中通快递,****,****,	
260911-267911196241778,未发货，退款成功,1	,2026-09-11 22:22:42,	,444093761930	,"经典黑,七钩 【加厚加粗】(4个装)",退款成功,31.9	,	,	,****,****,	
260911-020677988720796,未发货，退款成功,1	,2026-09-11 22:20:30,	,444093761930	,"经典黑,七钩【加厚加粗】 (1个装)",退款成功,11.9	,	,	,****,****,	
260911-653021693533410,已收货,1	,2026-09-11 21:33:48,2026-09-22 15:34:31,444093761930	,"经典黑,七钩 【加厚加粗】(2个装)",无售后或售后取消,19.9	,79140186245694	,中通快递,****,****,	
260911-374834491000144,已收货,1	,2026-09-11 21:07:28,2026-09-16 19:00:59,444093761930	,"雪花白,七钩【加厚加粗】 (3个装)",无售后或售后取消,25.9	,79140186370008	,中通快递,****,****,	
260911-259585513031376,已收货,1	,2026-09-11 19:45:59,2026-09-22 15:34:31,444093761930	,"经典黑,七钩 【加厚加粗】(2个装)",无售后或售后取消,19.9	,79140186370077	,中通快递,****,****,	
260911-608425766422537,已收货,1	,2026-09-11 18:30:23,2026-09-22 15:34:31,444093761930	,"经典黑,七钩【加厚加粗】 (1个装)",无售后或售后取消,11.9	,79140186370169	,中通快递,****,****,	
260911-218858811021578,已取消,1	,	,	,444093761930	,"雪花白,七钩【加厚加粗】 (3个装)",无售后或售后取消,25.9	,	,	,****,****,	
260911-638037584252739,已收货,1	,2026-09-11 17:03:53,2026-09-22 15:34:31,444093761930	,"经典黑,七钩 【加厚加粗】(2个装)",无售后或售后取消,19.9	,79140186360767	,中通快递,****,****,	
260911-444680190332739,已取消,1	,	,	,444093761930	,"经典黑,七钩 【加厚加粗】(2个装)",无售后或售后取消,19.9	,	,	,****,****,	
260911-313199245662433,已收货,1	,2026-09-11 15:46:53,2026-09-14 20:44:24,444093761930	,"经典黑,七钩 【加厚加粗】(2个装)",无售后或售后取消,18.91	,79140186370171	,中通快递,****,****,	
260911-485469776223553,未发货，退款成功,1	,2026-09-11 14:21:50,	,476214691883	,"加粗五钩 玫瑰金,1个装",退款成功,6.95	,	,	,****,****,	
260911-461918769530660,已收货,1	,2026-09-11 14:17:34,2026-09-22 15:34:31,444093761930	,"经典黑,七钩 【加厚加粗】(2个装)",无售后或售后取消,19.9	,79140186360953	,中通快递,****,****,	
260911-437853898251141,已收货,1	,2026-09-11 13:24:10,2026-09-13 22:29:34,444093761930	,"雪花白,淘气猫 【加厚加粗】(2个装)",无售后或售后取消,15.85	,79140186245347	,中通快递,****,****,	
260911-327868823900726,已收货,1	,2026-09-11 12:48:50,2026-09-22 15:34:31,444093761930	,"雪花白,七钩 【加厚加粗】(2个装)",无售后或售后取消,19.9	,79140186370136	,中通快递,****,****,	
260911-369528675962663,已收货,1	,2026-09-11 12:43:15,2026-09-22 15:34:31,444093761930	,"经典黑,七钩 【加厚加粗】(2个装)",无售后或售后取消,19.9	,79140186360887	,中通快递,****,****,	
260911-319438272822037,已收货,1	,2026-09-11 10:27:32,2026-09-17 13:48:06,446257663504	,七钩 白色【一个装】加厚加粗,无售后或售后取消,12.77	,79140186360795	,中通快递,****,****,	
260911-603329708453315,已收货,1	,2026-09-11 10:12:05,2026-09-22 15:34:31,444093761930	,"咖啡色,七钩 【加厚加粗】(2个装)",无售后或售后取消,18.4	,79140186245276	,中通快递,****,****,	
260911-272776578603423,已收货,1	,2026-09-11 09:51:23,2026-09-21 10:01:43,444093761930	,"经典黑,七钩 【加厚加粗】(2个装)",无售后或售后取消,19.9	,79139787664193	,中通快递,****,****,	
260911-292856829520171,已收货,1	,2026-09-11 08:37:33,2026-09-15 15:03:53,444093761930	,"咖啡色,七钩 【加厚加粗】(4个装)",无售后或售后取消,31.9	,79139787660343	,中通快递,****,****,	
260911-642525509980147,已收货,1	,2026-09-11 07:09:17,2026-09-21 10:01:43,444093761930	,"咖啡色,七钩 【加厚加粗】(2个装)",无售后或售后取消,18.4	,79139787660530	,中通快递,****,****,	
260911-014449405492412,已收货,1	,2026-09-11 06:55:33,2026-09-21 10:01:43,444093761930	,"经典黑,淘气猫 【加厚加粗】(2个装)",无售后或售后取消,15.85	,79139787664032	,中通快递,****,****,	
260911-567699074612412,已发货，退款成功,1	,2026-09-11 06:55:00,	,444093761930	,"雪花白,七钩【加厚加粗】 (3个装)",退款成功,25.9	,79139787664032	,中通快递,****,****,	
260911-036196871751037,已收货,1	,2026-09-11 04:12:16,2026-09-13 11:12:11,444093761930	,"经典黑,淘气猫 【加厚加粗】(2个装)",无售后或售后取消,15.85	,79139787775451	,中通快递,****,****,	
260911-301203484231037,已取消,1	,	,	,444093761930	,"经典黑,淘气猫 【加厚加粗】(2个装)",无售后或售后取消,15.85	,	,	,****,****,	
260911-106304663122635,已收货,1	,2026-09-11 00:37:33,2026-09-21 10:01:43,444093761930	,"雪花白,七钩 【加厚加粗】(2个装)",无售后或售后取消,9.9	,79139787664004	,中通快递,****,****,	
260910-466039683502648,已发货，待收货,1	,2026-09-10 20:10:05,	,476214691883	,"加粗五钩 白色,2个装",无售后或售后取消,8.02	,79139787770368	,中通快递,广东省,珠海市,	
260910-600896990771763,已收货,1	,2026-09-10 19:35:50,2026-09-21 10:01:43,476214691883	,"加粗五钩 玫瑰金,2个装",无售后或售后取消,10.77	,79139787660302	,中通快递,****,****,	
260910-070894272912012,已收货,1	,2026-09-10 18:31:35,2026-09-21 10:01:43,444093761930	,"金色,七钩 【加厚加粗】(2个装)",无售后或售后取消,24.9	,79139787775237	,中通快递,****,****,	
260910-683010998671451,已收货,1	,2026-09-10 16:39:17,2026-09-21 10:01:43,444093761930	,"咖啡色,淘气猫 【加厚加粗】(4个装)",无售后或售后取消,31.9	,79139787775329	,中通快递,****,****,	
260910-041418790412507,已收货,1	,2026-09-10 16:27:55,2026-09-21 10:01:43,444093761930	,"雪花白,七钩 【加厚加粗】(4个装)",无售后或售后取消,31.9	,79139787775278	,中通快递,****,****,	
260910-676751020361881,已收货,1	,2026-09-10 14:49:04,2026-09-20 15:46:32,444093761930	,"经典黑,淘气猫 【加厚加粗】(2个装)",无售后或售后取消,15.85	,79139559656762	,中通快递,****,****,	
260910-251081541222677,已收货,1	,2026-09-10 14:13:39,2026-09-20 15:46:32,444093761930	,"经典黑,七钩 【加厚加粗】(2个装)",无售后或售后取消,19.9	,79139559780031	,中通快递,****,****,	
260910-360856962573740,已收货,1	,2026-09-10 14:11:54,2026-09-20 15:46:32,476214691883	,"加粗五钩 古铜色,2个装",无售后或售后取消,10.04	,79139559771294	,中通快递,****,****,	
260910-161313001892031,已收货,1	,2026-09-10 10:56:54,2026-09-14 23:36:57,444093761930	,"经典黑,七钩 【加厚加粗】(2个装)",无售后或售后取消,19.9	,79139559779566	,中通快递,****,****,	
260910-631934861663553,未发货，退款成功,1	,2026-09-10 10:46:11,	,476214691883	,"加粗五钩 玫瑰金,2个装",退款成功,10.02	,	,	,****,****,	
260910-467381860691383,已收货,1	,2026-09-10 10:22:44,2026-09-20 15:46:32,444093761930	,"雪花白,淘气猫 【加厚加粗】(2个装)",无售后或售后取消,15.85	,79139559771253	,中通快递,****,****,	
260910-523218501962209,已收货,1	,2026-09-10 10:14:50,2026-09-15 18:43:53,446257663504	,七钩 白色【二个装】加厚加粗,无售后或售后取消,19.7	,79139559656706	,中通快递,****,****,	
260910-563766966591587,未发货，退款成功,1	,2026-09-10 02:53:41,	,444093761930	,"咖啡色,七钩 【加厚加粗】(4个装)",退款成功,31.9	,	,	,****,****,	
260910-536136978823746,已收货,1	,2026-09-10 02:27:09,2026-09-20 15:46:32,446257663504	,淘气猫 古铜 (新款）【二个装】,无售后或售后取消,19.7	,79139559779971	,中通快递,****,****,	
260910-658631627050635,已收货,1	,2026-09-10 00:38:49,2026-09-20 15:46:32,444093761930	,"经典黑,七钩【加厚加粗】 (3个装)",无售后或售后取消,25.9	,79139559771212	,中通快递,****,****,	
260910-157737315910405,已收货,1	,2026-09-10 00:26:04,2026-09-20 15:46:32,444093761930	,"咖啡色,七钩【加厚加粗】 (3个装)",无售后或售后取消,25.9	,79139559780003	,中通快递,****,****,	
260909-109775439453163,已收货,1	,2026-09-09 22:37:21,2026-09-12 21:06:59,444093761930	,"咖啡色,七钩【加厚加粗】 (3个装)",无售后或售后取消,25.9	,79139559771238	,中通快递,****,****,	
260909-585461962301035,未发货，退款成功,3	,2026-09-09 22:35:28,	,444093761930	,"咖啡色,七钩【加厚加粗】 (3个装)",退款成功,73.82	,	,	,****,****,	
260909-063459889522740,已收货,1	,2026-09-09 22:25:19,2026-09-20 15:46:32,444093761930	,"雪花白,七钩 【加厚加粗】(2个装)",无售后或售后取消,19.9	,79139559771200	,中通快递,****,****,	
260909-335135455653429,已收货,1	,2026-09-09 22:08:02,2026-09-20 18:50:51,444093761930	,"经典黑,七钩【加厚加粗】 (3个装)",无售后或售后取消,25.9	,79139559770867	,中通快递,****,****,	
260909-184979299931601,已收货,1	,2026-09-09 21:12:12,2026-09-20 15:46:32,444093761930	,"咖啡色,七钩 【加厚加粗】(2个装)",无售后或售后取消,18.4	,79139559771159	,中通快递,****,****,	
260909-014690609461079,已收货,1	,2026-09-09 21:05:33,2026-09-20 15:46:32,444093761930	,"经典黑,七钩【加厚加粗】 (3个装)",无售后或售后取消,25.9	,79139559779609	,中通快递,****,****,	
260909-473411141941079,未发货，退款成功,1	,2026-09-09 21:03:13,	,444093761930	,"经典黑,七钩【加厚加粗】 (3个装)",退款成功,25.9	,	,	,****,****,	
260909-506294495553563,已收货,1	,2026-09-09 20:48:43,2026-09-12 13:25:30,444093761930	,"金色,七钩 【加厚加粗】(2个装)",无售后或售后取消,24.9	,79139559656721	,中通快递,****,****,	
260909-619288993362241,已发货，退款成功,1	,2026-09-09 19:59:56,	,444093761930	,"经典黑,七钩 【加厚加粗】(2个装)",退款成功,19.9	,79139559779558	,中通快递,****,****,	
260909-138663728640001,已收货,1	,2026-09-09 19:59:55,2026-09-20 15:46:32,444093761930	,"经典黑,淘气猫 【加厚加粗】(4个装)",无售后或售后取消,31.2	,79139559779520	,中通快递,****,****,	
260909-566923107840038,已收货,1	,2026-09-09 19:30:17,2026-09-20 15:46:32,444093761930	,"经典黑,七钩 【加厚加粗】(2个装)",无售后或售后取消,19.9	,79139559656796	,中通快递,****,****,	
260909-130652587580491,已收货,1	,2026-09-09 19:09:11,2026-09-20 15:46:32,444093761930	,"咖啡色,七钩 【加厚加粗】(2个装)",无售后或售后取消,18.4	,79139559771174	,中通快递,****,****,	
260909-464036851221722,已收货,1	,2026-09-09 17:37:04,2026-09-20 15:46:32,444093761930	,"经典黑,七钩 【加厚加粗】(2个装)",无售后或售后取消,19.9	,79139559779545	,中通快递,****,****,	
260909-250190303542629,未发货，退款成功,1	,2026-09-09 17:03:04,	,444093761930	,"雪花白,淘气猫 【加厚加粗】(2个装)",退款成功,15.85	,	,	,****,****,	
260909-593787697511728,已收货,1	,2026-09-09 16:44:58,2026-09-20 15:46:32,444093761930	,"经典黑,七钩 【加厚加粗】(2个装)",无售后或售后取消,19.9	,79139559656806	,中通快递,****,****,	
260909-504952338730635,未发货，退款成功,1	,2026-09-09 15:55:15,	,444093761930	,"经典黑,七钩【加厚加粗】 (3个装)",退款成功,25.9	,	,	,****,****,	
260909-561239825961814,未发货，退款成功,1	,2026-09-09 15:35:13,	,444093761930	,"雪花白,七钩【加厚加粗】 (3个装)",退款成功,25.9	,	,	,****,****,	
260909-245429748142683,已收货,1	,2026-09-09 14:35:47,2026-09-19 15:16:31,444093761930	,"雪花白,七钩 【加厚加粗】(2个装)",无售后或售后取消,19.9	,79139304386927	,中通快递,****,****,	
260909-436427866551282,已收货,1	,2026-09-09 13:28:01,2026-09-19 15:16:31,444093761930	,"经典黑,七钩 【加厚加粗】(2个装)",无售后或售后取消,19.9	,79139304362474	,中通快递,****,****,	
260909-454725527903744,已收货,1	,2026-09-09 11:42:09,2026-09-19 15:16:31,444093761930	,"经典黑,七钩 【加厚加粗】(2个装)",无售后或售后取消,19.9	,79139304668791	,中通快递,****,****,	
260909-636412291363134,已收货,1	,2026-09-09 10:33:38,2026-09-19 15:16:31,446257663504	,七钩 古铜（3个装）,无售后或售后取消,12.77	,79139304386968	,中通快递,****,****,	
260909-603329739121262,已收货,1	,2026-09-09 09:31:02,2026-09-19 15:16:31,446257663504	,七钩 白色（2个装）,无售后或售后取消,7.82	,79139304668697	,中通快递,****,****,	
260909-154748916050669,已收货,1	,2026-09-09 00:42:35,2026-09-15 16:41:25,476214691883	,"加粗五钩 黑色,2个装",无售后或售后取消,7.29	,79139304668789	,中通快递,****,****,	
260908-306194757922654,已收货,1	,2026-09-08 22:58:11,2026-09-19 15:16:31,444093761930	,"经典黑,七钩 【加厚加粗】(2个装)",无售后或售后取消,19.9	,79139304668684	,中通快递,****,****,	
260908-457881731361912,未发货，退款成功,1	,2026-09-08 18:17:08,	,444093761930	,"雪花白,七钩 【加厚加粗】(2个装)",退款成功,19.9	,	,	,****,****,	
260908-523910592890433,已收货,1	,2026-09-08 17:51:03,2026-09-19 15:16:31,444093761930	,"经典黑,七钩 【加厚加粗】(2个装)",无售后或售后取消,19.9	,79139304386983	,中通快递,****,****,	
260908-187065966091624,已发货，待收货,1	,2026-09-08 17:43:24,	,476214691883	,"加粗五钩 玫瑰金,3个装",售后处理中,14.16	,79139304362461	,中通快递,河南省,郑州市,	
260908-420688740671817,已收货,1	,2026-09-08 17:08:04,2026-09-14 21:17:33,455777893867	,"加粗加厚 淘气猫 白色,1个装",无售后或售后取消,6.93	,79139304362487	,中通快递,****,****,	
260908-432642485913524,已收货,1	,2026-09-08 16:12:52,2026-09-14 00:21:39,444093761930	,"经典黑,七钩 【加厚加粗】(2个装)",无售后或售后取消,19.9	,79139304668615	,中通快递,****,****,	
260908-011356096020717,已收货,1	,2026-09-08 15:18:49,2026-09-12 10:27:15,446257663504	,七钩 黑色（2个装）,无售后或售后取消,7.82	,79139304363442	,中通快递,****,****,	
260908-325016624770448,已收货,1	,2026-09-08 14:47:58,2026-09-13 07:36:10,444093761930	,"经典黑,七钩 【加厚加粗】(2个装)",无售后或售后取消,19.9	,79138960019522	,中通快递,****,****,	
260908-509282915862184,已收货,1	,2026-09-08 14:32:52,2026-09-18 15:18:32,444093761930	,"经典黑,七钩 【加厚加粗】(2个装)",无售后或售后取消,19.9	,79138960001806	,中通快递,****,****,	
260908-523994426890102,已收货,1	,2026-09-08 14:19:12,2026-09-10 22:47:28,476214691883	,"加粗五钩 白色,1个装",无售后或售后取消,7.67	,79138960001987	,中通快递,****,****,	
260908-205489456650102,已取消,1	,	,	,476214691883	,"加粗五钩 白色,1个装",无售后或售后取消,7.67	,	,	,****,****,	
260908-167247931752580,已收货,1	,2026-09-08 13:16:00,2026-09-18 15:18:32,444093761930	,"经典黑,七钩 【加厚加粗】(2个装)",无售后或售后取消,0.9	,79138960001826	,中通快递,****,****,	
260908-624395558423132,已收货,1	,2026-09-08 12:53:12,2026-09-11 20:34:56,444093761930	,"咖啡色,七钩 【加厚加粗】(2个装)",无售后或售后取消,18.4	,79138960022410	,中通快递,****,****,	
260908-252832663043619,已收货,1	,2026-09-08 10:16:06,2026-09-10 20:46:15,476214691883	,"加粗五钩 黑色,2个装",无售后或售后取消,9.29	,79138960019535	,中通快递,****,****,	
260908-625454662032388,已收货,1	,2026-09-08 09:39:47,2026-09-14 20:09:12,444093761930	,"经典黑,七钩【加厚加粗】 (3个装)",无售后或售后取消,25.9	,79138960001841	,中通快递,****,****,	
260908-530013242922230,已发货，退款成功,1	,2026-09-08 09:10:04,	,444093761930	,"雪花白,七钩 【加厚加粗】(2个装)",退款成功,19.9	,79138960001990	,中通快递,****,****,	
260908-064508475792898,已收货,1	,2026-09-08 08:38:53,2026-09-18 15:18:32,444093761930	,"经典黑,七钩 【加厚加粗】(2个装)",无售后或售后取消,19.9	,79138960002013	,中通快递,****,****,	
260908-225989149072898,已取消,1	,	,	,444093761930	,"经典黑,七钩 【加厚加粗】(2个装)",无售后或售后取消,19.9	,	,	,****,****,	
260908-240396583220480,已收货,1	,2026-09-08 08:09:49,2026-09-18 15:18:32,444093761930	,"经典黑,七钩 【加厚加粗】(2个装)",无售后或售后取消,19.9	,79138960019576	,中通快递,****,****,	
260908-100621381191612,已收货,1	,2026-09-08 01:11:42,2026-09-18 15:18:32,444093761930	,"雪花白,七钩 【加厚加粗】(2个装)",无售后或售后取消,19.9	,79138960022407	,中通快递,****,****,	
260907-557538373163235,已收货,1	,2026-09-07 23:02:30,2026-09-18 15:18:32,444093761930	,"经典黑,七钩 【加厚加粗】(2个装)",无售后或售后取消,19.9	,79138960019563	,中通快递,****,****,	
260907-578405015134047,已收货,1	,2026-09-07 21:54:40,2026-09-18 15:18:32,444093761930	,"经典黑,七钩 【加厚加粗】(2个装)",无售后或售后取消,19.9	,79138960022448	,中通快递,****,****,	
260907-085029066381701,已收货,1	,2026-09-07 19:16:39,2026-09-18 15:18:32,444093761930	,"咖啡色,七钩【加厚加粗】 (3个装)",无售后或售后取消,25.9	,79138960001895	,中通快递,****,****,	
260907-102529789504037,已收货,1	,2026-09-07 18:39:39,2026-09-15 23:14:31,444093761930	,"雪花白,七钩 【加厚加粗】(2个装)",无售后或售后取消,19.9	,79138960001905	,中通快递,****,****,	
260907-616227213671768,已收货,1	,2026-09-07 16:16:08,2026-09-18 15:18:32,444093761930	,"经典黑,七钩 【加厚加粗】(2个装)",无售后或售后取消,19.9	,79138960019364	,中通快递,****,****,	
260907-012981420391768,已收货,1	,2026-09-07 16:13:20,2026-09-18 15:18:32,444093761930	,"经典黑,七钩 【加厚加粗】(4个装)",无售后或售后取消,31.9	,79138960019364	,中通快递,****,****,	
260907-251207432581053,已收货,1	,2026-09-07 15:41:45,2026-09-18 15:18:32,446257663504	,七钩 白色（2个装）,无售后或售后取消,7.82	,79138960001796	,中通快递,****,****,	
260907-518604746330794,已收货,1	,2026-09-07 15:08:56,2026-09-10 20:14:04,444093761930	,"经典黑,七钩 【加厚加粗】(4个装)",无售后或售后取消,31.9	,79138960019377	,中通快递,****,****,	
260907-517377902222429,已收货,1	,2026-09-07 14:30:57,2026-09-18 15:18:32,444093761930	,"经典黑,七钩 【加厚加粗】(2个装)",无售后或售后取消,19.9	,79138960001813	,中通快递,****,****,	
260907-282402526761880,已收货,1	,2026-09-07 13:46:38,2026-09-17 14:21:12,444093761930	,"咖啡色,七钩【加厚加粗】 (3个装)",无售后或售后取消,25.9	,79138629610566	,中通快递,****,****,	
260907-498912489090266,已收货,1	,2026-09-07 12:04:28,2026-09-17 14:21:12,444093761930	,"经典黑,七钩 【加厚加粗】(2个装)",无售后或售后取消,19.9	,79138629628010	,中通快递,****,****,	
260907-603235304960038,已收货,1	,2026-09-07 11:02:57,2026-09-17 14:21:12,444093761930	,"经典黑,七钩 【加厚加粗】(2个装)",无售后或售后取消,19.9	,79138629603089	,中通快递,****,****,	
260907-182787796500941,已收货,1	,2026-09-07 10:19:20,2026-09-17 14:21:12,444093761930	,"经典黑,七钩 【加厚加粗】(2个装)",无售后或售后取消,19.9	,79138629602942	,中通快递,****,****,	
260907-638247247422547,已收货,1	,2026-09-07 08:54:38,2026-09-22 14:21:12,444093761930	,"咖啡色,七钩 【加厚加粗】(2个装)",无售后或售后取消,18.4	,79138629611016	,中通快递,****,****,	
260907-552977099122493,已收货,1	,2026-09-07 08:00:40,2026-09-17 14:21:12,444093761930	,"经典黑,七钩 【加厚加粗】(2个装)",无售后或售后取消,19.9	,79138629628183	,中通快递,****,****,	
260907-430230750852962,已收货,1	,2026-09-07 07:32:15,2026-09-10 18:04:51,444093761930	,"雪花白,七钩 【加厚加粗】(2个装)",无售后或售后取消,19.9	,79138629623684	,中通快递,****,****,	
260907-436218182010277,已发货，退款成功,1	,2026-09-07 07:19:03,	,444093761930	,"经典黑,七钩【加厚加粗】 (3个装)",退款成功,25.9	,79138629602636	,中通快递,****,****,	
260907-140530205003776,已收货,1	,2026-09-07 06:57:08,2026-09-15 06:28:45,444093761930	,"经典黑,淘气猫 【加厚加粗】(2个装)",无售后或售后取消,15.85	,79138629628127	,中通快递,****,****,	
260907-450772386190395,已收货,1	,2026-09-07 06:54:33,2026-09-10 11:45:20,444093761930	,"经典黑,七钩【加厚加粗】 (3个装)",无售后或售后取消,25.9	,79138629611029	,中通快递,****,****,	
260907-545018355210678,已收货,1	,2026-09-07 06:16:48,2026-09-17 14:21:12,444093761930	,"经典黑,七钩 【加厚加粗】(2个装)",无售后或售后取消,19.9	,79138629623855	,中通快递,****,****,	
260907-202280803960219,已收货,1	,2026-09-07 05:56:08,2026-09-17 14:21:12,444093761930	,"雪花白,七钩 【加厚加粗】(2个装)",无售后或售后取消,19.9	,79138629623710	,中通快递,****,****,	
260907-626754926951027,已收货,1	,2026-09-07 01:02:31,2026-09-17 14:21:57,444093761930	,"咖啡色,七钩 【加厚加粗】(2个装)",无售后或售后取消,18.4	,79138629603130	,中通快递,****,****,	
260907-496700045662172,已收货,1	,2026-09-07 00:46:36,2026-09-17 14:21:12,476214691883	,"加粗五钩 白色,1个装",无售后或售后取消,7.67	,79138629602702	,中通快递,****,****,	
260907-442226512270077,已收货,1	,2026-09-07 00:42:12,2026-09-11 09:40:50,444093761930	,"经典黑,七钩 【加厚加粗】(2个装)",无售后或售后取消,19.9	,79138629627976	,中通快递,****,****,	
260906-474548857191094,已收货,1	,2026-09-06 23:46:54,2026-09-17 14:21:12,444093761930	,"雪花白,七钩 【加厚加粗】(2个装)",无售后或售后取消,19.9	,79138629603063	,中通快递,****,****,	
260906-391103179143639,已收货,1	,2026-09-06 23:38:45,2026-09-09 18:30:36,444093761930	,"咖啡色,七钩 【加厚加粗】(2个装)",无售后或售后取消,18.4	,79138629610977	,中通快递,****,****,	
260906-665164224003365,已收货,1	,2026-09-06 21:15:18,2026-09-17 14:21:12,444093761930	,"金色,七钩 【加厚加粗】(2个装)",无售后或售后取消,23.66	,79138629628221	,中通快递,****,****,	
260906-321566840323365,已收货,1	,2026-09-06 21:15:18,2026-09-17 14:21:12,444093761930	,"雪花白,七钩 【加厚加粗】(4个装)",无售后或售后取消,30.3	,79138629628221	,中通快递,****,****,	
260906-069945280003365,已取消,1	,	,	,444093761930	,"雪花白,七钩 【加厚加粗】(4个装)",无售后或售后取消,31.9	,	,	,****,****,	
260906-071602050701561,已收货,1	,2026-09-06 19:36:15,2026-09-11 14:07:34,444093761930	,"金色,七钩 【加厚加粗】(2个装)",无售后或售后取消,24.9	,79138629623697	,中通快递,****,****,	
260906-359520038420853,已收货，退款成功,1	,2026-09-06 19:30:34,2026-09-12 21:53:12,444093761930	,"经典黑,七钩 【加厚加粗】(2个装)",退款成功,19.9	,79138629602835	,中通快递,****,****,	
260906-677395863050453,已收货,1	,2026-09-06 19:05:04,2026-09-09 13:46:30,444093761930	,"雪花白,七钩 【加厚加粗】(2个装)",无售后或售后取消,19.9	,79138629602715	,中通快递,****,****,	
260906-121708244503907,已收货,1	,2026-09-06 17:33:47,2026-09-13 20:28:26,444093761930	,"咖啡色,七钩 【加厚加粗】(2个装)",无售后或售后取消,17.4	,79138629603091	,中通快递,****,****,	
260906-092599754360206,已收货,1	,2026-09-06 17:31:53,2026-09-13 17:25:00,444093761930	,"雪花白,七钩 【加厚加粗】(2个装)",无售后或售后取消,19.9	,79138629611057	,中通快递,****,****,	
260906-021920519713488,已收货,1	,2026-09-06 16:55:57,2026-09-17 14:21:12,444093761930	,"经典黑,七钩 【加厚加粗】(2个装)",无售后或售后取消,14.9	,79138629610604	,中通快递,****,****,	
260906-548772299143332,已收货,1	,2026-09-06 15:44:54,2026-09-17 14:21:12,444093761930	,"经典黑,七钩 【加厚加粗】(2个装)",无售后或售后取消,19.9	,79138629610829	,中通快递,****,****,	
260906-437151342142533,已收货,1	,2026-09-06 15:15:09,2026-09-17 14:21:12,444093761930	,"经典黑,淘气猫 【加厚加粗】(2个装)",无售后或售后取消,15.85	,79138629610620	,中通快递,****,****,	
260906-033313329463803,已收货,1	,2026-09-06 15:10:58,2026-09-17 14:21:12,444093761930	,"经典黑,七钩 【加厚加粗】(2个装)",无售后或售后取消,19.9	,79138629628196	,中通快递,****,****,	
260906-523826665110615,已收货,1	,2026-09-06 14:56:14,2026-09-09 12:56:51,444093761930	,"经典黑,七钩 【加厚加粗】(2个装)",无售后或售后取消,19.9	,79138629603035	,中通快递,****,****,	
260906-675377323661223,已收货,1	,2026-09-06 14:35:56,2026-09-16 14:50:55,444093761930	,"咖啡色,七钩 【加厚加粗】(2个装)",无售后或售后取消,18.4	,79138283903146	,中通快递,****,****,	
260906-257047970140054,已收货,1	,2026-09-06 14:34:48,2026-09-16 14:50:54,444093761930	,"咖啡色,七钩 【加厚加粗】(2个装)",无售后或售后取消,18.4	,79138283921991	,中通快递,****,****,	
260906-329609418344067,已收货,1	,2026-09-06 13:58:34,2026-09-16 14:50:54,444093761930	,"经典黑,七钩 【加厚加粗】(2个装)",无售后或售后取消,19.9	,79138283914698	,中通快递,****,****,	
260906-260424353384067,已取消,1	,	,	,444093761930	,"经典黑,七钩 【加厚加粗】(2个装)",无售后或售后取消,16.9	,	,	,****,****,	
260906-127234271672825,未发货，退款成功,1	,2026-09-06 13:57:13,	,444093761930	,"经典黑,七钩 【加厚加粗】(2个装)",退款成功,19.9	,	,	,****,****,	
260906-078580323872539,已收货,1	,2026-09-06 12:19:45,2026-09-16 14:50:54,444093761930	,"经典黑,七钩 【加厚加粗】(2个装)",无售后或售后取消,19.9	,79138283921922	,中通快递,****,****,	
260906-368176043632765,已取消,1	,	,	,444093761930	,"经典黑,七钩 【加厚加粗】(2个装)",无售后或售后取消,19.9	,	,	,****,****,	
260906-147691989383337,已收货,1	,2026-09-06 10:50:31,2026-09-11 23:00:06,444093761930	,"经典黑,七钩【加厚加粗】 (3个装)",无售后或售后取消,25.9	,79138124612920	,中通快递,****,****,	
260906-558932958771230,已发货，退款成功,1	,2026-09-06 10:20:22,	,444093761930	,"咖啡色,七钩 【加厚加粗】(2个装)",退款成功,18.4	,79138124604418	,中通快递,****,****,	
260906-439982517852341,已收货,1	,2026-09-06 07:27:37,2026-09-16 09:28:02,444093761930	,"经典黑,七钩 【加厚加粗】(2个装)",无售后或售后取消,19.9	,79138169528215	,中通快递,****,****,	
260906-493753484892341,已取消,1	,	,	,444093761930	,"经典黑,七钩 【加厚加粗】(2个装)",无售后或售后取消,19.9	,	,	,****,****,	
260906-344100770180665,已收货,1	,2026-09-06 07:13:11,2026-09-16 09:28:02,476214691883	,"加粗五钩 玫瑰金,1个装",无售后或售后取消,8.47	,79138169531873	,中通快递,****,****,	
260906-552610118060801,未发货，退款成功,1	,2026-09-06 03:43:42,	,444093761930	,"经典黑,七钩 【加厚加粗】(2个装)",退款成功,19.9	,	,	,****,****,	
260905-100495604081478,已收货,1	,2026-09-05 23:04:55,2026-09-10 15:54:32,444093761930	,"经典黑,淘气猫 【加厚加粗】(2个装)",无售后或售后取消,15.85	,79138169538482	,中通快递,****,****,	
260905-382268905113497,已收货,1	,2026-09-05 22:40:12,2026-09-16 09:28:02,444093761930	,"经典黑,七钩 【加厚加粗】(2个装)",无售后或售后取消,19.9	,79138169552893	,中通快递,****,****,	
260905-470370281761437,已收货,1	,2026-09-05 22:36:33,2026-09-09 14:58:27,455777893867	,"加粗加厚 淘气猫 白色,1个装",无售后或售后取消,6.93	,79138169552467	,中通快递,****,****,	
260905-459863570763766,已收货,1	,2026-09-05 22:21:17,2026-09-16 09:28:02,444093761930	,"雪花白,七钩 【加厚加粗】(2个装)",无售后或售后取消,19.9	,79138169528192	,中通快递,****,****,	
260905-515039567380473,已收货,1	,2026-09-05 22:13:11,2026-09-11 08:48:25,512617681482	,"铁艺橱柜门五钩 黑色,2个装",无售后或售后取消,14.9	,79138169528519	,中通快递,****,****,	
260905-549716006412635,已收货,1	,2026-09-05 21:05:05,2026-09-09 14:09:29,444093761930	,"经典黑,七钩 【加厚加粗】(2个装)",无售后或售后取消,19.9	,79138169531690	,中通快递,****,****,	
260905-240459456092220,已收货,1	,2026-09-05 20:54:27,2026-09-16 09:28:03,444093761930	,"经典黑,七钩 【加厚加粗】(2个装)",无售后或售后取消,19.9	,79138169528098	,中通快递,****,****,	
260905-488615494021115,已收货,1	,2026-09-05 20:51:19,2026-09-16 09:28:02,444093761930	,"咖啡色,七钩 【加厚加粗】(2个装)",无售后或售后取消,18.4	,79138169552470	,中通快递,****,****,	
260905-145794014863070,已收货,1	,2026-09-05 20:19:21,2026-09-10 17:38:32,476214691883	,"加粗五钩 白色,2个装",无售后或售后取消,8.02	,79138169528310	,中通快递,****,****,	
260905-526846553703903,已收货,1	,2026-09-05 19:39:43,2026-09-16 09:28:02,444093761930	,"金色,七钩 【加厚加粗】(2个装)",无售后或售后取消,24.9	,79138169552413	,中通快递,****,****,	
260905-642189945254054,已收货,1	,2026-09-05 19:28:23,2026-09-08 18:59:33,444093761930	,"雪花白,七钩 【加厚加粗】(2个装)",无售后或售后取消,19.9	,79138169552600	,中通快递,****,****,	
260905-541316944252406,已收货,1	,2026-09-05 19:09:54,2026-09-16 09:28:02,444093761930	,"经典黑,七钩 【加厚加粗】(2个装)",无售后或售后取消,9.9	,79138169552638	,中通快递,****,****,	
260905-387773908623398,已收货,1	,2026-09-05 18:35:59,2026-09-16 09:28:03,444093761930	,"经典黑,七钩 【加厚加粗】(2个装)",无售后或售后取消,19.9	,79138169531832	,中通快递,****,****,	
260905-458584308011687,已收货,1	,2026-09-05 16:51:03,2026-09-16 09:28:03,444093761930	,"经典黑,七钩 【加厚加粗】(2个装)",无售后或售后取消,19.9	,79138169531845	,中通快递,****,****,	
260905-282318651773126,已取消,1	,	,	,444093761930	,"经典黑,七钩 【加厚加粗】(2个装)",无售后或售后取消,19.9	,	,	,****,****,	
260905-362765371031914,已收货,1	,2026-09-05 15:38:52,2026-09-15 15:54:12,446257663504	,七钩 黑色【三个装】加厚加粗,无售后或售后取消,24.65	,79137966339162	,中通快递,****,****,	
260905-103567931723442,已收货,1	,2026-09-05 14:43:36,2026-09-15 15:54:12,444093761930	,"咖啡色,七钩 【加厚加粗】(4个装)",无售后或售后取消,31.9	,79137966490981	,中通快递,****,****,	
260905-664598004063174,已发货，退款成功,1	,2026-09-05 14:35:51,	,444093761930	,"经典黑,淘气猫 【加厚加粗】(2个装)",退款成功,15.85	,79137966478729	,中通快递,****,****,	
260905-107835573913742,已收货,1	,2026-09-05 14:31:24,2026-09-15 15:54:12,444093761930	,"经典黑,七钩 【加厚加粗】(2个装)",无售后或售后取消,19.9	,79137966477324	,中通快递,****,****,	
260905-519684789773118,已收货,1	,2026-09-05 12:48:39,2026-09-15 15:54:12,444093761930	,"雪花白,七钩【加厚加粗】 (3个装)",无售后或售后取消,25.9	,79137966339014	,中通快递,****,****,	
260905-464896735622665,已收货,1	,2026-09-05 11:52:57,2026-09-15 15:54:12,444093761930	,"经典黑,七钩 【加厚加粗】(2个装)",无售后或售后取消,19.9	,79137966490900	,中通快递,****,****,	
260905-675996003842318,已收货,1	,2026-09-05 11:24:41,2026-09-15 15:54:12,444093761930	,"金色,七钩 【加厚加粗】(2个装)",无售后或售后取消,24.9	,79137966478558	,中通快递,****,****,	
260905-421779228202114,已收货,1	,2026-09-05 10:36:53,2026-09-15 15:54:12,444093761930	,"经典黑,七钩 【加厚加粗】(2个装)",无售后或售后取消,19.9	,79137966339206	,中通快递,****,****,	
260905-501848553871770,已收货,1	,2026-09-05 09:20:29,2026-09-15 15:54:12,444093761930	,"咖啡色,七钩 【加厚加粗】(2个装)",无售后或售后取消,18.4	,79137966339150	,中通快递,****,****,	
260905-158083377463714,已收货,1	,2026-09-05 07:24:38,2026-09-15 15:54:12,444093761930	,"经典黑,七钩 【加厚加粗】(2个装)",无售后或售后取消,19.9	,79137966491033	,中通快递,****,****,	
260904-597814156853690,已收货,1	,2026-09-04 20:48:04,2026-09-15 15:54:12,444093761930	,"经典黑,七钩 【加厚加粗】(4个装)",无售后或售后取消,31.9	,79137966339226	,中通快递,****,****,	
260904-554067638590425,已收货,1	,2026-09-04 20:47:14,2026-09-15 15:54:12,444093761930	,"咖啡色,七钩 【加厚加粗】(4个装)",无售后或售后取消,31.9	,79137966478686	,中通快递,****,****,	
260904-083508631130762,已收货,1	,2026-09-04 19:13:17,2026-09-15 15:54:12,444093761930	,"经典黑,七钩 【加厚加粗】(2个装)",无售后或售后取消,19.9	,79137966478665	,中通快递,****,****,	
260904-569188062730643,已收货,1	,2026-09-04 18:45:14,2026-09-08 13:55:50,444093761930	,"经典黑,七钩 【加厚加粗】(2个装)",无售后或售后取消,19.9	,79137966490861	,中通快递,****,****,	
260904-265562407303670,已收货,1	,2026-09-04 17:50:10,2026-09-15 15:54:12,444093761930	,"经典黑,七钩 【加厚加粗】(2个装)",无售后或售后取消,19.9	,79137966490818	,中通快递,****,****,	
260904-298215094671016,已收货,1	,2026-09-04 15:05:37,2026-09-15 15:54:12,444093761930	,"经典黑,七钩 【加厚加粗】(2个装)",无售后或售后取消,19.9	,79137966490887	,中通快递,****,****,	
260904-349815499133116,已发货，退款成功,1	,2026-09-04 14:31:16,	,444093761930	,"经典黑,七钩 【加厚加粗】(2个装)",退款成功,19.9	,79137966339188	,中通快递,****,****,	
260904-448371105284041,已收货,1	,2026-09-04 14:30:38,2026-09-15 15:54:12,446257663504	,七钩 黑色【一个装】加厚加粗,无售后或售后取消,12.77	,79137966477337	,中通快递,****,****,	
260904-412100861570999,已收货,1	,2026-09-04 14:23:34,2026-09-07 08:11:16,444093761930	,"咖啡色,七钩 【加厚加粗】(2个装)",无售后或售后取消,18.4	,79137966477340	,中通快递,****,****,	
260904-398626680373502,已收货,1	,2026-09-04 13:20:46,2026-09-14 15:18:23,445247636418	,"黑色,七钩 1个装【加厚加粗】",无售后或售后取消,17.9	,79137966491026	,中通快递,****,****,	
260904-096846487050455,未发货，退款成功,1	,2026-09-04 12:38:12,	,444093761930	,"雪花白,七钩 【加厚加粗】(2个装)",退款成功,18.9	,	,	,****,****,	
260904-501932377670846,已发货，待收货,1	,2026-09-04 11:11:43,	,444093761930	,"经典黑,七钩 【加厚加粗】(2个装)",无售后或售后取消,19.9	,79137966489604	,中通快递,陕西省,咸阳市,	
260904-604147576412341,已取消,1	,	,	,444093761930	,"经典黑,七钩 【加厚加粗】(4个装)",无售后或售后取消,31.9	,	,	,****,****,	
260904-482323996163031,已取消,1	,	,	,444093761930	,"经典黑,七钩 【加厚加粗】(2个装)",无售后或售后取消,19.9	,	,	,****,****,	
260904-432957038160411,已收货,1	,2026-09-04 09:16:36,2026-09-14 10:25:08,446257663504	,七钩 黑色（3个装）,无售后或售后取消,12.77	,79137550393448	,中通快递,****,****,	
260904-192497600070397,已收货,1	,2026-09-04 08:51:49,2026-09-14 10:25:08,444093761930	,"经典黑,七钩 【加厚加粗】(2个装)",无售后或售后取消,19.9	,79137550516988	,中通快递,****,****,	
260904-623273634161262,已收货,1	,2026-09-04 08:06:33,2026-09-09 09:09:19,446257663504	,七钩 黑色（2个装）,无售后或售后取消,7.82	,79137550393619	,中通快递,****,****,	
260904-428385298792150,已收货,1	,2026-09-04 07:59:03,2026-09-07 16:57:02,444093761930	,"咖啡色,七钩 【加厚加粗】(2个装)",无售后或售后取消,18.4	,79137550393456	,中通快递,****,****,	
260904-198013172141021,已收货,1	,2026-09-04 07:22:51,2026-09-14 10:25:08,444093761930	,"经典黑,七钩 【加厚加粗】(2个装)",无售后或售后取消,19.9	,79137550393555	,中通快递,****,****,	
260904-195412703661021,已取消,1	,	,	,444093761930	,"经典黑,七钩 【加厚加粗】(2个装)",无售后或售后取消,19.9	,	,	,****,****,	
260904-372496146051916,已取消,1	,	,	,444093761930	,"经典黑,七钩【加厚加粗】 (3个装)",无售后或售后取消,25.9	,	,	,****,****,	
260903-079482120572247,已收货,1	,2026-09-03 22:56:08,2026-09-14 10:25:08,444093761930	,"经典黑,七钩 【加厚加粗】(2个装)",无售后或售后取消,19.9	,79137550516962	,中通快递,****,****,	
260903-481883604532988,已收货,1	,2026-09-03 22:18:45,2026-09-14 10:25:08,476214691883	,"加粗五钩 白色,2个装",无售后或售后取消,8.02	,79137550516975	,中通快递,****,****,	
260903-619100291433544,已收货,1	,2026-09-03 22:12:01,2026-09-19 10:25:08,444093761930	,"经典黑,七钩【加厚加粗】 (3个装)",无售后或售后取消,25.9	,79137550517162	,中通快递,****,****,	
260903-506462277972816,已收货,1	,2026-09-03 22:04:40,2026-09-14 10:25:08,444093761930	,"经典黑,七钩 【加厚加粗】(2个装)",无售后或售后取消,19.9	,79137550517175	,中通快递,****,****,	
260903-558576473632300,已发货，退款成功,1	,2026-09-03 20:49:21,	,476214691883	,"加粗五钩 黑色,2个装",退款成功,9.29	,79137550516950	,中通快递,****,****,	
260903-242598561382895,已收货,1	,2026-09-03 20:29:06,2026-09-06 18:09:58,444093761930	,"咖啡色,七钩【加厚加粗】 (3个装)",无售后或售后取消,25.9	,79137550508846	,中通快递,****,****,	
260903-485973092671085,未发货，退款成功,1	,2026-09-03 20:17:50,	,444093761930	,"经典黑,七钩 【加厚加粗】(2个装)",退款成功,19.9	,	,	,****,****,	
260903-178719342972718,已收货,1	,2026-09-03 19:25:20,2026-09-06 21:38:26,444093761930	,"经典黑,七钩 【加厚加粗】(2个装)",无售后或售后取消,19.9	,79137550509090	,中通快递,****,****,	
260903-220096172473865,已收货,1	,2026-09-03 19:08:51,2026-09-06 18:09:00,444093761930	,"经典黑,七钩 【加厚加粗】(2个装)",无售后或售后取消,19.9	,79137550393463	,中通快递,****,****,	
260903-322017769782787,已收货,1	,2026-09-03 17:21:07,2026-09-14 10:25:08,446257663504	,七钩 黑色 （高46）一个装配7钩,无售后或售后取消,26.63	,79137550393422	,中通快递,****,****,	
260903-679519240630416,已收货,1	,2026-09-03 15:50:22,2026-09-09 08:13:13,444093761930	,"金色,七钩 【加厚加粗】(2个装)",无售后或售后取消,24.9	,79137550394403	,中通快递,****,****,	
260903-204640120402942,已收货,1	,2026-09-03 15:49:09,2026-09-14 10:25:08,444093761930	,"经典黑,七钩 【加厚加粗】(2个装)",无售后或售后取消,19.9	,79137550517068	,中通快递,****,****,	
260903-181089124693496,已收货,1	,2026-09-03 14:08:22,2026-09-13 15:14:49,446257663504	,七钩 白色（2个装）,无售后或售后取消,7.82	,79137354863624	,中通快递,****,****,	
260903-494560930190553,已收货,1	,2026-09-03 09:37:31,2026-09-13 15:14:49,444093761930	,"雪花白,七钩 【加厚加粗】(2个装)",无售后或售后取消,19.9	,79137354863678	,中通快递,****,****,	
260903-634786998710422,已收货,3	,2026-09-03 08:25:26,2026-09-13 15:14:49,444093761930	,"经典黑,七钩 【加厚加粗】(2个装)",无售后或售后取消,56.72	,79137354863640	,中通快递,****,****,	
260903-179725996400951,已收货,1	,2026-09-03 07:31:32,2026-09-13 15:14:49,444093761930	,"经典黑,七钩 【加厚加粗】(2个装)",无售后或售后取消,19.9	,79137354852948	,中通快递,****,****,	
260903-441177915770056,已收货,1	,2026-09-03 06:49:58,2026-09-08 23:50:16,444093761930	,"经典黑,淘气猫 【加厚加粗】(3个装)",无售后或售后取消,24.39	,79137354863686	,中通快递,****,****,	
260903-499887674892621,已收货,1	,2026-09-03 02:07:18,2026-09-13 15:14:49,476214691883	,"加粗五钩 黑色,1个装",无售后或售后取消,7.67	,79137354852935	,中通快递,****,****,	
260902-571998246431684,已收货,1	,2026-09-02 21:30:13,2026-09-13 15:14:49,446257663504	,七钩 古铜（2个装）,无售后或售后取消,4.82	,79137354863816	,中通快递,****,****,	
260902-315778700934066,已收货,1	,2026-09-02 21:07:02,2026-09-10 16:05:53,444093761930	,"咖啡色,七钩 【加厚加粗】(2个装)",无售后或售后取消,18.4	,79137354855763	,中通快递,****,****,	
260902-502498618894023,已收货,1	,2026-09-02 20:50:23,2026-09-13 15:14:49,444093761930	,"雪花白,七钩 【加厚加粗】(2个装)",无售后或售后取消,19.9	,79137354852828	,中通快递,****,****,	
260902-609023465112706,已收货,1	,2026-09-02 20:44:51,2026-09-13 15:14:49,444093761930	,"经典黑,七钩 【加厚加粗】(2个装)",无售后或售后取消,19.9	,79137354852907	,中通快递,****,****,	
260902-079566027172785,已收货,1	,2026-09-02 20:33:32,2026-09-13 15:14:49,444093761930	,"雪花白,淘气猫 【加厚加粗】(2个装)",无售后或售后取消,15.85	,79137354852869	,中通快递,****,****,	
260902-059286557040731,已收货,1	,2026-09-02 20:01:18,2026-09-13 15:14:49,444093761930	,"金色,七钩 【加厚加粗】(2个装)",无售后或售后取消,24.9	,79137354852856	,中通快递,****,****,	
260902-051936018840342,未发货，退款成功,1	,2026-09-02 19:45:34,	,444093761930	,"经典黑,七钩 【加厚加粗】(2个装)",退款成功,19.9	,	,	,****,****,	
260902-109932736073325,已收货,1	,2026-09-02 02:59:29,2026-09-12 15:25:51,444093761930	,"雪花白,七钩 【加厚加粗】(2个装)",无售后或售后取消,19.9	,79136985362236	,中通快递,****,****,	
260902-124172387914025,已收货,1	,2026-09-02 00:25:45,2026-09-07 15:01:07,476214691883	,"加粗五钩 金色,2个装",无售后或售后取消,10.98	,79136985361992	,中通快递,****,****,	
260901-286817031711671,已收货,1	,2026-09-01 23:08:38,2026-09-12 15:25:51,444093761930	,"金色,七钩 【加厚加粗】(2个装)",无售后或售后取消,24.9	,79136985362031	,中通快递,****,****,	
260901-495368323381074,已收货,1	,2026-09-01 22:36:46,2026-09-12 15:25:51,444093761930	,"雪花白,七钩 【加厚加粗】(2个装)",无售后或售后取消,19.9	,79136985345788	,中通快递,****,****,	
260901-557548848692901,已收货,1	,2026-09-01 22:06:04,2026-09-11 22:16:00,444093761930	,"咖啡色,七钩 【加厚加粗】(2个装)",无售后或售后取消,18.4	,79136985360743	,中通快递,****,****,	
260901-113456003442232,已收货,1	,2026-09-01 22:04:36,2026-09-12 15:25:51,444093761930	,"经典黑,七钩 【加厚加粗】(2个装)",无售后或售后取消,19.9	,79136985360649	,中通快递,****,****,	
260901-409521384982691,已收货,1	,2026-09-01 21:53:01,2026-09-06 12:43:42,476214691883	,"加粗五钩 金色,1个装",无售后或售后取消,9.8	,79136985345946	,中通快递,****,****,	
260901-140100319543965,已收货,1	,2026-09-01 21:43:48,2026-09-12 15:25:51,444093761930	,"经典黑,七钩【加厚加粗】 (3个装)",无售后或售后取消,25.9	,79136985362180	,中通快递,****,****,	
260901-076042801500359,已收货,1	,2026-09-01 21:39:37,2026-09-04 12:44:26,444093761930	,"经典黑,七钩 【加厚加粗】(2个装)",无售后或售后取消,19.9	,79136985362057	,中通快递,****,****,	
260901-237921943923172,已收货,1	,2026-09-01 21:29:49,2026-09-17 15:25:51,444093761930	,"金色,七钩 【加厚加粗】(2个装)",无售后或售后取消,24.9	,79136985345775	,中通快递,****,****,	
260901-627258233253609,已收货,1	,2026-09-01 20:50:29,2026-09-12 15:25:51,444093761930	,"雪花白,七钩 【加厚加粗】(4个装)",无售后或售后取消,31.9	,79136985360623	,中通快递,****,****,	
260901-171043797411978,已收货,1	,2026-09-01 20:33:44,2026-09-12 15:25:51,444093761930	,"咖啡色,七钩【加厚加粗】 (3个装)",无售后或售后取消,22.9	,79136985345734	,中通快递,****,****,	
260901-139733276291231,已收货,2	,2026-09-01 20:18:56,2026-09-12 15:25:51,444093761930	,"咖啡色,七钩 【加厚加粗】(2个装)",无售后或售后取消,34.96	,79136985362098	,中通快递,****,****,	
260901-641760049592256,已收货,1	,2026-09-01 19:55:42,2026-09-12 15:25:51,444093761930	,"经典黑,七钩 【加厚加粗】(2个装)",无售后或售后取消,19.9	,79136985345747	,中通快递,****,****,	
260901-461268600463957,已收货,1	,2026-09-01 19:30:14,2026-09-12 15:25:51,444093761930	,"经典黑,七钩 【加厚加粗】(2个装)",无售后或售后取消,19.9	,79136985360797	,中通快递,****,****,	
260901-011345672602466,已收货,1	,2026-09-01 19:26:32,2026-09-07 10:29:52,444093761930	,"金色,七钩 【加厚加粗】(4个装)",无售后或售后取消,45.9	,79136985360769	,中通快递,****,****,	
260901-023110653542074,已收货,1	,2026-09-01 18:36:22,2026-09-08 08:42:42,444093761930	,"经典黑,七钩 【加厚加粗】(2个装)",无售后或售后取消,19.9	,79136985345959	,中通快递,****,****,	
260901-373481838141975,未发货，退款成功,1	,2026-09-01 18:21:33,	,444093761930	,"咖啡色,七钩 【加厚加粗】(4个装)",退款成功,31.9	,	,	,****,****,	
260901-154381852221975,已取消,1	,	,	,444093761930	,"咖啡色,七钩 【加厚加粗】(4个装)",无售后或售后取消,31.9	,	,	,****,****,	
260901-493134825031217,已收货,1	,2026-09-01 17:35:08,2026-09-12 15:25:51,444093761930	,"经典黑,七钩 【加厚加粗】(2个装)",无售后或售后取消,19.9	,79136985360616	,中通快递,****,****,	
260901-474884349522538,已取消,1	,	,	,476214691883	,"加粗五钩 古铜色,2个装",无售后或售后取消,10.8	,	,	,****,****,	
260901-143198819983560,已收货,1	,2026-09-01 15:06:49,2026-09-11 15:17:33,444093761930	,"经典黑,七钩 【加厚加粗】(2个装)",无售后或售后取消,19.9	,79136698618212	,中通快递,****,****,	
260901-500390960730546,已收货,1	,2026-09-01 14:38:21,2026-09-03 15:13:47,444093761930	,"雪花白,七钩 【加厚加粗】(2个装)",无售后或售后取消,19.9	,79136698628819	,中通快递,****,****,	
260901-006794842411571,已收货,1	,2026-09-01 14:32:52,2026-09-11 15:17:33,444093761930	,"雪花白,七钩 【加厚加粗】(4个装)",无售后或售后取消,31.9	,79136698628982	,中通快递,****,****,	
260901-321692638823649,已收货,1	,2026-09-01 14:24:02,2026-09-11 15:17:33,444093761930	,"经典黑,七钩 【加厚加粗】(2个装)",无售后或售后取消,19.9	,79136698628926	,中通快递,****,****,	
260901-163415334503649,已取消,1	,	,	,444093761930	,"金色,七钩 【加厚加粗】(2个装)",无售后或售后取消,24.9	,	,	,****,****,	
260901-005830110823649,已取消,1	,	,	,444093761930	,"咖啡色,七钩 【加厚加粗】(2个装)",无售后或售后取消,18.4	,	,	,****,****,	
260901-050604285543649,已取消,1	,	,	,444093761930	,"经典黑,七钩 【加厚加粗】(2个装)",无售后或售后取消,19.9	,	,	,****,****,	
260901-079282859602538,已取消,1	,	,	,476214691883	,"加粗五钩 玫瑰金,2个装",无售后或售后取消,10.98	,	,	,****,****,	
260901-329221414533758,已收货,1	,2026-09-01 13:20:19,2026-09-03 22:50:43,444093761930	,"雪花白,七钩 【加厚加粗】(2个装)",无售后或售后取消,19.9	,79136698618118	,中通快递,****,****,	
260901-211151777291610,已收货,1	,2026-09-01 12:09:17,2026-09-03 12:08:33,444093761930	,"金色,七钩 【加厚加粗】(2个装)",无售后或售后取消,24.9	,79136698628806	,中通快递,****,****,	
260901-078014114102297,已收货,1	,2026-09-01 11:14:24,2026-09-04 15:59:58,444093761930	,"经典黑,七钩 【加厚加粗】(2个装)",无售后或售后取消,19.9	,79136698680534	,中通快递,****,****,	
260901-152578301463596,已收货,1	,2026-09-01 10:56:08,2026-09-11 15:17:33,444093761930	,"经典黑,七钩 【加厚加粗】(2个装)",无售后或售后取消,19.9	,79136698628755	,中通快递,****,****,	
260901-224846221642757,已收货,1	,2026-09-01 10:44:07,2026-09-11 15:17:33,444093761930	,"金色,七钩 (3个装)",无售后或售后取消,15.8	,79136698680626	,中通快递,****,****,	
260901-234367249973357,已收货,1	,2026-09-01 10:20:58,2026-09-03 17:59:35,444093761930	,"咖啡色,七钩 【加厚加粗】(2个装)",无售后或售后取消,18.4	,79136698618225	,中通快递,****,****,	
260901-496144300320239,已收货,1	,2026-09-01 01:30:00,2026-09-11 15:17:33,476214691883	,"加粗五钩 白色,1个装",无售后或售后取消,7.82	,79136698628862	,中通快递,****,****,	
260901-313041886731740,已收货,1	,2026-09-01 01:25:48,2026-09-07 15:47:58,444093761930	,"雪花白,七钩 【加厚加粗】(4个装)",无售后或售后取消,31.9	,79136698628776	,中通快递,****,****,	
260831-236841920883459,未发货，退款成功,1	,2026-08-31 22:06:38,	,444093761930	,"经典黑,七钩 【加厚加粗】(2个装)",退款成功,19.9	,	,	,****,****,	
260831-594296256820117,已收货,1	,2026-08-31 21:54:44,2026-09-05 20:20:28,444093761930	,"经典黑,七钩 【加厚加粗】(2个装)",无售后或售后取消,19.9	,79136698618146	,中通快递,****,****,	
260831-217668656670060,已收货,1	,2026-08-31 21:50:07,2026-09-11 15:17:33,444093761930	,"咖啡色,七钩 【加厚加粗】(2个装)",无售后或售后取消,18.4	,79136698617788	,中通快递,****,****,	
260831-048889884213286,已收货,1	,2026-08-31 20:56:01,2026-09-11 15:17:33,476214691883	,"加粗五钩 白色,2个装",无售后或售后取消,8.17	,79136698628906	,中通快递,****,****,	
260831-053839142453286,已取消,1	,	,	,476214691883	,"加粗五钩 白色,2个装",无售后或售后取消,8.17	,	,	,****,****,	
260831-596330463582506,已收货,1	,2026-08-31 20:44:15,2026-09-11 15:17:33,444093761930	,"雪花白,七钩 【加厚加粗】(2个装)",无售后或售后取消,19.9	,79136698680519	,中通快递,****,****,	
260831-622922371373283,已收货,1	,2026-08-31 20:37:42,2026-09-11 15:17:33,444093761930	,"经典黑,七钩 【加厚加粗】(2个装)",无售后或售后取消,19.9	,79136698627177	,中通快递,****,****,	
260831-578861197632098,已收货,1	,2026-08-31 20:33:20,2026-09-11 15:17:33,444093761930	,"经典黑,七钩【加厚加粗】 (3个装)",无售后或售后取消,25.9	,79136698627164	,中通快递,****,****,	
260831-441602599260863,已收货,1	,2026-08-31 20:17:32,2026-09-11 15:17:33,444093761930	,"咖啡色,七钩 【加厚加粗】(2个装)",无售后或售后取消,18.4	,79136698628967	,中通快递,****,****,	
260831-423907837523302,未发货，退款成功,1	,2026-08-31 19:33:51,	,444093761930	,"咖啡色,七钩 【加厚加粗】(2个装)",退款成功,18.4	,	,	,****,****,	
260831-622020564563302,已收货,1	,2026-08-31 19:33:13,2026-09-11 15:17:33,444093761930	,"咖啡色,七钩 【加厚加粗】(2个装)",无售后或售后取消,18.4	,79136698628847	,中通快递,****,****,	
260831-045120305542786,已收货,1	,2026-08-31 19:19:40,2026-09-11 15:17:33,444093761930	,"经典黑,七钩 【加厚加粗】(4个装)",无售后或售后取消,31.9	,79136698618126	,中通快递,****,****,	
260831-318562691433013,已收货,1	,2026-08-31 19:03:30,2026-09-02 16:53:50,444093761930	,"经典黑,七钩 【加厚加粗】(2个装)",无售后或售后取消,19.9	,79136698618133	,中通快递,****,****,	
260831-600860270112388,已收货,1	,2026-08-31 18:59:58,2026-09-02 19:55:28,444093761930	,"经典黑,七钩 【加厚加粗】(2个装)",无售后或售后取消,19.9	,79136698680639	,中通快递,****,****,	
260831-365916373293765,已收货,2	,2026-08-31 17:38:54,2026-09-11 15:17:33,444093761930	,"雪花白,七钩 【加厚加粗】(2个装)",无售后或售后取消,37.81	,79136698680575	,中通快递,****,****,	
260831-142050629243800,已收货,1	,2026-08-31 16:18:38,2026-09-11 15:17:33,444093761930	,"咖啡色,七钩【加厚加粗】 (3个装)",无售后或售后取消,25.9	,79136698680562	,中通快递,****,****,	
260831-195606638203800,已取消,1	,	,	,444093761930	,"咖啡色,七钩【加厚加粗】 (3个装)",无售后或售后取消,25.9	,	,	,****,****,	
260831-360867468882372,已收货,1	,2026-08-31 15:47:47,2026-09-07 19:49:42,444093761930	,"咖啡色,七钩 【加厚加粗】(2个装)",无售后或售后取消,18.4	,79136698628888	,中通快递,****,****,	
260831-063863559811377,已收货,1	,2026-08-31 15:46:28,2026-09-10 12:23:52,444093761930	,"经典黑,七钩 【加厚加粗】(2个装)",无售后或售后取消,19.9	,79136698680547	,中通快递,****,****,	
260831-523580219011377,未发货，退款成功,1	,2026-08-31 15:37:04,	,444093761930	,"经典黑,七钩 【加厚加粗】(2个装)",退款成功,19.9	,	,	,****,****,	
260831-497350090273928,已收货,1	,2026-08-31 15:13:01,2026-09-11 15:17:33,444093761930	,"经典黑,七钩 【加厚加粗】(2个装)",无售后或售后取消,14.9	,79136698618238	,中通快递,****,****,	
260831-116664635683949,已发货，退款成功,1	,2026-08-31 15:08:05,	,444093761930	,"经典黑,七钩【加厚加粗】 (3个装)",退款成功,25.9	,79136698618190	,中通快递,****,****,	
260831-243070452043953,已收货,1	,2026-08-31 14:59:33,2026-09-11 15:17:33,444093761930	,"雪花白,七钩 【加厚加粗】(2个装)",无售后或售后取消,19.9	,79136698628821	,中通快递,****,****,	
260831-509282915910288,已收货,1	,2026-08-31 14:18:07,2026-09-11 15:17:33,444093761930	,"咖啡色,七钩 【加厚加粗】(4个装)",无售后或售后取消,31.9	,79136698628742	,中通快递,****,****,	
260831-635185405510288,已取消,1	,	,	,444093761930	,"咖啡色,七钩 【加厚加粗】(4个装)",无售后或售后取消,31.9	,	,	,****,****,	
260831-288043907423601,已收货,1	,2026-08-31 14:15:34,2026-09-11 15:17:33,444093761930	,"咖啡色,七钩 【加厚加粗】(2个装)",无售后或售后取消,18.4	,79136698680521	,中通快递,****,****,	
260831-087409323521457,已收货,1	,2026-08-31 13:24:01,2026-09-10 14:07:46,444093761930	,"经典黑,七钩 【加厚加粗】(2个装)",无售后或售后取消,19.9	,79136240963847	,中通快递,****,****,	
260831-678061698570370,已收货,1	,2026-08-31 12:13:57,2026-09-06 22:53:26,444093761930	,"经典黑,七钩 【加厚加粗】(2个装)",无售后或售后取消,19.9	,79136240951618	,中通快递,****,****,	
260831-366466854483548,已收货,1	,2026-08-31 11:16:03,2026-09-10 14:07:46,444093761930	,"雪花白,七钩 【加厚加粗】(2个装)",无售后或售后取消,19.9	,79136240969049	,中通快递,****,****,	
260831-585661161073306,已收货,1	,2026-08-31 10:34:16,2026-09-10 14:07:46,444093761930	,"经典黑,七钩 【加厚加粗】(2个装)",无售后或售后取消,19.9	,79136240952469	,中通快递,****,****,	
260831-279592312463353,已收货,1	,2026-08-31 09:32:26,2026-09-10 14:07:46,444093761930	,"经典黑,七钩 【加厚加粗】(2个装)",无售后或售后取消,19.9	,79136240964021	,中通快递,****,****,	
260831-684049057413633,已收货,1	,2026-08-31 09:02:00,2026-09-10 14:07:46,455777893867	,"加粗加厚 淘气猫 白色,1个装",无售后或售后取消,6.93	,79136240952535	,中通快递,****,****,	
260831-578709102093400,已收货,1	,2026-08-31 08:48:35,2026-09-04 14:20:12,444093761930	,"雪花白,七钩 【加厚加粗】(2个装)",无售后或售后取消,19.9	,79136240952336	,中通快递,****,****,	
260831-418895634023314,已收货,1	,2026-08-31 07:28:00,2026-09-03 17:05:45,444093761930	,"经典黑,淘气猫 【加厚加粗】(1个装)",无售后或售后取消,11.9	,79136240969008	,中通快递,****,****,	
260831-578876874244041,未发货，退款成功,1	,2026-08-31 07:14:11,	,446257663504	,七钩 黑色【一个装】加厚加粗,退款成功,12.77	,	,	,****,****,	
260831-548552066574023,已收货,1	,2026-08-31 06:44:46,2026-09-10 14:07:46,444093761930	,"雪花白,七钩 【加厚加粗】(2个装)",无售后或售后取消,19.9	,79136240952109	,中通快递,****,****,	
260831-424180529443595,未发货，退款成功,1	,2026-08-31 06:20:42,	,444093761930	,"经典黑,七钩 【加厚加粗】(2个装)",退款成功,19.9	,	,	,****,****,	
260831-606297198960292,未发货，退款成功,1	,2026-08-31 00:25:47,	,444093761930	,"经典黑,淘气猫 【加厚加粗】(1个装)",退款成功,11.9	,	,	,****,****,	
260830-547807639841907,已发货，退款成功,1	,2026-08-30 23:55:53,	,444093761930	,"咖啡色,七钩 【加厚加粗】(2个装)",退款成功,18.4	,79136240952178	,中通快递,****,****,	
260830-125608989083190,已收货,1	,2026-08-30 23:44:38,2026-09-10 14:07:46,446257663504	,七钩 古铜（2个装）,无售后或售后取消,7.82	,79136240969051	,中通快递,****,****,	
260830-152452503080522,已收货,1	,2026-08-30 23:41:24,2026-09-02 08:30:17,476214691883	,"加粗五钩 古铜色,1个装",无售后或售后取消,7.82	,79136240968997	,中通快递,****,****,	
260830-449923070383824,已收货,1	,2026-08-30 23:32:09,2026-09-10 14:07:46,444093761930	,"经典黑,淘气猫 【加厚加粗】(1个装)",无售后或售后取消,11.9	,79136240969434	,中通快递,****,****,	
260830-319585031771785,已收货,1	,2026-08-30 22:55:22,2026-09-10 14:07:46,444093761930	,"经典黑,七钩【加厚加粗】 (3个装)",无售后或售后取消,25.9	,79136240968969	,中通快递,****,****,	
260830-575982814751104,已收货,1	,2026-08-30 22:51:18,2026-09-10 14:07:46,444093761930	,"经典黑,七钩 【加厚加粗】(4个装)",无售后或售后取消,31.9	,79136240963875	,中通快递,****,****,	
260830-333667449181787,已收货,1	,2026-08-30 21:40:38,2026-09-10 14:07:46,444093761930	,"经典黑,七钩 【加厚加粗】(2个装)",无售后或售后取消,19.9	,79136240952507	,中通快递,****,****,	
260830-107384748443796,已收货,1	,2026-08-30 20:45:08,2026-09-10 14:07:46,444093761930	,"雪花白,淘气猫 【加厚加粗】(2个装)",无售后或售后取消,15.85	,79136240952497	,中通快递,****,****,	
260830-457808331091259,已收货,1	,2026-08-30 20:40:08,2026-09-03 07:51:05,444093761930	,"雪花白,七钩【加厚加粗】 (3个装)",无售后或售后取消,25.9	,79136240952443	,中通快递,****,****,	
260830-436008404540536,已收货,1	,2026-08-30 20:00:01,2026-09-10 14:07:46,444093761930	,"雪花白,淘气猫 【加厚加粗】(2个装)",无售后或售后取消,15.85	,79136240952548	,中通快递,****,****,	
260830-666558809633224,已收货,1	,2026-08-30 19:28:30,2026-09-02 18:42:35,444093761930	,"经典黑,七钩 【加厚加粗】(2个装)",无售后或售后取消,19.9	,79136240964182	,中通快递,****,****,	
260830-393845163583685,已收货,1	,2026-08-30 17:54:58,2026-09-10 14:07:46,444093761930	,"经典黑,七钩 【加厚加粗】(2个装)",无售后或售后取消,19.9	,79136240952073	,中通快递,****,****,	
260830-133127226892240,已收货,1	,2026-08-30 17:44:06,2026-09-10 08:58:06,444093761930	,"雪花白,七钩 【加厚加粗】(2个装)",无售后或售后取消,19.9	,79136240968971	,中通快递,****,****,	
260830-029548931390449,已收货,1	,2026-08-30 17:42:34,2026-09-10 14:07:46,444093761930	,"经典黑,淘气猫 【加厚加粗】(1个装)",无售后或售后取消,11.9	,79136240952140	,中通快递,****,****,	
260830-412383976993641,已收货,1	,2026-08-30 17:32:31,2026-09-03 08:37:36,444093761930	,"咖啡色,淘气猫 【加厚加粗】(2个装)",无售后或售后取消,15.85	,79136240952510	,中通快递,****,****,	
260830-024924679810970,已收货,1	,2026-08-30 17:29:47,2026-09-07 00:13:03,444093761930	,"经典黑,七钩【加厚加粗】 (3个装)",无售后或售后取消,25.9	,79136240964047	,中通快递,****,****,	
260830-053540340002203,已取消,1	,	,	,444093761930	,"经典黑,七钩【加厚加粗】 (3个装)",无售后或售后取消,25.9	,	,	,****,****,	
260830-617758114201643,已收货,1	,2026-08-30 17:09:52,2026-09-10 14:07:46,444093761930	,"咖啡色,七钩 【加厚加粗】(2个装)",无售后或售后取消,18.4	,79136240969383	,中通快递,****,****,	
260830-599764508251119,已收货,1	,2026-08-30 16:16:21,2026-09-04 06:58:34,444093761930	,"经典黑,七钩 【加厚加粗】(2个装)",无售后或售后取消,19.9	,79136240964088	,中通快递,****,****,	
260830-366445862520356,已收货,1	,2026-08-30 16:16:10,2026-09-06 19:17:31,444093761930	,"经典黑,七钩 【加厚加粗】(2个装)",无售后或售后取消,19.9	,79136240969077	,中通快递,****,****,	
260830-114556945972165,未发货，退款成功,1	,2026-08-30 16:11:07,	,444093761930	,"咖啡色,七钩【加厚加粗】 (3个装)",退款成功,25.9	,	,	,****,****,	
260830-051988447551048,已收货,1	,2026-08-30 15:58:39,2026-09-04 00:12:36,444093761930	,"经典黑,淘气猫 【加厚加粗】(1个装)",无售后或售后取消,11.9	,79136240969197	,中通快递,****,****,	
260830-456801728862801,已收货,1	,2026-08-30 15:51:40,2026-09-10 14:07:46,444093761930	,"金色,七钩【加厚加粗】 (1个装)",无售后或售后取消,13.09	,79136240969256	,中通快递,****,****,	
260830-365177158072788,已收货,1	,2026-08-30 15:46:03,2026-09-10 14:07:46,444093761930	,"经典黑,七钩 【加厚加粗】(2个装)",无售后或售后取消,19.9	,79136240963850	,中通快递,****,****,	
260830-578373578390977,已收货,1	,2026-08-30 15:45:06,2026-09-04 05:35:42,444093761930	,"经典黑,七钩 【加厚加粗】(2个装)",无售后或售后取消,19.9	,79136240952349	,中通快递,****,****,	
260830-512407641750977,未发货，退款成功,1	,2026-08-30 15:42:38,	,444093761930	,"经典黑,七钩 【加厚加粗】(2个装)",退款成功,19.9	,	,	,****,****,	
260830-223986337423906,已收货,1	,2026-08-30 15:41:21,2026-09-10 14:07:46,444093761930	,"经典黑,七钩 【加厚加粗】(2个装)",无售后或售后取消,19.9	,79136240969064	,中通快递,****,****,	
260830-510237141433417,已收货,1	,2026-08-30 14:43:22,2026-09-10 14:07:46,444093761930	,"经典黑,七钩 【加厚加粗】(2个装)",无售后或售后取消,19.9	,79136240964226	,中通快递,****,****,	
260830-649131508033698,已收货,1	,2026-08-30 14:05:22,2026-09-10 14:07:46,444093761930	,"经典黑,七钩 【加厚加粗】(2个装)",无售后或售后取消,19.9	,79136240968453	,中通快递,****,****,	
260830-476368094741856,未发货，退款成功,1	,2026-08-30 14:03:53,	,444093761930	,"经典黑,七钩 【加厚加粗】(2个装)",退款成功,19.9	,	,	,****,****,	
260830-642064084562319,未发货，退款成功,1	,2026-08-30 14:01:57,	,444093761930	,"经典黑,七钩 【加厚加粗】(2个装)",退款成功,19.9	,	,	,****,****,	
260830-084116805242561,已收货,1	,2026-08-30 13:46:00,2026-09-03 06:48:10,444093761930	,"经典黑,淘气猫 【加厚加粗】(1个装)",无售后或售后取消,11.31	,79135965252564	,中通快递,****,****,	
260830-478171665962368,已发货，退款成功,1	,2026-08-30 13:33:58,	,444093761930	,"雪花白,七钩 【加厚加粗】(2个装)",退款成功,19.9	,79135965290647	,中通快递,****,****,	
260830-565832609330608,已收货,2	,2026-08-30 13:17:38,2026-09-09 13:53:01,444093761930	,"经典黑,七钩 【加厚加粗】(4个装)",无售后或售后取消,60.61	,79135965252551	,中通快递,****,****,	
260830-044512100782818,已收货,1	,2026-08-30 13:13:16,2026-09-03 09:23:30,444093761930	,"咖啡色,七钩 【加厚加粗】(2个装)",无售后或售后取消,18.4	,79135965290662	,中通快递,****,****,	
260830-268645251372039,已收货,1	,2026-08-30 12:22:24,2026-09-01 20:38:54,444093761930	,"经典黑,七钩【加厚加粗】 (3个装)",无售后或售后取消,25.9	,79135913196293	,中通快递,****,****,	
260830-094088762950562,已收货,1	,2026-08-30 12:18:14,2026-09-05 11:29:46,444093761930	,"经典黑,淘气猫 【加厚加粗】(1个装)",无售后或售后取消,11.9	,79135913188759	,中通快递,****,****,	
260830-319826245951673,已收货,1	,2026-08-30 11:49:53,2026-08-31 17:12:34,444093761930	,"经典黑,七钩 【加厚加粗】(2个装)",无售后或售后取消,16.9	,79135913179424	,中通快递,****,****,	
260830-003187730760321,已收货,1	,2026-08-30 10:48:35,2026-09-05 17:52:01,444093761930	,"咖啡色,七钩 【加厚加粗】(2个装)",无售后或售后取消,18.4	,79135913179585	,中通快递,****,****,	
260830-059192195470936,已收货,1	,2026-08-30 10:28:59,2026-09-09 13:07:27,444093761930	,"经典黑,七钩 【加厚加粗】(2个装)",无售后或售后取消,19.9	,79135913196896	,中通快递,****,****,	
260830-271455414630707,已收货,1	,2026-08-30 10:24:35,2026-09-09 13:07:27,444093761930	,"雪花白,七钩【加厚加粗】 (3个装)",无售后或售后取消,25.9	,79135913188695	,中通快递,****,****,	
260830-653157998200914,已收货,1	,2026-08-30 09:23:46,2026-09-09 13:07:27,444093761930	,"经典黑,淘气猫 【加厚加粗】(2个装)",无售后或售后取消,15.85	,79135913188718	,中通快递,****,****,	
260830-621386197332447,已发货，退款成功,1	,2026-08-30 09:01:13,	,444093761930	,"经典黑,七钩 【加厚加粗】(2个装)",退款成功,19.9	,79135913188151	,中通快递,****,****,	
260830-499845742950875,已收货,1	,2026-08-30 09:00:48,2026-09-09 13:07:27,444093761930	,"经典黑,淘气猫 【加厚加粗】(1个装)",无售后或售后取消,11.9	,79135913179983	,中通快递,****,****,	
260830-638876423752897,已发货，退款成功,1	,2026-08-30 08:44:23,	,444093761930	,"经典黑,七钩【加厚加粗】 (3个装)",退款成功,25.9	,79135913188016	,中通快递,****,****,	
260830-321755573861992,已收货,1	,2026-08-30 08:16:54,2026-09-09 13:07:27,444093761930	,"咖啡色,七钩 【加厚加粗】(2个装)",无售后或售后取消,18.4	,79135913179225	,中通快递,****,****,	
260830-351912619573025,已收货,1	,2026-08-30 08:16:23,2026-09-09 13:07:27,444093761930	,"经典黑,淘气猫 【加厚加粗】(2个装)",无售后或售后取消,15.85	,79135913196939	,中通快递,****,****,	
260830-321535372912933,已取消,1	,	,	,444093761930	,"经典黑,淘气猫 【加厚加粗】(1个装)",无售后或售后取消,11.9	,	,	,****,****,	
260830-338197266773696,已收货,1	,2026-08-30 07:46:43,2026-09-01 07:22:10,444093761930	,"经典黑,七钩 【加厚加粗】(4个装)",无售后或售后取消,31.9	,79135913179437	,中通快递,****,****,	
260830-332272812373696,已取消,1	,	,	,444093761930	,"经典黑,七钩 【加厚加粗】(4个装)",无售后或售后取消,31.9	,	,	,****,****,	
260830-157684928813002,已收货,1	,2026-08-30 07:20:58,2026-09-01 19:33:19,444093761930	,"经典黑,七钩 【加厚加粗】(2个装)",无售后或售后取消,19.9	,79135913188761	,中通快递,****,****,	
260830-630917721613253,已收货,1	,2026-08-30 05:54:26,2026-09-09 13:07:27,446257663504	,七钩 白色（3个装）,无售后或售后取消,12.77	,79135913188116	,中通快递,****,****,	
260830-681794608712593,已收货,1	,2026-08-30 05:09:32,2026-09-01 18:54:31,444093761930	,"经典黑,淘气猫 【加厚加粗】(3个装)",无售后或售后取消,24.39	,79135913188123	,中通快递,****,****,	
260830-266883591823076,已收货,1	,2026-08-30 00:59:24,2026-09-01 10:03:03,444093761930	,"经典黑,七钩 【加厚加粗】(2个装)",无售后或售后取消,19.9	,79135913196240	,中通快递,****,****,	
260830-356327134862649,已收货,1	,2026-08-30 00:55:59,2026-09-09 13:07:27,444093761930	,"经典黑,七钩【加厚加粗】 (3个装)",无售后或售后取消,25.9	,79135913187923	,中通快递,****,****,	
260830-627195308382511,已收货,1	,2026-08-30 00:08:56,2026-09-09 13:07:27,444093761930	,"经典黑,七钩 【加厚加粗】(2个装)",无售后或售后取消,16.9	,79135913188787	,中通快递,****,****,	
260830-317445936783317,已收货,1	,2026-08-30 00:08:46,2026-09-09 13:07:27,444093761930	,"咖啡色,七钩 【加厚加粗】(4个装)",无售后或售后取消,31.9	,79135913197062	,中通快递,****,****,	
260829-176349591933067,已发货，退款成功,1	,2026-08-29 23:54:08,	,444093761930	,"经典黑,七钩【加厚加粗】 (1个装)",退款成功,11.9	,79135913179246	,中通快递,****,****,	
260829-456183017013109,已收货,1	,2026-08-29 23:48:51,2026-09-09 13:07:27,444093761930	,"经典黑,七钩 【加厚加粗】(2个装)",无售后或售后取消,19.9	,79135913196967	,中通快递,****,****,	
260829-124791099753400,已收货,1	,2026-08-29 23:25:23,2026-09-09 13:07:27,444093761930	,"经典黑,七钩 【加厚加粗】(2个装)",无售后或售后取消,19.9	,79135913196278	,中通快递,****,****,	
260829-537919547693930,已收货,1	,2026-08-29 23:24:57,2026-09-09 13:07:27,444093761930	,"经典黑,七钩【加厚加粗】 (1个装)",无售后或售后取消,11.9	,79135913179304	,中通快递,****,****,	
260829-329022247264013,已收货,1	,2026-08-29 23:18:20,2026-09-03 09:18:31,444093761930	,"经典黑,淘气猫 【加厚加粗】(1个装)",无售后或售后取消,11.9	,79135913179702	,中通快递,****,****,	
260829-204891778563270,已收货,1	,2026-08-29 23:17:13,2026-09-02 16:16:42,444093761930	,"经典黑,七钩【加厚加粗】 (1个装)",无售后或售后取消,11.9	,79135913179200	,中通快递,****,****,	
260829-235258529342643,已收货,1	,2026-08-29 23:16:02,2026-09-05 09:29:46,444093761930	,"经典黑,七钩【加厚加粗】 (1个装)",无售后或售后取消,10.71	,79135913179411	,中通快递,****,****,	
260829-422418901433217,已收货,1	,2026-08-29 23:12:05,2026-09-09 13:07:27,444093761930	,"经典黑,淘气猫 【加厚加粗】(2个装)",无售后或售后取消,15.85	,79135913179572	,中通快递,****,****,	
260829-146569991772449,已收货,1	,2026-08-29 23:02:19,2026-09-14 13:07:27,444093761930	,"经典黑,七钩【加厚加粗】 (3个装)",无售后或售后取消,25.9	,79135913179373	,中通快递,****,****,	
260829-381241280133906,已收货,1	,2026-08-29 22:46:18,2026-09-01 16:37:43,444093761930	,"经典黑,七钩 【加厚加粗】(2个装)",无售后或售后取消,19.9	,79135913188044	,中通快递,****,****,	
260829-235090767433197,已收货,1	,2026-08-29 22:45:48,2026-09-09 13:07:27,444093761930	,"经典黑,七钩 【加厚加粗】(2个装)",无售后或售后取消,19.9	,79135913188733	,中通快递,****,****,	
260829-308459671931202,已收货,1	,2026-08-29 22:44:15,2026-09-12 13:07:27,444093761930	,"金色,七钩 (3个装)",无售后或售后取消,15.8	,79135913179253	,中通快递,****,****,	
260829-082334267741704,已收货,1	,2026-08-29 22:31:58,2026-09-09 13:07:27,444093761930	,"经典黑,七钩 【加厚加粗】(2个装)",无售后或售后取消,19.9	,79135913179399	,中通快递,****,****,	
260829-347749794112080,已收货,1	,2026-08-29 22:22:41,2026-09-20 13:07:27,444093761930	,"金色,七钩【加厚加粗】 (1个装)",无售后或售后取消,13.09	,79135913180084	,中通快递,****,****,	
260829-266642450770464,已收货,1	,2026-08-29 22:20:04,2026-09-09 13:07:27,444093761930	,"经典黑,七钩【加厚加粗】 (1个装)",无售后或售后取消,6.9	,79135913188098	,中通快递,****,****,	
260829-045906685523801,已收货,1	,2026-08-29 22:10:15,2026-09-09 13:07:27,444093761930	,"咖啡色,七钩【加厚加粗】 (3个装)",无售后或售后取消,25.9	,79135913188682	,中通快递,****,****,	
260829-612913681990132,已取消,1	,	,	,444093761930	,"经典黑,七钩【加厚加粗】 (1个装)",无售后或售后取消,11.9	,	,	,****,****,	
260829-033523034410737,已收货,1	,2026-08-29 21:50:42,2026-09-09 13:07:27,444093761930	,"经典黑,七钩【加厚加粗】 (1个装)",无售后或售后取消,11.9	,79135913196120	,中通快递,****,****,	
260829-192917062002410,已收货,1	,2026-08-29 21:24:42,2026-09-09 13:07:27,444093761930	,"经典黑,七钩 【加厚加粗】(2个装)",无售后或售后取消,19.9	,79135913188031	,中通快递,****,****,	
260829-620274696562410,已取消,1	,	,	,444093761930	,"咖啡色,七钩 【加厚加粗】(2个装)",无售后或售后取消,18.4	,	,	,****,****,	
260829-060062513531713,已收货,1	,2026-08-29 20:53:19,2026-09-09 13:07:27,476214691883	,"加粗五钩 白色,2个装",无售后或售后取消,8.17	,79135913188085	,中通快递,****,****,	
260829-473589378693045,已收货,1	,2026-08-29 20:41:48,2026-09-09 13:07:27,444093761930	,"经典黑,七钩【加厚加粗】 (1个装)",无售后或售后取消,11.9	,79135913196875	,中通快递,****,****,	
260829-475655063061969,已收货,1	,2026-08-29 20:32:49,2026-09-09 13:07:27,444093761930	,"雪花白,七钩 【加厚加粗】(4个装)",无售后或售后取消,29.9	,79135913196303	,中通快递,****,****,	
260829-360311755154048,已收货,1	,2026-08-29 20:09:19,2026-09-09 13:07:27,444093761930	,"经典黑,七钩【加厚加粗】 (1个装)",无售后或售后取消,11.31	,79135913196888	,中通快递,****,****,	
260829-269242939710834,已收货,1	,2026-08-29 19:43:13,2026-09-09 13:07:27,444093761930	,"经典黑,七钩【加厚加粗】 (1个装)",无售后或售后取消,11.9	,79135913196954	,中通快递,****,****,	
260829-589058599204035,已收货,1	,2026-08-29 19:27:19,2026-09-03 06:34:39,444093761930	,"经典黑,七钩【加厚加粗】 (1个装)",无售后或售后取消,11.9	,79135913179345	,中通快递,****,****,	
260829-503735959871644,已收货,1	,2026-08-29 18:33:39,2026-09-01 21:38:44,444093761930	,"金色,七钩【加厚加粗】 (1个装)",无售后或售后取消,13.09	,79135913188774	,中通快递,****,****,	
260829-261756044891861,已收货,1	,2026-08-29 18:19:23,2026-09-09 13:07:27,444093761930	,"经典黑,七钩 【加厚加粗】(2个装)",无售后或售后取消,19.9	,79135913188149	,中通快递,****,****,	
260829-418014850653373,已收货,1	,2026-08-29 16:43:36,2026-09-09 13:07:27,444093761930	,"经典黑,七钩【加厚加粗】 (1个装)",无售后或售后取消,11.9	,79135913188108	,中通快递,****,****,	
260829-025637721703465,已收货,1	,2026-08-29 16:39:18,2026-09-09 13:07:27,444093761930	,"经典黑,七钩【加厚加粗】 (1个装)",无售后或售后取消,11.9	,79135913179677	,中通快递,****,****,	
260829-122358341242640,已收货,1	,2026-08-29 16:30:40,2026-09-03 07:35:44,444093761930	,"咖啡色,七钩 【加厚加粗】(2个装)",无售后或售后取消,18.4	,79135913188057	,中通快递,****,****,	
260829-248554514743303,已收货,1	,2026-08-29 16:15:34,2026-09-04 16:53:35,444093761930	,"经典黑,七钩【加厚加粗】 (1个装)",无售后或售后取消,11.9	,79135913188072	,中通快递,****,****,	
260829-124109504831837,未发货，退款成功,1	,2026-08-29 16:14:10,	,444093761930	,"经典黑,七钩【加厚加粗】 (1个装)",退款成功,11.9	,	,	,****,****,	
260829-275450457723825,已发货，退款成功,1	,2026-08-29 16:09:03,	,444093761930	,"经典黑,七钩【加厚加粗】 (1个装)",退款成功,11.9	,79135913196926	,中通快递,****,****,	
260829-367001617941846,已收货,1	,2026-08-29 16:01:06,2026-09-09 13:07:27,444093761930	,"经典黑,淘气猫 【加厚加粗】(1个装)",无售后或售后取消,11.9	,79135913179332	,中通快递,****,****,	
260829-605542182460658,已收货,1	,2026-08-29 14:48:44,2026-09-09 13:07:27,444093761930	,"经典黑,七钩【加厚加粗】 (1个装)",无售后或售后取消,11.9	,79135913179649	,中通快递,****,****,	
260829-007046510911450,已收货,1	,2026-08-29 14:18:02,2026-09-09 13:07:27,444093761930	,"金色,七钩 (3个装)",无售后或售后取消,15.8	,79135913196906	,中通快递,****,****,	
260829-141557798422807,已收货,1	,2026-08-29 14:15:58,2026-09-09 13:07:27,444093761930	,"经典黑,淘气猫 【加厚加粗】(1个装)",无售后或售后取消,11.9	,79135913196329	,中通快递,****,****,	
260829-060995715412979,已收货,1	,2026-08-29 13:13:05,2026-09-05 17:27:22,476214691883	,"加粗五钩 古铜色,1个装",无售后或售后取消,7.82	,79135913179636	,中通快递,****,****,	
260829-184465518130545,已收货,1	,2026-08-29 12:52:57,2026-09-09 13:07:27,444093761930	,"经典黑,七钩【加厚加粗】 (1个装)",无售后或售后取消,11.9	,79135913179976	,中通快递,****,****,	
260829-290277322341393,已收货,1	,2026-08-29 12:06:34,2026-09-09 13:07:27,476214691883	,"加粗五钩 白色,2个装",无售后或售后取消,8.17	,79135913188401	,中通快递,****,****,	
260829-062295938711021,已收货,1	,2026-08-29 11:53:45,2026-09-09 13:07:27,444093761930	,"经典黑,七钩【加厚加粗】 (1个装)",无售后或售后取消,11.9	,79135913197075	,中通快递,****,****,	
260829-464078836102060,已收货,1	,2026-08-29 12:13:11,2026-09-03 21:11:00,444093761930	,"经典黑,七钩 【加厚加粗】(2个装)",无售后或售后取消,19.9	,79135913196117	,中通快递,****,****,	
260829-675125727653788,已收货,1	,2026-08-29 11:14:37,2026-09-09 13:07:27,444093761930	,"经典黑,七钩【加厚加粗】 (1个装)",无售后或售后取消,11.9	,79135913179320	,中通快递,****,****,	
260829-033984428401640,已收货,1	,2026-08-29 10:57:06,2026-09-03 16:15:34,444093761930	,"经典黑,七钩 【加厚加粗】(2个装)",无售后或售后取消,18.91	,79135913188746	,中通快递,****,****,	
260829-652686190980087,已收货,1	,2026-08-29 10:48:51,2026-09-09 13:07:27,444093761930	,"经典黑,七钩【加厚加粗】 (1个装)",无售后或售后取消,11.9	,79135913196569	,中通快递,****,****,	
260829-644161288542348,已收货,1	,2026-08-29 10:05:00,2026-09-09 13:07:27,444093761930	,"经典黑,七钩【加厚加粗】 (3个装)",无售后或售后取消,25.9	,79135913196316	,中通快递,****,****,	
260829-368868073031698,已收货,1	,2026-08-29 10:03:42,2026-09-09 13:07:27,444093761930	,"经典黑,七钩 【加厚加粗】(4个装)",无售后或售后取消,31.9	,79135913197047	,中通快递,****,****,	
260829-035116817991698,未发货，退款成功,1	,2026-08-29 10:01:48,	,444093761930	,"经典黑,七钩 【加厚加粗】(4个装)",退款成功,31.9	,	,	,****,****,	
260829-405127893361168,已收货,1	,2026-08-29 09:48:02,2026-09-09 13:07:27,444093761930	,"雪花白,七钩 【加厚加粗】(2个装)",无售后或售后取消,19.9	,79135913196173	,中通快递,****,****,	
260829-022376629823842,已收货,1	,2026-08-29 09:17:11,2026-09-09 13:07:27,444093761930	,"经典黑,七钩 【加厚加粗】(2个装)",无售后或售后取消,19.9	,79135913196995	,中通快递,****,****,	
260829-040359718512148,已收货,1	,2026-08-29 08:41:58,2026-09-09 13:07:27,444093761930	,"经典黑,七钩 【加厚加粗】(2个装)",无售后或售后取消,19.9	,79135913196237	,中通快递,****,****,	
260829-358675966383669,已收货,1	,2026-08-29 08:27:49,2026-09-09 13:07:27,444093761930	,"经典黑,七钩【加厚加粗】 (1个装)",无售后或售后取消,11.9	,79135913188812	,中通快递,****,****,	
260829-648984686122750,已收货,1	,2026-08-29 07:43:02,2026-09-09 13:07:27,444093761930	,"经典黑,七钩【加厚加粗】 (3个装)",无售后或售后取消,25.9	,79135913196982	,中通快递,****,****,	
260829-525881895311424,已收货,1	,2026-08-29 07:39:27,2026-09-09 13:07:27,444093761930	,"经典黑,七钩【加厚加粗】 (1个装)",无售后或售后取消,11.9	,79135913196344	,中通快递,****,****,	
260829-670669269392189,已收货,1	,2026-08-29 07:27:55,2026-09-02 19:14:28,444093761930	,"经典黑,七钩【加厚加粗】 (3个装)",无售后或售后取消,25.9	,79135913179651	,中通快递,****,****,	
260829-024756917772042,已收货,1	,2026-08-29 06:32:56,2026-09-09 13:07:27,444093761930	,"经典黑,淘气猫 【加厚加粗】(2个装)",无售后或售后取消,15.85	,79135913196211	,中通快递,****,****,	
260829-567699116461704,已收货,1	,2026-08-29 06:22:57,2026-09-02 16:18:34,444093761930	,"经典黑,七钩【加厚加粗】 (1个装)",无售后或售后取消,11.9	,79135913188136	,中通快递,****,****,	
260829-467937533443055,已收货,1	,2026-08-29 05:09:08,2026-09-09 13:07:27,444093761930	,"经典黑,七钩 【加厚加粗】(2个装)",无售后或售后取消,19.9	,79135913179996	,中通快递,****,****,	
260829-087891678752536,已收货,1	,2026-08-29 00:09:58,2026-09-09 13:07:27,444093761930	,"经典黑,七钩【加厚加粗】 (1个装)",无售后或售后取消,11.9	,79135913197034	,中通快递,****,****,	
260828-004634775841581,已收货,1	,2026-08-28 23:46:42,2026-09-09 13:07:27,444093761930	,"咖啡色,七钩 【加厚加粗】(2个装)",无售后或售后取消,18.4	,79135913179366	,中通快递,****,****,	
260828-418434333110913,已收货,1	,2026-08-28 23:40:42,2026-09-09 13:07:27,444093761930	,"经典黑,淘气猫 【加厚加粗】(1个装)",无售后或售后取消,11.9	,79135913197006	,中通快递,****,****,	
260828-672871299381046,已收货,1	,2026-08-28 23:17:22,2026-09-09 13:07:27,444093761930	,"经典黑,七钩 【加厚加粗】(2个装)",无售后或售后取消,19.9	,79135913179238	,中通快递,****,****,	
260828-336551022902028,已收货,1	,2026-08-28 22:55:10,2026-09-01 19:15:00,444093761930	,"经典黑,七钩 【加厚加粗】(2个装)",无售后或售后取消,19.9	,79135913187949	,中通快递,****,****,	
260828-015120535880196,已收货,1	,2026-08-28 22:29:49,2026-09-09 13:07:27,444093761930	,"经典黑,七钩【加厚加粗】 (1个装)",无售后或售后取消,11.9	,79135913196265	,中通快递,****,****,	
260828-538737385090137,已收货,1	,2026-08-28 21:51:42,2026-09-09 13:07:27,444093761930	,"咖啡色,七钩 【加厚加粗】(2个装)",无售后或售后取消,18.4	,79135913188838	,中通快递,****,****,	
260828-532645200231553,已收货,1	,2026-08-28 21:34:07,2026-09-09 13:07:27,444093761930	,"经典黑,淘气猫 【加厚加粗】(3个装)",无售后或售后取消,24.39	,79135913196199	,中通快递,****,****,	
260828-521121360261611,已收货,1	,2026-08-28 17:20:39,2026-09-09 13:07:27,476214691883	,"加粗五钩 玫瑰金,1个装",无售后或售后取消,9.8	,79135913180015	,中通快递,****,****,	
260828-590579024281522,未发货，退款成功,1	,2026-08-28 15:49:54,	,476214691883	,"加粗五钩 白色,1个装",退款成功,7.44	,	,	,****,****,	
260828-161082294681522,已收货,1	,2026-08-28 15:49:54,2026-09-09 13:07:27,476214691883	,"加粗五钩 白色,2个装",无售后或售后取消,7.76	,79135913196252	,中通快递,****,****,	
260828-513298951742795,已收货,1	,2026-08-28 15:45:35,2026-09-09 13:07:27,444093761930	,"经典黑,七钩【加厚加粗】 (1个装)",无售后或售后取消,11.9	,79135913196331	,中通快递,****,****,	
260828-433827398043807,已收货,1	,2026-08-28 14:14:26,2026-08-31 18:27:22,444093761930	,"经典黑,七钩【加厚加粗】 (1个装)",无售后或售后取消,11.9	,79135420070898	,中通快递,****,****,	
260828-495462663823153,已收货,1	,2026-08-28 14:00:28,2026-08-31 10:44:10,444093761930	,"咖啡色,七钩 【加厚加粗】(2个装)",无售后或售后取消,18.4	,79135420070923	,中通快递,****,****,	
260828-342192309903079,已收货,1	,2026-08-28 13:08:36,2026-09-01 15:17:47,444093761930	,"经典黑,七钩 【加厚加粗】(2个装)",无售后或售后取消,19.9	,79135420070964	,中通快递,****,****,	
260828-168202146122909,已收货,1	,2026-08-28 11:43:05,2026-09-03 17:27:32,444093761930	,"咖啡色,淘气猫 【加厚加粗】(3个装)",无售后或售后取消,25.9	,79135419956645	,中通快递,****,****,	
260828-049922763112324,已收货,1	,2026-08-28 11:18:16,2026-08-30 12:55:10,444093761930	,"经典黑,七钩 【加厚加粗】(2个装)",无售后或售后取消,19.9	,79135296587928	,中通快递,****,****,	
260828-117650265731584,已收货,1	,2026-08-28 11:12:08,2026-09-10 14:07:46,444093761930	,"经典黑,七钩 【加厚加粗】(2个装)",无售后或售后取消,16.9	,79136240979860	,中通快递,****,****,	
260828-413694759290897,已收货,1	,2026-08-28 10:29:02,2026-08-30 15:01:47,444093761930	,"经典黑,七钩 【加厚加粗】(2个装)",无售后或售后取消,19.9	,79135296604286	,中通快递,****,****,	
260828-453655970100421,已收货,1	,2026-08-28 09:41:01,2026-09-07 09:43:43,444093761930	,"咖啡色,七钩 【加厚加粗】(2个装)",无售后或售后取消,18.4	,79135229322278	,中通快递,****,****,	
260828-574787448473137,已收货,1	,2026-08-28 09:30:19,2026-09-07 09:38:07,444093761930	,"雪花白,七钩【加厚加粗】 (3个装)",无售后或售后取消,25.9	,79135225044548	,中通快递,****,****,	
260828-436385902152284,已收货,1	,2026-08-28 09:26:37,2026-09-03 08:44:44,444093761930	,"经典黑,七钩 【加厚加粗】(2个装)",无售后或售后取消,19.9	,79135225072410	,中通快递,****,****,	
260828-144955216273294,已收货,1	,2026-08-28 08:42:36,2026-08-30 18:11:08,444093761930	,"经典黑,七钩【加厚加粗】 (1个装)",无售后或售后取消,11.9	,79135225054016	,中通快递,****,****,	
260828-341091357092887,已收货,1	,2026-08-28 06:12:40,2026-09-07 09:38:07,444093761930	,"咖啡色,七钩 【加厚加粗】(2个装)",无售后或售后取消,18.4	,79135225096334	,中通快递,****,****,	
260828-135874506242941,已收货,1	,2026-08-28 05:25:18,2026-09-07 09:38:07,444093761930	,"经典黑,七钩【加厚加粗】 (1个装)",无售后或售后取消,11.9	,79135225095432	,中通快递,****,****,	
260827-556668096931182,已收货,1	,2026-08-27 23:57:07,2026-09-07 09:38:07,444093761930	,"经典黑,七钩【加厚加粗】 (3个装)",无售后或售后取消,25.9	,79135225095511	,中通快递,****,****,	
260827-185702889850452,已收货,1	,2026-08-27 23:48:31,2026-09-07 09:38:07,444093761930	,"经典黑,七钩【加厚加粗】 (1个装)",无售后或售后取消,11.9	,79135225095466	,中通快递,****,****,	
260827-206024292651605,已收货,1	,2026-08-27 23:08:11,2026-09-07 09:38:07,444093761930	,"雪花白,七钩 【加厚加粗】(2个装)",无售后或售后取消,19.9	,79135225096441	,中通快递,****,****,	
260827-304506488423373,已收货,1	,2026-08-27 22:32:49,2026-09-07 09:38:07,444093761930	,"经典黑,七钩 【加厚加粗】(2个装)",无售后或售后取消,19.9	,79135225044734	,中通快递,****,****,	
260827-443317031342935,未发货，退款成功,1	,2026-08-27 22:26:37,	,444093761930	,"经典黑,淘气猫 【加厚加粗】(4个装)",退款成功,31.2	,	,	,****,****,	
260827-432186345001535,已收货,1	,2026-08-27 22:20:55,2026-09-07 09:38:07,444093761930	,"经典黑,淘气猫 【加厚加粗】(3个装)",无售后或售后取消,24.39	,79135225050817	,中通快递,****,****,	
260827-519716236942138,已收货,1	,2026-08-27 22:14:10,2026-09-07 09:38:07,444093761930	,"雪花白,七钩 【加厚加粗】(2个装)",无售后或售后取消,19.9	,79135225096375	,中通快递,****,****,	
260827-025082018181532,已收货,1	,2026-08-27 21:33:54,2026-09-07 09:38:07,444093761930	,"经典黑,七钩【加厚加粗】 (1个装)",无售后或售后取消,11.9	,79135225095509	,中通快递,****,****,	
260827-304391145051240,已发货，退款成功,1	,2026-08-27 21:22:19,	,444093761930	,"经典黑,七钩 【加厚加粗】(2个装)",退款成功,19.9	,79135225072422	,中通快递,****,****,	
260827-064068011563397,已收货,1	,2026-08-27 21:17:51,2026-09-07 09:38:07,444093761930	,"咖啡色,淘气猫 【加厚加粗】(2个装)",无售后或售后取消,15.85	,79135225044627	,中通快递,****,****,	
260827-005709534853458,已收货,1	,2026-08-27 21:01:24,2026-09-07 09:38:07,444093761930	,"经典黑,七钩 【加厚加粗】(2个装)",无售后或售后取消,19.9	,79135225095524	,中通快递,****,****,	
260827-051359301921669,已收货,1	,2026-08-27 20:06:57,2026-09-07 09:38:07,444093761930	,"经典黑,七钩【加厚加粗】 (1个装)",无售后或售后取消,11.9	,79135225095565	,中通快递,****,****,	
260827-483456478850429,已收货,1	,2026-08-27 19:27:34,2026-09-07 09:38:07,444093761930	,"雪花白,七钩 【加厚加粗】(4个装)",无售后或售后取消,31.9	,79135225050832	,中通快递,****,****,	
260827-322783168073507,未发货，退款成功,1	,2026-08-27 19:25:09,	,444093761930	,"雪花白,七钩 【加厚加粗】(4个装)",退款成功,31.9	,	,	,****,****,	
260827-052764352073195,已收货,1	,2026-08-27 19:23:23,2026-08-30 19:42:29,444093761930	,"经典黑,七钩 【加厚加粗】(2个装)",无售后或售后取消,19.9	,79135225050646	,中通快递,****,****,	
260827-416274256180502,已收货,1	,2026-08-27 18:59:10,2026-09-07 09:38:07,444093761930	,"经典黑,七钩 【加厚加粗】(2个装)",无售后或售后取消,19.9	,79135225044614	,中通快递,****,****,	
260827-005693775471518,已收货,1	,2026-08-27 18:38:00,2026-09-07 09:38:07,444093761930	,"经典黑,七钩【加厚加粗】 (1个装)",无售后或售后取消,8.9	,79135225054085	,中通快递,****,****,	
260827-612871718481389,已收货,1	,2026-08-27 18:33:50,2026-09-07 09:38:07,444093761930	,"经典黑,七钩【加厚加粗】 (1个装)",无售后或售后取消,11.9	,79135225096426	,中通快递,****,****,	
260827-489276065283411,已收货,1	,2026-08-27 18:30:10,2026-09-07 09:38:07,444093761930	,"经典黑,七钩 【加厚加粗】(2个装)",无售后或售后取消,19.9	,79135225095540	,中通快递,****,****,	
260827-076221027891854,已收货,1	,2026-08-27 18:19:59,2026-09-07 09:38:07,444093761930	,"雪花白,七钩 【加厚加粗】(2个装)",无售后或售后取消,19.9	,79135225095486	,中通快递,****,****,	
260827-172291550860802,已收货,1	,2026-08-27 17:59:41,2026-08-31 18:36:18,444093761930	,"经典黑,七钩【加厚加粗】 (1个装)",无售后或售后取消,11.9	,79135225054057	,中通快递,****,****,	
260827-520324432252189,已收货,1	,2026-08-27 17:30:06,2026-09-07 09:38:07,444093761930	,"经典黑,七钩【加厚加粗】 (3个装)",无售后或售后取消,25.9	,79135225044676	,中通快递,****,****,	
260827-039562842422636,已收货,1	,2026-08-27 17:25:51,2026-09-07 09:38:07,444093761930	,"经典黑,七钩【加厚加粗】 (1个装)",无售后或售后取消,11.9	,79135225044719	,中通快递,****,****,	
260827-391852889633790,已取消,1	,	,	,444093761930	,"经典黑,七钩 【加厚加粗】(2个装)",无售后或售后取消,19.9	,	,	,****,****,	
260827-479833648691922,已收货,1	,2026-08-27 16:51:08,2026-09-07 09:38:07,444093761930	,"经典黑,七钩【加厚加粗】 (1个装)",无售后或售后取消,11.9	,79135225072435	,中通快递,****,****,	
260827-061761196340149,未发货，退款成功,1	,2026-08-27 16:47:03,	,444093761930	,"经典黑,七钩【加厚加粗】 (3个装)",退款成功,25.9	,	,	,****,****,	
260827-528293598863296,已取消,1	,	,	,476214691883	,"加粗五钩 玫瑰金,3个装",无售后或售后取消,14.16	,	,	,****,****,	
260827-362325000621054,已收货,1	,2026-08-27 15:58:58,2026-09-07 09:38:07,444093761930	,"金色,七钩 【加厚加粗】(2个装)",无售后或售后取消,24.9	,79135225072491	,中通快递,****,****,	
260827-100715784561829,已收货,1	,2026-08-27 15:00:09,2026-08-30 11:06:42,444093761930	,"咖啡色,七钩 【加厚加粗】(2个装)",无售后或售后取消,18.4	,79135075438192	,中通快递,****,****,	
260827-496259581550835,已收货,1	,2026-08-27 14:34:43,2026-09-01 08:42:19,444093761930	,"经典黑,七钩 【加厚加粗】(2个装)",无售后或售后取消,19.9	,79135075437752	,中通快递,****,****,	
260827-117461553442133,已收货,1	,2026-08-27 13:44:32,2026-08-31 11:12:40,444093761930	,"经典黑,七钩【加厚加粗】 (1个装)",无售后或售后取消,11.9	,79135075437709	,中通快递,****,****,	
260827-302493264242402,未发货，退款成功,1	,2026-08-27 13:33:14,	,444093761930	,"经典黑,淘气猫 【加厚加粗】(2个装)",退款成功,15.85	,	,	,****,****,	
260827-327176733024094,未发货，退款成功,1	,2026-08-27 13:14:15,	,444093761930	,"雪花白,七钩 【加厚加粗】(2个装)",退款成功,13.9	,	,	,****,****,	
260827-458762493583665,已收货,1	,2026-08-27 11:56:37,2026-09-06 15:46:41,444093761930	,"雪花白,七钩 【加厚加粗】(2个装)",无售后或售后取消,19.9	,79135075486963	,中通快递,****,****,	
260827-134165327463559,未发货，退款成功,1	,2026-08-27 11:56:26,	,444093761930	,"经典黑,七钩【加厚加粗】 (1个装)",退款成功,11.9	,	,	,****,****,	
260827-468089587343665,未发货，退款成功,1	,2026-08-27 11:55:15,	,444093761930	,"经典黑,七钩【加厚加粗】 (1个装)",退款成功,11.9	,	,	,****,****,	
260827-597960999261963,已收货,1	,2026-08-27 11:39:25,2026-08-29 19:59:30,444093761930	,"经典黑,七钩【加厚加粗】 (1个装)",无售后或售后取消,11.9	,79135075479644	,中通快递,****,****,	
260827-609484880301696,已收货,1	,2026-08-27 11:25:01,2026-09-06 15:46:41,444093761930	,"经典黑,七钩 【加厚加粗】(2个装)",无售后或售后取消,19.9	,79135075479246	,中通快递,****,****,	
260827-606622267700294,已收货,1	,2026-08-27 11:13:20,2026-09-03 23:26:48,444093761930	,"经典黑,七钩 【加厚加粗】(2个装)",无售后或售后取消,19.9	,79135075486884	,中通快递,****,****,	
260827-212452043063218,已收货,1	,2026-08-27 11:05:55,2026-09-06 15:46:41,444093761930	,"金色,七钩 (3个装)",无售后或售后取消,15.8	,79135075479312	,中通快递,****,****,	
260827-096175440280697,已收货，退款成功,1	,2026-08-27 11:02:54,2026-09-06 15:47:11,444093761930	,"经典黑,七钩 【加厚加粗】(2个装)",退款成功,19.9	,79135075437737	,中通快递,****,****,	
260827-099006595432679,已收货,1	,2026-08-27 10:50:25,2026-09-06 15:46:41,444093761930	,"经典黑,七钩 【加厚加粗】(4个装)",无售后或售后取消,31.9	,79135075438057	,中通快递,****,****,	
260827-177754663332353,已收货,1	,2026-08-27 10:35:13,2026-09-01 13:49:40,444093761930	,"雪花白,七钩 【加厚加粗】(2个装)",无售后或售后取消,19.9	,79135075487028	,中通快递,****,****,	
260827-322154064251921,已收货,1	,2026-08-27 10:01:02,2026-08-30 22:03:50,444093761930	,"经典黑,七钩【加厚加粗】 (3个装)",无售后或售后取消,25.9	,79135075479631	,中通快递,****,****,	
260827-163535983013473,已收货,1	,2026-08-27 08:42:38,2026-08-29 16:16:39,446257663504	,七钩 白色【二个装】加厚加粗,无售后或售后取消,19.7	,79135075437699	,中通快递,****,****,	
260827-477982943563799,已收货,1	,2026-08-27 08:26:35,2026-09-11 15:46:41,444093761930	,"经典黑,七钩 【加厚加粗】(2个装)",无售后或售后取消,19.9	,79135075438136	,中通快递,****,****,	
260827-100810104402827,未发货，退款成功,1	,2026-08-27 07:13:54,	,444093761930	,"经典黑,七钩【加厚加粗】 (1个装)",退款成功,11.9	,	,	,****,****,	
260827-410412726600504,已收货,1	,2026-08-27 00:28:18,2026-09-06 15:46:41,444093761930	,"雪花白,七钩 【加厚加粗】(2个装)",无售后或售后取消,19.9	,79135075486871	,中通快递,****,****,	
260827-431489094012583,已收货,1	,2026-08-27 00:06:41,2026-09-06 15:46:41,444093761930	,"经典黑,七钩【加厚加粗】 (1个装)",无售后或售后取消,11.9	,79135075438072	,中通快递,****,****,	
260826-372795031972412,已收货,1	,2026-08-26 23:32:49,2026-09-06 15:46:41,444093761930	,"经典黑,七钩 【加厚加粗】(2个装)",无售后或售后取消,19.9	,79135075486922	,中通快递,****,****,	
260826-678077479332412,已取消,1	,	,	,444093761930	,"经典黑,七钩 【加厚加粗】(2个装)",无售后或售后取消,19.9	,	,	,****,****,	
260826-442336612700341,已收货,1	,2026-08-26 22:49:53,2026-09-06 15:46:41,444093761930	,"金色,七钩 【加厚加粗】(2个装)",无售后或售后取消,24.9	,79135075486991	,中通快递,****,****,	
260826-667890542903509,已发货，退款成功,1	,2026-08-26 19:24:06,	,444093761930	,"经典黑,七钩【加厚加粗】 (1个装)",退款成功,11.9	,79135075438164	,中通快递,****,****,	
260826-356143623813063,已收货,1	,2026-08-26 17:49:07,2026-09-06 15:46:41,444093761930	,"经典黑,七钩【加厚加粗】 (1个装)",无售后或售后取消,11.9	,79135075438202	,中通快递,****,****,	
260826-063423157832020,已收货,1	,2026-08-26 15:09:54,2026-09-05 16:00:02,444093761930	,"雪花白,七钩 【加厚加粗】(2个装)",无售后或售后取消,19.9	,79134727900379	,中通快递,****,****,	
260826-483713369672020,未发货，退款成功,1	,2026-08-26 15:06:16,	,444093761930	,"雪花白,七钩 【加厚加粗】(2个装)",退款成功,19.9	,	,	,****,****,	
260826-521703267912020,未发货，退款成功,1	,2026-08-26 15:02:14,	,444093761930	,"雪花白,七钩 【加厚加粗】(2个装)",退款成功,19.9	,	,	,****,****,	
260826-103772352120217,已收货,1	,2026-08-26 14:31:32,2026-09-05 16:00:02,444093761930	,"雪花白,七钩 【加厚加粗】(2个装)",无售后或售后取消,19.9	,79134727896593	,中通快递,****,****,	
260826-400010822041529,未发货，退款成功,1	,2026-08-26 13:53:39,	,476214691883	,"加粗五钩 玫瑰金,3个装",退款成功,14.16	,	,	,****,****,	
260826-514148350381854,已收货,1	,2026-08-26 13:49:25,2026-08-29 09:37:42,444093761930	,"雪花白,七钩 【加厚加粗】(2个装)",无售后或售后取消,19.9	,79134727946266	,中通快递,****,****,	
260826-534658486572061,已收货,1	,2026-08-26 12:56:52,2026-09-05 16:00:02,446257663504	,七钩 黑色【四个装】加厚加粗,无售后或售后取消,31.58	,79134727946281	,中通快递,****,****,	
260826-542879260250288,已取消,1	,	,	,444093761930	,"雪花白,七钩 【加厚加粗】(2个装)",无售后或售后取消,19.9	,	,	,****,****,	
260826-141673141850288,已取消,1	,	,	,444093761930	,"雪花白,七钩 【加厚加粗】(2个装)",无售后或售后取消,19.9	,	,	,****,****,	
260826-325876457050288,已取消,1	,	,	,444093761930	,"雪花白,七钩【加厚加粗】 (3个装)",无售后或售后取消,25.9	,	,	,****,****,	
260826-340535601483045,已收货,1	,2026-08-26 11:27:09,2026-09-03 13:09:16,444093761930	,"经典黑,七钩【加厚加粗】 (1个装)",无售后或售后取消,11.9	,79134727946238	,中通快递,****,****,	
260826-637544711722109,已收货,1	,2026-08-26 11:23:42,2026-09-05 16:00:02,444093761930	,"经典黑,七钩 【加厚加粗】(2个装)",无售后或售后取消,19.9	,79134727900458	,中通快递,****,****,	
260826-514766979451228,已收货,1	,2026-08-26 10:47:54,2026-08-28 18:47:13,444093761930	,"经典黑,七钩【加厚加粗】 (1个装)",无售后或售后取消,11.9	,79134727900473	,中通快递,****,****,	
260826-024295555501157,已收货,1	,2026-08-26 10:39:55,2026-09-05 16:00:02,444093761930	,"雪花白,淘气猫 【加厚加粗】(2个装)",无售后或售后取消,15.85	,79134727946279	,中通快递,****,****,	
260826-013757324843431,已收货,1	,2026-08-26 10:30:24,2026-09-05 16:00:02,444093761930	,"经典黑,七钩【加厚加粗】 (1个装)",无售后或售后取消,11.9	,79134727900486	,中通快递,****,****,	
260826-575731218740423,已收货,1	,2026-08-26 10:13:49,2026-09-03 19:31:17,444093761930	,"经典黑,七钩 【加厚加粗】(2个装)",无售后或售后取消,19.9	,79134727900511	,中通快递,****,****,	
260826-147178155600181,已收货,1	,2026-08-26 08:25:06,2026-08-28 18:46:03,444093761930	,"经典黑,七钩 【加厚加粗】(4个装)",无售后或售后取消,28.9	,79134727946317	,中通快递,****,****,	
260826-097140130172771,已收货,1	,2026-08-26 08:02:06,2026-08-31 21:11:00,444093761930	,"经典黑,七钩 【加厚加粗】(2个装)",无售后或售后取消,19.9	,79134727946253	,中通快递,****,****,	
260826-187265205860850,未发货，退款成功,1	,2026-08-26 07:30:21,	,444093761930	,"雪花白,七钩 【加厚加粗】(2个装)",退款成功,19.9	,	,	,****,****,	
260826-057063523940850,已取消,1	,	,	,444093761930	,"雪花白,七钩 【加厚加粗】(2个装)",无售后或售后取消,19.9	,	,	,****,****,	
260826-653262917980106,已收货,1	,2026-08-26 04:41:50,2026-09-05 16:00:02,444093761930	,"雪花白,七钩 【加厚加粗】(2个装)",无售后或售后取消,19.9	,79134727896616	,中通快递,****,****,	
260826-520733355631016,未发货，退款成功,1	,2026-08-26 01:35:34,	,476214691883	,"加粗五钩 白色,2个装",退款成功,8.02	,	,	,****,****,	
260826-572732229143524,已收货,1	,2026-08-26 01:14:07,2026-08-30 12:13:23,444093761930	,"经典黑,七钩【加厚加粗】 (1个装)",无售后或售后取消,11.9	,79134727900417	,中通快递,****,****,	
260826-039845937593232,已取消,1	,	,	,444093761930	,"咖啡色,七钩 【加厚加粗】(2个装)",无售后或售后取消,18.4	,	,	,****,****,	
260825-319464435240713,已收货,1	,2026-08-25 23:33:54,2026-09-05 16:00:02,444093761930	,"雪花白,七钩 【加厚加粗】(2个装)",无售后或售后取消,19.9	,79134727900540	,中通快递,****,****,	
260825-622251230850429,未发货，退款成功,1	,2026-08-25 23:30:07,	,444093761930	,"雪花白,七钩 【加厚加粗】(4个装)",退款成功,31.9	,	,	,****,****,	
260825-174388702851545,已发货，退款成功,1	,2026-08-25 23:12:45,	,444093761930	,"咖啡色,七钩 【加厚加粗】(2个装)",退款成功,18.4	,79134727900432	,中通快递,****,****,	
260825-217280693902941,已收货,1	,2026-08-25 22:51:11,2026-08-31 09:32:56,444093761930	,"经典黑,七钩【加厚加粗】 (1个装)",无售后或售后取消,11.9	,79134727900524	,中通快递,****,****,	
260825-372737370500968,已收货,1	,2026-08-25 22:47:23,2026-09-05 16:00:02,444093761930	,"经典黑,七钩【加厚加粗】 (1个装)",无售后或售后取消,11.9	,79134727900751	,中通快递,****,****,	
260825-254877376010558,已收货,1	,2026-08-25 22:24:45,2026-09-05 16:00:02,444093761930	,"经典黑,七钩【加厚加粗】 (1个装)",无售后或售后取消,11.9	,79134727897015	,中通快递,****,****,	
260825-613925589290639,已收货,1	,2026-08-25 22:19:37,2026-09-05 16:00:02,444093761930	,"经典黑,七钩 【加厚加粗】(2个装)",无售后或售后取消,19.9	,79134727946304	,中通快递,****,****,	
260825-232983129642448,已收货,1	,2026-08-25 21:44:20,2026-09-05 16:00:02,444093761930	,"经典黑,七钩 【加厚加粗】(2个装)",无售后或售后取消,19.9	,79134727896540	,中通快递,****,****,	
260825-135769680211708,已收货,1	,2026-08-25 19:37:53,2026-09-05 16:00:02,444093761930	,"经典黑,七钩【加厚加粗】 (1个装)",无售后或售后取消,11.9	,79134727900466	,中通快递,****,****,	
260825-519097629013430,已收货,1	,2026-08-25 16:48:55,2026-08-29 08:35:07,444093761930	,"经典黑,七钩 【加厚加粗】(2个装)",无售后或售后取消,19.9	,79134727896552	,中通快递,****,****,	
260825-467622991392878,未发货，退款成功,1	,2026-08-25 15:46:02,	,444093761930	,"经典黑,七钩【加厚加粗】 (1个装)",退款成功,11.9	,	,	,****,****,	
260825-477500598602901,已收货,1	,2026-08-25 12:51:11,2026-09-05 16:00:02,444093761930	,"经典黑,七钩 【加厚加粗】(2个装)",无售后或售后取消,19.9	,79134727896897	,中通快递,****,****,	
260825-539639232891389,已收货,1	,2026-08-25 10:51:23,2026-08-27 11:26:25,444093761930	,"经典黑,七钩 【加厚加粗】(2个装)",无售后或售后取消,19.9	,79134314855928	,中通快递,****,****,	
260825-198946404641420,已收货,1	,2026-08-25 10:02:10,2026-09-04 10:10:51,444093761930	,"经典黑,七钩【加厚加粗】 (1个装)",无售后或售后取消,9.9	,79134330064573	,中通快递,****,****,	
260825-108108255591779,已收货,1	,2026-08-25 08:17:53,2026-09-04 10:10:51,444093761930	,"咖啡色,七钩【加厚加粗】 (3个装)",无售后或售后取消,25.9	,79134329845046	,中通快递,****,****,	
260825-685024295313582,已收货,1	,2026-08-25 07:51:11,2026-09-04 10:10:51,444093761930	,"雪花白,七钩【加厚加粗】 (3个装)",无售后或售后取消,25.9	,79134329844879	,中通快递,****,****,	
260825-020940142933537,已取消,1	,	,	,444093761930	,"经典黑,七钩 【加厚加粗】(2个装)",无售后或售后取消,19.9	,	,	,****,****,	
260825-244622344531342,已收货,1	,2026-08-25 00:26:35,2026-08-27 19:33:57,444093761930	,"经典黑,七钩 【加厚加粗】(2个装)",无售后或售后取消,19.9	,79134330064479	,中通快递,****,****,	
260824-372139660881013,未发货，退款成功,1	,2026-08-24 22:46:38,	,444093761930	,"雪花白,七钩 【加厚加粗】(2个装)",退款成功,19.9	,	,	,****,****,	
260824-061928906272407,已收货,1	,2026-08-24 21:08:03,2026-09-04 10:10:51,444093761930	,"经典黑,淘气猫 【加厚加粗】(2个装)",无售后或售后取消,15.85	,79134329845186	,中通快递,****,****,	
260824-151959651900480,已收货,1	,2026-08-24 20:52:27,2026-09-04 10:10:51,444093761930	,"经典黑,淘气猫 【加厚加粗】(2个装)",无售后或售后取消,15.85	,79134329847786	,中通快递,****,****,	
260824-246037880454009,已收货,1	,2026-08-24 19:56:37,2026-09-04 10:10:51,444093761930	,"经典黑,七钩 【加厚加粗】(4个装)",无售后或售后取消,31.9	,79134329847679	,中通快递,****,****,	
260824-568296762992147,已收货,1	,2026-08-24 18:07:09,2026-09-04 10:10:51,444093761930	,"金色,七钩【加厚加粗】 (1个装)",无售后或售后取消,13.09	,79134329844866	,中通快递,****,****,	
260824-530002798983196,已收货,1	,2026-08-24 18:05:07,2026-09-04 10:10:51,476214691883	,"加粗五钩 白色,2个装",无售后或售后取消,8.02	,79134329847413	,中通快递,****,****,	
260824-378955374142066,已收货,1	,2026-08-24 17:28:22,2026-08-29 17:02:21,444093761930	,"咖啡色,七钩 【加厚加粗】(2个装)",无售后或售后取消,18.4	,79134329844917	,中通快递,****,****,	
260824-433366055350525,已取消,1	,	,	,476214691883	,"加粗五钩 白色,2个装",无售后或售后取消,8.02	,	,	,****,****,	
260824-584014927363685,已收货,1	,2026-08-24 16:50:22,2026-08-31 21:18:59,444093761930	,"经典黑,淘气猫 【加厚加粗】(3个装)",无售后或售后取消,24.39	,79134329847694	,中通快递,****,****,	
260824-607985344012975,已收货,1	,2026-08-24 14:23:36,2026-08-30 12:45:58,476214691883	,"加粗五钩 白色,2个装",无售后或售后取消,8.02	,79134329847799	,中通快递,****,****,	
260824-215901806211584,未发货，退款成功,1	,2026-08-24 11:52:00,	,444093761930	,"金色,七钩 【加厚加粗】(2个装)",退款成功,19.9	,	,	,****,****,	
260824-375222443671166,未发货，退款成功,1	,2026-08-24 06:08:58,	,444093761930	,"经典黑,七钩【加厚加粗】 (3个装)",退款成功,25.9	,	,	,****,****,	
260824-593934477750973,已发货，退款成功,1	,2026-08-24 04:32:32,	,446257663504	,七钩 古铜【三个装】加厚加粗,退款成功,24.65	,79134329845610	,中通快递,****,****,	
260824-447427459452737,已收货,1	,2026-08-24 04:20:25,2026-09-04 10:10:51,444093761930	,"咖啡色,七钩 【加厚加粗】(2个装)",无售后或售后取消,18.4	,79134329845012	,中通快递,****,****,	
260824-015739175273180,已收货,2	,2026-08-24 01:43:22,2026-09-04 10:10:51,473143171945	,萌猫 壁挂款 古铜色,无售后或售后取消,22.01	,79134330064678	,中通快递,****,****,	
260824-183647660332105,已收货,1	,2026-08-24 01:21:45,2026-09-04 10:10:51,444093761930	,"咖啡色,七钩 【加厚加粗】(2个装)",无售后或售后取消,18.4	,79134330064545	,中通快递,****,****,	
260823-512428613180254,已收货,1	,2026-08-23 23:47:48,2026-09-04 10:10:51,444093761930	,"咖啡色,七钩【加厚加粗】 (3个装)",无售后或售后取消,25.9	,79134330064665	,中通快递,****,****,	
260823-485836756630151,已收货,1	,2026-08-23 23:40:56,2026-09-04 10:10:51,444093761930	,"咖啡色,七钩【加厚加粗】 (3个装)",无售后或售后取消,25.9	,79134330064915	,中通快递,****,****,	
260823-540729689671335,已收货,1	,2026-08-23 22:24:16,2026-09-04 10:10:51,444093761930	,"雪花白,七钩 【加厚加粗】(2个装)",无售后或售后取消,19.9	,79134329844973	,中通快递,****,****,	
260823-120219308383646,已收货,1	,2026-08-23 22:07:54,2026-09-04 10:10:51,446257663504	,七钩 白色（2个装）,无售后或售后取消,7.82	,79134329847625	,中通快递,****,****,	
260823-588418988363127,已收货,1	,2026-08-23 17:14:03,2026-09-04 10:10:51,476214691883	,"加粗五钩 白色,2个装",无售后或售后取消,8.02	,79134329844920	,中通快递,****,****,	
260823-144892291373924,已收货,1	,2026-08-23 17:08:49,2026-09-04 10:10:51,444093761930	,"咖啡色,七钩 【加厚加粗】(2个装)",无售后或售后取消,18.4	,79134329847097	,中通快递,****,****,	
260823-452900953662228,已收货,1	,2026-08-23 16:59:40,2026-08-27 22:56:20,446257663504	,七钩 白色（2个装）,无售后或售后取消,7.82	,79134330064520	,中通快递,****,****,	
260823-647999046060871,已收货,1	,2026-08-23 12:04:12,2026-08-27 09:32:33,444093761930	,"经典黑,七钩【加厚加粗】 (3个装)",无售后或售后取消,25.9	,79133771253597	,中通快递,****,****,	
260823-191019118110164,已收货,1	,2026-08-23 08:49:35,2026-08-25 23:32:02,444093761930	,"经典黑,七钩【加厚加粗】 (3个装)",无售后或售后取消,22.9	,79133742824694	,中通快递,****,****,	
260823-175342959010410,已发货，退款成功,1	,2026-08-23 06:55:58,	,444093761930	,"经典黑,淘气猫 【加厚加粗】(1个装)",退款成功,11.9	,79133742867421	,中通快递,****,****,	
260823-515731648143535,已收货,1	,2026-08-23 01:58:33,2026-09-02 10:30:09,444093761930	,"经典黑,淘气猫 【加厚加粗】(1个装)",无售后或售后取消,8.9	,79133742867554	,中通快递,****,****,	
260823-378200451391121,已收货，退款成功,1	,2026-08-23 01:29:42,2026-09-02 10:30:09,444093761930	,"咖啡色,七钩【加厚加粗】 (3个装)",退款成功,20.9	,79133742867475	,中通快递,****,****,	
260822-013652519282237,未发货，退款成功,1	,2026-08-22 23:36:01,	,444093761930	,"金色,七钩【加厚加粗】 (1个装)",退款成功,13.09	,	,	,****,****,	
260822-348085327373632,已收货,1	,2026-08-22 22:45:48,2026-08-25 16:50:57,444093761930	,"经典黑,淘气猫 【加厚加粗】(2个装)",无售后或售后取消,15.85	,79133742824518	,中通快递,****,****,	
260822-406061136213702,已收货,1	,2026-08-22 22:45:15,2026-09-02 10:30:09,444093761930	,"雪花白,淘气猫 【加厚加粗】(2个装)",无售后或售后取消,15.85	,79133742867450	,中通快递,****,****,	
260822-403460615750231,已收货,1	,2026-08-22 22:18:19,2026-09-02 10:30:09,444093761930	,"金色,七钩【加厚加粗】 (1个装)",无售后或售后取消,13.09	,79133742867496	,中通快递,****,****,	
260822-000230725160898,已收货,1	,2026-08-22 22:17:15,2026-08-31 14:00:27,444093761930	,"金色,七钩 【加厚加粗】(2个装)",无售后或售后取消,24.9	,79133742824388	,中通快递,****,****,	
260822-655548823893280,已收货,1	,2026-08-22 22:15:59,2026-09-02 10:30:09,444093761930	,"金色,七钩【加厚加粗】 (1个装)",无售后或售后取消,13.09	,79133742824546	,中通快递,****,****,	
260822-521939249532426,已收货,1	,2026-08-22 21:46:26,2026-08-27 12:05:52,444093761930	,"金色,七钩【加厚加粗】 (1个装)",无售后或售后取消,13.09	,79133742824600	,中通快递,****,****,	
260822-410978957603852,已收货,1	,2026-08-22 17:34:53,2026-09-02 10:30:09,444093761930	,"雪花白,七钩 【加厚加粗】(2个装)",无售后或售后取消,19.9	,79133742867342	,中通快递,****,****,	
260822-449440673401272,已收货,1	,2026-08-22 17:23:42,2026-09-02 10:30:09,476214691883	,"加粗五钩 白色,2个装",无售后或售后取消,8.02	,79133742824681	,中通快递,****,****,	
260822-342517378702941,已收货,1	,2026-08-22 16:00:21,2026-08-26 20:07:20,444093761930	,"金色,七钩【加厚加粗】 (1个装)",无售后或售后取消,13.09	,79133742867506	,中通快递,****,****,	
260822-564951826811100,已收货,1	,2026-08-22 12:13:44,2026-09-02 10:30:09,444093761930	,"雪花白,七钩 【加厚加粗】(2个装)",无售后或售后取消,19.9	,79133742867462	,中通快递,****,****,	
260822-258337707613959,已收货,1	,2026-08-22 10:01:00,2026-09-02 10:30:09,444093761930	,"金色,七钩【加厚加粗】 (1个装)",无售后或售后取消,13.09	,79133742855935	,中通快递,****,****,	
260822-642525468250721,已收货,1	,2026-08-22 07:22:09,2026-09-02 10:30:09,444093761930	,"经典黑,淘气猫 【加厚加粗】(1个装)",无售后或售后取消,11.9	,79133742824495	,中通快递,****,****,	
260821-170834030101947,已收货,1	,2026-08-21 23:15:04,2026-09-02 10:30:09,446257663504	,七钩 古铜【三个装】加厚加粗,无售后或售后取消,24.65	,79133742867419	,中通快递,****,****,	
260821-463491571342657,已收货，退款成功,1	,2026-08-21 22:37:03,2026-09-02 10:30:54,444093761930	,"雪花白,七钩 【加厚加粗】(2个装)",退款成功,19.9	,79133742855836	,中通快递,****,****,	
260821-466280793690983,已收货,1	,2026-08-21 21:57:04,2026-09-02 10:30:09,476214691883	,"加粗五钩 白色,2个装",无售后或售后取消,7.45	,79133742824470	,中通快递,****,****,	
260821-140561620542781,已收货,1	,2026-08-21 21:28:28,2026-09-02 10:30:09,444093761930	,"金色,七钩【加厚加粗】 (1个装)",无售后或售后取消,13.09	,79133742824666	,中通快递,****,****,	
260821-218439422352707,已收货,1	,2026-08-21 20:39:51,2026-09-02 10:30:09,444093761930	,"经典黑,七钩【加厚加粗】 (3个装)",无售后或售后取消,25.9	,79133742855922	,中通快递,****,****,	
260821-078611812723472,已收货,1	,2026-08-21 19:28:08,2026-08-29 18:51:14,444093761930	,"经典黑,七钩【加厚加粗】 (3个装)",无售后或售后取消,25.9	,79133742867539	,中通快递,****,****,	
260821-607188436502979,已发货，退款成功,1	,2026-08-21 18:35:35,	,444093761930	,"金色,七钩 【加厚加粗】(2个装)",退款成功,24.9	,79133742856135	,中通快递,****,****,	
260821-088311130514015,已收货,1	,2026-08-21 15:55:12,2026-08-26 10:06:59,444093761930	,"咖啡色,七钩 【加厚加粗】(4个装)",无售后或售后取消,31.9	,79133742867289	,中通快递,****,****,	
260821-151697559891014,未发货，退款成功,1	,2026-08-21 14:53:17,	,444093761930	,"经典黑,淘气猫 【加厚加粗】(1个装)",退款成功,11.9	,	,	,****,****,	
260821-030083725680213,未发货，退款成功,1	,2026-08-21 12:32:12,	,444093761930	,"金色,七钩 (3个装)",退款成功,15.8	,	,	,****,****,	
260821-538810816143293,已收货,1	,2026-08-21 11:05:45,2026-08-31 15:15:14,444093761930	,"咖啡色,七钩 【加厚加粗】(2个装)",无售后或售后取消,18.4	,79133278985283	,中通快递,****,****,	
260821-090638937692307,已收货,1	,2026-08-21 08:24:02,2026-08-31 15:15:14,446257663504	,七钩 白色（2个装）,无售后或售后取消,7.82	,79133279011321	,中通快递,****,****,	
260821-123448860291584,已收货,1	,2026-08-21 07:56:00,2026-08-31 15:15:14,444093761930	,"经典黑,七钩【加厚加粗】 (3个装)",无售后或售后取消,22.9	,79133279011242	,中通快递,****,****,	
260821-235279500942378,已收货,1	,2026-08-21 07:27:57,2026-08-25 12:21:45,444093761930	,"经典黑,淘气猫 【加厚加粗】(2个装)",无售后或售后取消,15.85	,79133279011201	,中通快递,****,****,	
260821-085784041021878,已收货,1	,2026-08-21 04:35:10,2026-08-31 15:15:14,444093761930	,"咖啡色,七钩 【加厚加粗】(2个装)",无售后或售后取消,18.4	,79133278985350	,中通快递,****,****,	
260821-520345392770569,已收货,1	,2026-08-21 01:43:26,2026-08-31 15:15:14,444093761930	,"金色,七钩【加厚加粗】 (1个装)",无售后或售后取消,13.09	,79133278985388	,中通快递,****,****,	
260821-625549033801167,未发货，退款成功,1	,2026-08-21 00:31:27,	,444093761930	,"雪花白,七钩 【加厚加粗】(2个装)",退款成功,19.9	,	,	,****,****,	
260820-281783856643668,已收货,1	,2026-08-20 23:44:04,2026-08-31 15:15:14,444093761930	,"金色,七钩【加厚加粗】 (1个装)",无售后或售后取消,13.09	,79133279007864	,中通快递,****,****,	
260820-141861854761004,未发货，退款成功,1	,2026-08-20 23:35:27,	,444093761930	,"经典黑,淘气猫 【加厚加粗】(2个装)",退款成功,15.85	,	,	,****,****,	
260820-008325721621060,已收货,1	,2026-08-20 23:28:38,2026-08-23 18:06:25,444093761930	,"雪花白,七钩 【加厚加粗】(2个装)",无售后或售后取消,19.9	,79133279011255	,中通快递,****,****,	
260820-678565036443788,已收货,1	,2026-08-20 22:13:20,2026-08-31 15:15:14,444093761930	,"经典黑,淘气猫 【加厚加粗】(1个装)",无售后或售后取消,11.9	,79133279007915	,中通快递,****,****,	
260820-118510109072274,已收货,1	,2026-08-20 21:32:26,2026-08-31 15:15:14,444093761930	,"雪花白,七钩 【加厚加粗】(4个装)",无售后或售后取消,31.9	,79133279011230	,中通快递,****,****,	
260820-491132044950278,已收货,1	,2026-08-20 18:26:48,2026-08-23 18:36:52,476214691883	,"加粗五钩 白色,2个装",无售后或售后取消,8.02	,79133278986236	,中通快递,****,****,	
260820-404414841251159,未发货，退款成功,1	,2026-08-20 17:04:36,	,444093761930	,"金色,七钩 【加厚加粗】(4个装)",退款成功,45.9	,	,	,****,****,	
260820-272462057843203,已收货,1	,2026-08-20 16:15:07,2026-08-24 15:51:53,476214691883	,"加粗五钩 白色,2个装",无售后或售后取消,8.02	,79133279007851	,中通快递,****,****,	
260820-595779981621536,已收货,1	,2026-08-20 15:24:00,2026-09-03 20:40:56,444093761930	,"经典黑,淘气猫 【加厚加粗】(1个装)",无售后或售后取消,8.9	,79132937847165	,中通快递,****,****,	
260820-038902208092072,已发货，退款成功,3	,2026-08-20 14:39:28,	,444093761930	,"咖啡色,淘气猫 【加厚加粗】(4个装)",退款成功,90.92	,79132937846291	,中通快递,****,****,	
260820-680043486761298,已收货,1	,2026-08-20 13:52:21,2026-08-30 15:45:02,444093761930	,"咖啡色,七钩 【加厚加粗】(2个装)",无售后或售后取消,18.4	,79132937867985	,中通快递,****,****,	
260820-550145891883132,已收货,1	,2026-08-20 12:59:08,2026-08-30 15:45:02,444093761930	,"经典黑,七钩 【加厚加粗】(2个装)",无售后或售后取消,19.9	,79132937869352	,中通快递,****,****,	
260820-307253767703771,已取消,1	,	,	,444093761930	,"金色,七钩【加厚加粗】 (1个装)",无售后或售后取消,13.09	,	,	,****,****,	
260820-273972017583987,未发货，退款成功,1	,2026-08-20 10:32:38,	,446257663504	,七钩 黑色【一个装】加厚加粗,退款成功,12.77	,	,	,****,****,	
260820-352678101353180,已收货,1	,2026-08-20 09:19:55,2026-08-30 15:45:02,473143171945	,萌猫 壁挂款 古铜色,无售后或售后取消,12.46	,79132937846330	,中通快递,****,****,	
260820-158471308951861,已发货，退款成功,1	,2026-08-20 05:14:35,	,444093761930	,"咖啡色,七钩 【加厚加粗】(2个装)",退款成功,18.4	,79132937846993	,中通快递,****,****,	
260820-365407814051909,已收货,1	,2026-08-20 01:09:15,2026-08-30 15:45:02,446257663504	,七钩 黑色【二个装】加厚加粗,无售后或售后取消,18.06	,79132937846368	,中通快递,****,****,	
260819-125367806362617,已收货,1	,2026-08-19 20:41:29,2026-08-25 23:21:38,444093761930	,"经典黑,淘气猫 【加厚加粗】(3个装)",无售后或售后取消,23.18	,79132937868103	,中通快递,****,****,	
260819-373628638742040,已收货,1	,2026-08-19 12:57:08,2026-08-29 15:49:04,444093761930	,"咖啡色,七钩 【加厚加粗】(2个装)",无售后或售后取消,18.4	,79132641837016	,中通快递,****,****,	
260819-503085801040438,已收货,1	,2026-08-19 12:01:11,2026-08-22 00:04:58,444093761930	,"雪花白,七钩 【加厚加粗】(2个装)",无售后或售后取消,19.9	,79132641832062	,中通快递,****,****,	
260819-383485274531664,未发货，退款成功,1	,2026-08-19 11:24:42,	,444093761930	,"雪花白,淘气猫 【加厚加粗】(4个装)",退款成功,31.9	,	,	,****,****,	
260819-579516526233351,已收货,1	,2026-08-19 11:17:51,2026-09-09 11:35:06,444093761930	,"雪花白,七钩 【加厚加粗】(2个装)",无售后或售后取消,19.9	,79132596508149	,中通快递,****,****,	
260819-507563241113351,已取消,1	,	,	,444093761930	,"雪花白,七钩【加厚加粗】 (3个装)",无售后或售后取消,25.9	,	,	,****,****,	
260819-607398193453735,未发货，退款成功,1	,2026-08-19 09:47:09,	,444093761930	,"雪花白,七钩 【加厚加粗】(2个装)",退款成功,19.9	,	,	,****,****,	
260819-407654941060168,已收货,1	,2026-08-19 09:10:37,2026-08-29 11:35:06,444093761930	,"雪花白,七钩 【加厚加粗】(2个装)",无售后或售后取消,19.9	,79132596500646	,中通快递,****,****,	
260819-008912903693099,已收货,1	,2026-08-19 09:06:45,2026-08-22 19:22:30,444093761930	,"经典黑,七钩【加厚加粗】 (3个装)",无售后或售后取消,25.9	,79132596500505	,中通快递,****,****,	
260819-480929400403013,已收货,1	,2026-08-19 08:39:13,2026-08-29 11:35:06,444093761930	,"雪花白,淘气猫 【加厚加粗】(2个装)",无售后或售后取消,7.85	,79132596508256	,中通快递,****,****,	
260819-212158389782809,已收货,1	,2026-08-19 08:30:04,2026-09-03 11:35:06,444093761930	,"雪花白,七钩 【加厚加粗】(2个装)",无售后或售后取消,19.9	,79132596508271	,中通快递,****,****,	
260819-368448704862601,已收货,1	,2026-08-19 02:58:27,2026-08-23 10:34:51,444093761930	,"咖啡色,七钩 【加厚加粗】(4个装)",无售后或售后取消,31.9	,79132596487569	,中通快递,****,****,	
260818-208561826210826,已收货,1	,2026-08-18 23:25:20,2026-08-29 11:35:06,444093761930	,"雪花白,七钩 【加厚加粗】(2个装)",无售后或售后取消,19.9	,79132596508335	,中通快递,****,****,	
260818-043961566801157,未发货，退款成功,1	,2026-08-18 21:52:50,	,444093761930	,"雪花白,七钩 【加厚加粗】(2个装)",退款成功,19.9	,	,	,****,****,	
260818-633906142821939,已收货,1	,2026-08-18 20:48:31,2026-08-22 20:15:17,444093761930	,"经典黑,七钩【加厚加粗】 (3个装)",无售后或售后取消,25.9	,79132596508348	,中通快递,****,****,	
260818-625129603411806,已收货,1	,2026-08-18 20:40:25,2026-08-29 11:35:06,458566953501	,"一个挂钩配7个延长钩,黑色",无售后或售后取消,19.9	,79132596513822	,中通快递,****,****,	
260818-471324464772215,已发货，退款成功,1	,2026-08-18 19:26:15,	,444093761930	,"金色,七钩【加厚加粗】 (1个装)",退款成功,13.09	,79132596513807	,中通快递,****,****,	
260818-550921879992359,已收货,1	,2026-08-18 19:12:10,2026-08-29 11:35:06,444093761930	,"雪花白,七钩 【加厚加粗】(2个装)",无售后或售后取消,19.9	,79132596513728	,中通快递,****,****,	
260818-673972262450195,已收货,1	,2026-08-18 17:43:41,2026-08-29 11:35:06,444093761930	,"咖啡色,七钩 【加厚加粗】(2个装)",无售后或售后取消,12.4	,79132596487536	,中通快递,****,****,	
260818-295048322702085,已收货,1	,2026-08-18 17:38:41,2026-08-23 10:57:01,444093761930	,"咖啡色,七钩 【加厚加粗】(2个装)",无售后或售后取消,18.4	,79132596508307	,中通快递,****,****,	
260818-410999866880100,已收货,1	,2026-08-18 17:26:14,2026-08-29 11:35:06,444093761930	,"金色,七钩【加厚加粗】 (1个装)",无售后或售后取消,13.09	,79132596487556	,中通快递,****,****,	
260818-442216026550409,已收货,1	,2026-08-18 16:12:25,2026-08-29 11:35:06,476214691883	,"加粗五钩 金色,3个装",无售后或售后取消,14.16	,79132596513835	,中通快递,****,****,	
260818-612441792153919,已发货，退款成功,1	,2026-08-18 15:07:30,	,444093761930	,"金色,七钩【加厚加粗】 (1个装)",退款成功,13.09	,79132596508297	,中通快递,****,****,	
260818-237733189220521,已发货，退款成功,1	,2026-08-18 14:30:18,	,476214691883	,"加粗五钩 白色,2个装",退款成功,8.02	,79132596508228	,中通快递,****,****,	
260818-525221240432672,已收货,1	,2026-08-18 14:14:12,2026-08-28 14:27:53,444093761930	,"雪花白,七钩 【加厚加粗】(2个装)",无售后或售后取消,19.9	,79132341399133	,中通快递,****,****,	
260818-414386757272068,已收货,1	,2026-08-18 09:07:56,2026-08-25 14:43:57,476214691883	,"加粗五钩 玫瑰金,3个装",无售后或售后取消,14.16	,79132341410598	,中通快递,****,****,	
260818-627111401091260,已收货,1	,2026-08-18 09:01:07,2026-08-20 18:21:37,444093761930	,"经典黑,淘气猫 【加厚加粗】(2个装)",无售后或售后取消,15.85	,79132341523216	,中通快递,****,****,	
260818-101638551911016,已收货,1	,2026-08-18 00:59:51,2026-08-28 14:27:53,444093761930	,"雪花白,七钩 【加厚加粗】(2个装)",无售后或售后取消,19.9	,79132341523356	,中通快递,****,****,	
260817-309948629360143,已收货,1	,2026-08-17 23:55:23,2026-08-23 06:12:30,444093761930	,"雪花白,七钩【加厚加粗】 (3个装)",无售后或售后取消,25.9	,79132341523315	,中通快递,****,****,	
260817-563195472263352,已收货,1	,2026-08-17 23:44:27,2026-08-28 14:27:53,444093761930	,"经典黑,淘气猫 【加厚加粗】(1个装)",无售后或售后取消,11.9	,79132341523397	,中通快递,****,****,	
260817-650290173521625,已收货,1	,2026-08-17 23:27:53,2026-08-28 14:27:53,444093761930	,"金色,七钩 【加厚加粗】(4个装)",无售后或售后取消,45.9	,79132341399006	,中通快递,****,****,	
260817-454290337321251,已收货,1	,2026-08-17 22:04:28,2026-08-28 14:27:53,444093761930	,"经典黑,七钩 【加厚加粗】(4个装)",无售后或售后取消,5.18	,79132341410756	,中通快递,****,****,	
260817-608876706121485,已收货,1	,2026-08-17 21:51:25,2026-08-28 14:27:53,444093761930	,"雪花白,七钩 【加厚加粗】(2个装)",无售后或售后取消,19.9	,79132341410835	,中通快递,****,****,	
260817-253409390183469,已收货,1	,2026-08-17 21:00:31,2026-08-28 14:27:53,444093761930	,"雪花白,七钩【加厚加粗】 (3个装)",无售后或售后取消,25.9	,79132341523328	,中通快递,****,****,	
260817-448916416851522,已收货,1	,2026-08-17 19:33:25,2026-08-28 14:27:53,444093761930	,"经典黑,七钩 【加厚加粗】(4个装)",无售后或售后取消,31.9	,79132341523251	,中通快递,****,****,	
260817-253262568981897,已收货,1	,2026-08-17 19:23:08,2026-08-28 14:27:53,444093761930	,"经典黑,七钩 【加厚加粗】(2个装)",无售后或售后取消,19.9	,79132341523407	,中通快递,****,****,	
260817-657310400943610,已收货,1	,2026-08-17 17:24:28,2026-08-28 14:27:53,444093761930	,"雪花白,七钩【加厚加粗】 (3个装)",无售后或售后取消,25.9	,79132341399026	,中通快递,****,****,	
260817-203056791870367,未发货，退款成功,1	,2026-08-17 17:04:42,	,444093761930	,"金色,七钩 【加厚加粗】(2个装)",退款成功,24.9	,	,	,****,****,	
260817-220054229320150,已收货,1	,2026-08-17 17:03:15,2026-08-28 14:27:53,444093761930	,"经典黑,淘气猫 【加厚加粗】(3个装)",无售后或售后取消,24.39	,79132341523208	,中通快递,****,****,	
260817-252455217561436,已收货,1	,2026-08-17 15:04:30,2026-08-19 11:34:25,444093761930	,"经典黑,七钩【加厚加粗】 (3个装)",无售后或售后取消,24.9	,79132054805567	,中通快递,****,****,	
260817-574818915860155,已收货,1	,2026-08-17 13:29:15,2026-08-18 22:25:56,444093761930	,"经典黑,淘气猫 【加厚加粗】(2个装)",无售后或售后取消,15.85	,79132054805541	,中通快递,****,****,	
260817-140320489834034,已收货,1	,2026-08-17 09:49:38,2026-08-27 15:26:41,444093761930	,"咖啡色,七钩 【加厚加粗】(2个装)",无售后或售后取消,18.4	,79132054794879	,中通快递,****,****,	
260817-553197320541476,已发货，退款成功,1	,2026-08-17 09:10:43,	,444093761930	,"经典黑,淘气猫 【加厚加粗】(3个装)",退款成功,24.39	,79132054794774	,中通快递,****,****,	
260817-467853689171245,已收货,1	,2026-08-17 08:17:40,2026-08-21 22:23:19,444093761930	,"经典黑,七钩 【加厚加粗】(2个装)",无售后或售后取消,19.9	,79132054805475	,中通快递,****,****,	
260817-216268869953746,未发货，退款成功,1	,2026-08-17 09:08:19,	,444093761930	,"咖啡色,七钩 【加厚加粗】(2个装)",退款成功,18.4	,	,	,****,****,	
260817-139334828441285,已收货,1	,2026-08-17 07:35:04,2026-08-18 20:52:26,444093761930	,"金色,七钩【加厚加粗】 (1个装)",无售后或售后取消,13.09	,79132054794838	,中通快递,****,****,	
260817-525766510121390,未发货，退款成功,1	,2026-08-17 04:41:23,	,444093761930	,"经典黑,七钩 【加厚加粗】(2个装)",退款成功,19.9	,	,	,****,****,	
260816-362786394440520,已收货,1	,2026-08-16 23:57:17,2026-08-20 11:32:53,444093761930	,"经典黑,淘气猫 【加厚加粗】(2个装)",无售后或售后取消,15.85	,79132054794825	,中通快递,****,****,	
260816-268729117030499,已收货,1	,2026-08-16 16:12:16,2026-08-27 15:26:41,476214691883	,"加粗五钩 白色,2个装",无售后或售后取消,8.02	,79132054805570	,中通快递,****,****,	
260816-127234219592472,已收货,1	,2026-08-16 15:49:25,2026-08-26 15:55:28,444093761930	,"经典黑,七钩 【加厚加粗】(4个装)",无售后或售后取消,31.9	,79131758250066	,中通快递,****,****,	
260816-642200430890585,已收货,1	,2026-08-16 15:46:11,2026-08-26 15:55:28,444093761930	,"雪花白,七钩 【加厚加粗】(2个装)",无售后或售后取消,19.9	,79131758229689	,中通快递,****,****,	
260816-087084286372451,已收货,1	,2026-08-16 15:31:24,2026-09-10 15:55:28,446257663504	,七钩 黑色（3个装）,无售后或售后取消,12.77	,79131758250166	,中通快递,****,****,	
260816-620117410082532,已收货,1	,2026-08-16 14:49:00,2026-08-26 15:55:28,444093761930	,"金色,七钩【加厚加粗】 (1个装)",无售后或售后取消,13.09	,79131758249937	,中通快递,****,****,	
260816-019776213420079,已收货,1	,2026-08-16 14:14:14,2026-08-26 15:55:28,444093761930	,"经典黑,七钩 【加厚加粗】(2个装)",无售后或售后取消,19.9	,79131758247669	,中通快递,****,****,	
260816-213584463451923,已收货,1	,2026-08-16 14:12:46,2026-08-26 15:55:28,444093761930	,"金色,七钩【加厚加粗】 (1个装)",无售后或售后取消,13.09	,79131758229451	,中通快递,****,****,	
260816-033365758311842,已收货,1	,2026-08-16 12:52:40,2026-08-26 15:55:28,444093761930	,"经典黑,七钩 【加厚加粗】(2个装)",无售后或售后取消,19.9	,79131758250117	,中通快递,****,****,	
260816-157548551742491,已收货,1	,2026-08-16 10:53:07,2026-08-19 17:39:31,444093761930	,"金色,七钩【加厚加粗】 (1个装)",无售后或售后取消,13.09	,79131758229862	,中通快递,****,****,	
260816-082669791660949,已收货,1	,2026-08-16 09:57:04,2026-09-07 16:16:41,444093761930	,"经典黑,七钩 【加厚加粗】(2个装)",无售后或售后取消,19.9	,79131758250079	,中通快递,****,****,	
260816-021642658163678,已收货,1	,2026-08-16 06:32:49,2026-08-26 15:55:28,444093761930	,"咖啡色,七钩 【加厚加粗】(2个装)",无售后或售后取消,18.4	,79131758229515	,中通快递,****,****,	
260816-063889815982084,已收货,1	,2026-08-16 05:27:38,2026-08-26 15:55:28,444093761930	,"雪花白,淘气猫 【加厚加粗】(2个装)",无售后或售后取消,11.1	,79131758247763	,中通快递,****,****,	
260815-410811133590751,已发货，退款成功,1	,2026-08-15 22:32:23,	,444093761930	,"咖啡色,七钩 【加厚加粗】(2个装)",退款成功,18.4	,79131758229656	,中通快递,****,****,	
260815-373146293851846,已收货,1	,2026-08-15 21:38:55,2026-08-26 15:55:28,444093761930	,"经典黑,七钩 【加厚加粗】(2个装)",无售后或售后取消,19.9	,79131758247868	,中通快递,****,****,	
260815-243311645081665,已收货,1	,2026-08-15 20:02:01,2026-08-19 20:49:41,444093761930	,"经典黑,七钩 【加厚加粗】(2个装)",无售后或售后取消,19.9	,79131758229610	,中通快递,****,****,	
260815-192434675351070,已收货,1	,2026-08-15 19:07:26,2026-08-19 23:19:30,444093761930	,"经典黑,淘气猫 【加厚加粗】(2个装)",无售后或售后取消,15.85	,79131758229691	,中通快递,****,****,	
260815-278334031512942,已收货，退款成功,1	,2026-08-15 18:42:44,2026-08-26 15:55:43,444093761930	,"经典黑,淘气猫 【加厚加粗】(1个装)",退款成功,11.9	,79131758249781	,中通快递,****,****,	
260815-411335431832942,已收货,1	,2026-08-15 18:41:48,2026-08-26 15:55:28,444093761930	,"经典黑,七钩 【加厚加粗】(4个装)",无售后或售后取消,31.9	,79131758249781	,中通快递,****,****,	
260815-049870292632942,未发货，退款成功,1	,2026-08-15 18:39:18,	,444093761930	,"经典黑,七钩 【加厚加粗】(4个装)",退款成功,31.9	,	,	,****,****,	
260815-683199721053565,已取消,1	,	,	,444093761930	,"雪花白,七钩【加厚加粗】 (3个装)",无售后或售后取消,25.9	,	,	,****,****,	
260815-059349440022554,已收货,1	,2026-08-15 17:36:15,2026-08-26 15:55:28,446257663504	,七钩 古铜（3个装）,无售后或售后取消,12.77	,79131758249952	,中通快递,****,****,	
260815-638477934183021,未发货，退款成功,1	,2026-08-15 17:07:37,	,444093761930	,"经典黑,七钩 【加厚加粗】(2个装)",退款成功,19.9	,	,	,****,****,	
260815-004162896220083,未发货，退款成功,1	,2026-08-15 16:51:53,	,444093761930	,"雪花白,淘气猫 【加厚加粗】(4个装)",退款成功,31.9	,	,	,****,****,	
260815-340850164041446,已收货,1	,2026-08-15 15:55:23,2026-08-26 15:55:28,444093761930	,"经典黑,七钩 【加厚加粗】(4个装)",无售后或售后取消,26.9	,79131758249978	,中通快递,****,****,	
260815-100925499783991,已收货,1	,2026-08-15 15:08:17,2026-08-25 15:35:38,476214691883	,"加粗五钩 白色,2个装",无售后或售后取消,8.02	,79131509020631	,中通快递,****,****,	
260815-138674235830309,已收货,1	,2026-08-15 13:40:31,2026-08-25 15:35:38,444093761930	,"经典黑,七钩 【加厚加粗】(2个装)",无售后或售后取消,19.9	,79131509012850	,中通快递,****,****,	
260815-145206832683809,已收货,1	,2026-08-15 12:40:59,2026-08-25 15:35:38,444093761930	,"经典黑,七钩 【加厚加粗】(2个装)",无售后或售后取消,19.9	,79131509012862	,中通快递,****,****,	
260815-134951749261341,已收货,1	,2026-08-15 10:44:54,2026-08-25 15:35:38,444093761930	,"雪花白,七钩 【加厚加粗】(2个装)",无售后或售后取消,19.9	,79131508962631	,中通快递,****,****,	
260815-080069301901341,已取消,1	,	,	,444093761930	,"雪花白,七钩 【加厚加粗】(2个装)",无售后或售后取消,19.9	,	,	,****,****,	
260815-343974930823991,已取消,1	,	,	,476214691883	,"加粗五钩 白色,2个装",无售后或售后取消,8.02	,	,	,****,****,	
260815-453876139600351,已收货,1	,2026-08-15 10:33:12,2026-08-20 09:01:34,444093761930	,"雪花白,七钩 【加厚加粗】(2个装)",无售后或售后取消,19.9	,79131508962537	,中通快递,****,****,	
260815-211938261292491,已收货,1	,2026-08-15 10:07:53,2026-08-17 23:17:44,444093761930	,"经典黑,七钩 【加厚加粗】(2个装)",无售后或售后取消,19.9	,79131509020672	,中通快递,****,****,	
260815-417815631391357,已收货,1	,2026-08-15 06:44:57,2026-08-22 23:46:39,444093761930	,"经典黑,淘气猫 【加厚加粗】(3个装)",无售后或售后取消,24.39	,79131509012906	,中通快递,****,****,	
260815-609778429581683,已收货,1	,2026-08-15 04:49:32,2026-08-25 15:35:38,444093761930	,"经典黑,淘气猫 【加厚加粗】(2个装)",无售后或售后取消,15.85	,79131509020603	,中通快递,****,****,	
260815-206789732730693,已收货,1	,2026-08-15 03:43:59,2026-08-25 15:35:38,444093761930	,"经典黑,七钩 【加厚加粗】(2个装)",无售后或售后取消,19.9	,79131508962629	,中通快递,****,****,	
260815-572732219001269,已收货,1	,2026-08-15 01:14:21,2026-08-19 12:20:07,444093761930	,"金色,七钩 【加厚加粗】(2个装)",无售后或售后取消,24.9	,79131509012913	,中通快递,****,****,	
260815-530558522950685,已收货,1	,2026-08-15 00:59:00,2026-08-18 20:17:25,444093761930	,"经典黑,七钩【加厚加粗】 (3个装)",无售后或售后取消,24.26	,79131509020657	,中通快递,****,****,	
260815-492453292470774,已发货，退款成功,1	,2026-08-15 00:33:08,	,444093761930	,"经典黑,七钩 【加厚加粗】(2个装)",退款成功,19.9	,79131508962616	,中通快递,****,****,	
260815-477227947521522,已收货,1	,2026-08-15 00:14:44,2026-08-25 15:35:38,444093761930	,"经典黑,七钩 【加厚加粗】(2个装)",无售后或售后取消,19.9	,79131508962540	,中通快递,****,****,	
260814-269358252381044,已收货,1	,2026-08-14 22:28:12,2026-08-25 15:35:38,444093761930	,"金色,七钩【加厚加粗】 (1个装)",无售后或售后取消,13.09	,79131508962593	,中通快递,****,****,	
260814-301130073753748,已收货,1	,2026-08-14 21:55:33,2026-08-18 20:59:51,444093761930	,"雪花白,七钩 【加厚加粗】(2个装)",无售后或售后取消,19.9	,79131509012926	,中通快递,****,****,	
260814-281616105841945,已取消,1	,	,	,444093761930	,"经典黑,七钩 【加厚加粗】(2个装)",无售后或售后取消,9.9	,	,	,****,****,	
260814-152127444490315,已收货,1	,2026-08-14 21:24:18,2026-08-25 15:35:38,444093761930	,"经典黑,淘气猫 【加厚加粗】(2个装)",无售后或售后取消,15.85	,79131509012896	,中通快递,****,****,	
260814-339287816522591,已收货,1	,2026-08-14 20:38:23,2026-08-25 15:35:38,444093761930	,"经典黑,七钩 【加厚加粗】(2个装)",无售后或售后取消,19.9	,79131508962578	,中通快递,****,****,	
260814-601903603323605,已取消,1	,	,	,444093761930	,"经典黑,淘气猫 【加厚加粗】(1个装)",无售后或售后取消,11.9	,	,	,****,****,	
260814-470223481151746,已收货,1	,2026-08-14 19:46:44,2026-08-17 20:04:08,444093761930	,"经典黑,淘气猫 【加厚加粗】(2个装)",无售后或售后取消,15.85	,79131509020629	,中通快递,****,****,	
260814-190148852091390,已收货,1	,2026-08-14 18:09:02,2026-08-25 15:35:38,444093761930	,"经典黑,七钩 【加厚加粗】(2个装)",无售后或售后取消,16.9	,79131508962603	,中通快递,****,****,	
260814-321640262041483,已收货,1	,2026-08-14 16:25:32,2026-08-25 15:35:38,444093761930	,"经典黑,七钩 【加厚加粗】(2个装)",无售后或售后取消,19.9	,79131509020685	,中通快递,****,****,	
260814-619855234631317,已收货,1	,2026-08-14 15:54:58,2026-08-25 15:35:38,476214691883	,"加粗五钩 白色,2个装",无售后或售后取消,8.02	,79131508962565	,中通快递,****,****,	
260814-242934147501814,已收货,1	,2026-08-14 15:36:22,2026-08-17 11:28:29,444093761930	,"经典黑,淘气猫 【加厚加粗】(1个装)",无售后或售后取消,11.9	,79131509020586	,中通快递,****,****,	
260814-504952318381814,已取消,1	,	,	,444093761930	,"经典黑,淘气猫 【加厚加粗】(1个装)",无售后或售后取消,11.9	,	,	,****,****,	
260814-200403883563069,已收货,1	,2026-08-14 14:33:07,2026-08-24 15:19:48,444093761930	,"咖啡色,七钩【加厚加粗】 (3个装)",无售后或售后取消,25.9	,79131230831281	,中通快递,****,****,	
260814-559666992682814,已收货,1	,2026-08-14 14:13:26,2026-08-24 15:19:48,444093761930	,"经典黑,七钩 【加厚加粗】(2个装)",无售后或售后取消,19.9	,79131230834847	,中通快递,****,****,	
260814-639778230710199,已收货,1	,2026-08-14 12:24:51,2026-08-24 15:19:48,444093761930	,"经典黑,七钩 【加厚加粗】(2个装)",无售后或售后取消,19.9	,79131230834834	,中通快递,****,****,	
260814-312538622262783,已收货,1	,2026-08-14 11:11:29,2026-08-17 16:31:02,444093761930	,"经典黑,七钩 【加厚加粗】(2个装)",无售后或售后取消,19.9	,79131230809484	,中通快递,****,****,	
260814-281207191843808,已收货,1	,2026-08-14 10:45:25,2026-08-24 10:51:08,444093761930	,"经典黑,七钩 【加厚加粗】(4个装)",无售后或售后取消,31.9	,79131106138843	,中通快递,****,****,	
260814-359409989940919,已收货,1	,2026-08-14 09:48:16,2026-08-24 10:48:44,444093761930	,"雪花白,七钩 【加厚加粗】(2个装)",无售后或售后取消,19.9	,79131136611696	,中通快递,****,****,	
260814-435976978772454,未发货，退款成功,1	,2026-08-14 08:20:39,	,444093761930	,"经典黑,七钩【加厚加粗】 (3个装)",退款成功,25.9	,	,	,****,****,	
260814-052302988913216,已收货,1	,2026-08-14 08:12:01,2026-08-15 18:29:44,476214691883	,"加粗五钩 白色,2个装",无售后或售后取消,7.38	,79131136611739	,中通快递,****,****,	
260814-516130117264072,已收货,1	,2026-08-14 07:51:10,2026-08-24 10:48:44,444093761930	,"雪花白,七钩 【加厚加粗】(2个装)",无售后或售后取消,19.9	,79131136606446	,中通快递,****,****,	
260814-467046264422481,已收货,1	,2026-08-14 07:23:14,2026-08-21 09:22:45,444093761930	,"咖啡色,淘气猫 【加厚加粗】(3个装)",无售后或售后取消,25.9	,79131136606504	,中通快递,****,****,	
260814-143759839520362,已收货,1	,2026-08-14 07:05:28,2026-08-28 14:00:25,444093761930	,"经典黑,七钩 【加厚加粗】(2个装)",无售后或售后取消,19.9	,79131136607080	,中通快递,****,****,	
260814-446462749082947,已收货,1	,2026-08-14 03:26:31,2026-08-15 23:48:29,444093761930	,"经典黑,淘气猫 【加厚加粗】(2个装)",无售后或售后取消,15.85	,79131136684816	,中通快递,****,****,	
260814-410968471950601,已收货,1	,2026-08-14 03:17:16,2026-08-19 00:53:28,444093761930	,"雪花白,七钩 【加厚加粗】(4个装)",无售后或售后取消,31.9	,79131136687399	,中通快递,****,****,	
260814-563766904343128,已收货,1	,2026-08-14 02:09:47,2026-08-16 17:03:45,444093761930	,"咖啡色,七钩 【加厚加粗】(2个装)",无售后或售后取消,18.4	,79131136607077	,中通快递,****,****,	
260814-405683596811917,已收货,1	,2026-08-14 01:21:11,2026-08-24 10:48:44,444093761930	,"咖啡色,淘气猫 【加厚加粗】(2个装)",无售后或售后取消,15.85	,79131136687955	,中通快递,****,****,	
260814-180365575691917,已取消,1	,	,	,444093761930	,"咖啡色,淘气猫 【加厚加粗】(2个装)",无售后或售后取消,15.85	,	,	,****,****,	
260814-059318004001616,已收货,1	,2026-08-14 00:54:27,2026-08-24 10:48:44,444093761930	,"经典黑,淘气猫 【加厚加粗】(1个装)",无售后或售后取消,11.9	,79131136611826	,中通快递,****,****,	
260814-512460070541447,未发货，退款成功,1	,2026-08-14 00:43:33,	,444093761930	,"咖啡色,七钩 【加厚加粗】(2个装)",退款成功,18.4	,	,	,****,****,	
260814-022250800702376,已收货,1	,2026-08-14 00:14:51,2026-08-24 10:48:44,444093761930	,"经典黑,七钩 【加厚加粗】(2个装)",无售后或售后取消,19.9	,79131136688101	,中通快递,****,****,	
260814-348599171431167,已发货，退款成功,1	,2026-08-14 00:08:52,	,444093761930	,"经典黑,淘气猫 【加厚加粗】(1个装)",退款成功,11.9	,79131136607156	,中通快递,****,****,	
260814-489244660102651,已收货,1	,2026-08-14 00:07:44,2026-08-24 10:48:44,444093761930	,"经典黑,淘气猫 【加厚加粗】(1个装)",无售后或售后取消,11.9	,79131136611833	,中通快递,****,****,	
260813-369229831802396,已收货,1	,2026-08-13 23:42:04,2026-08-23 22:42:19,444093761930	,"经典黑,七钩 【加厚加粗】(2个装)",无售后或售后取消,19.9	,79131136611713	,中通快递,****,****,	
260813-153244209550693,已收货,1	,2026-08-13 23:35:14,2026-08-24 10:48:44,444093761930	,"经典黑,七钩【加厚加粗】 (3个装)",无售后或售后取消,25.9	,79131136687366	,中通快递,****,****,	
260813-061645853083385,已收货,1	,2026-08-13 23:20:16,2026-08-24 10:48:44,444093761930	,"经典黑,七钩 【加厚加粗】(2个装)",无售后或售后取消,19.9	,79131136611767	,中通快递,****,****,	
260813-485548387863936,已收货,1	,2026-08-13 21:18:48,2026-08-29 10:48:44,444093761930	,"经典黑,七钩 【加厚加粗】(2个装)",无售后或售后取消,19.9	,79131136687822	,中通快递,****,****,	
260813-249257060710902,已收货,1	,2026-08-13 20:37:52,2026-08-24 10:48:44,444093761930	,"经典黑,七钩 【加厚加粗】(2个装)",无售后或售后取消,19.9	,79131136687942	,中通快递,****,****,	
260813-587690197350902,已取消,1	,	,	,444093761930	,"经典黑,七钩 【加厚加粗】(2个装)",无售后或售后取消,19.9	,	,	,****,****,	
260813-613590055252306,已取消,1	,	,	,444093761930	,"经典黑,七钩 【加厚加粗】(4个装)",无售后或售后取消,31.9	,	,	,****,****,	
260813-553003271811474,已收货,1	,2026-08-13 18:16:45,2026-08-24 10:48:44,444093761930	,"雪花白,七钩 【加厚加粗】(2个装)",无售后或售后取消,19.9	,79131136606466	,中通快递,****,****,	
260813-645241321862011,已收货,1	,2026-08-13 17:45:39,2026-08-24 10:48:44,444093761930	,"经典黑,七钩 【加厚加粗】(4个装)",无售后或售后取消,31.9	,79131136611726	,中通快递,****,****,	
260813-668949552792574,未发货，退款成功,1	,2026-08-13 16:40:43,	,444093761930	,"咖啡色,七钩 【加厚加粗】(2个装)",退款成功,17.48	,	,	,****,****,	
260813-134511378750109,已收货,1	,2026-08-13 16:06:43,2026-08-19 17:48:18,444093761930	,"经典黑,七钩 【加厚加粗】(2个装)",无售后或售后取消,19.9	,79131136607092	,中通快递,****,****,	
260813-609285640493927,已收货,1	,2026-08-13 15:56:37,2026-08-24 10:48:44,444093761930	,"经典黑,七钩 【加厚加粗】(2个装)",无售后或售后取消,19.9	,79131136687743	,中通快递,****,****,	
260813-015791593061854,已收货,1	,2026-08-13 14:59:15,2026-08-24 10:48:44,444093761930	,"咖啡色,淘气猫 【加厚加粗】(2个装)",无售后或售后取消,15.85	,79131136606494	,中通快递,****,****,	
260813-409584309870793,已收货,1	,2026-08-13 14:23:59,2026-08-24 10:48:44,444093761930	,"雪花白,淘气猫 【加厚加粗】(2个装)",无售后或售后取消,15.85	,79131136606517	,中通快递,****,****,	
260813-201630686790958,已收货,1	,2026-08-13 13:57:55,2026-08-24 10:48:44,444093761930	,"雪花白,七钩 【加厚加粗】(2个装)",无售后或售后取消,19.9	,79131136688076	,中通快递,****,****,	
260813-418801262143650,已收货,3	,2026-08-13 13:11:35,2026-08-24 10:48:44,444093761930	,"咖啡色,七钩 【加厚加粗】(2个装)",无售后或售后取消,52.44	,79131136607102	,中通快递,****,****,	
260813-238991459840435,已收货,1	,2026-08-13 13:10:38,2026-08-24 10:48:44,444093761930	,"经典黑,七钩 【加厚加粗】(2个装)",无售后或售后取消,19.9	,79131136611675	,中通快递,****,****,	
260813-407329840733892,已收货,1	,2026-08-13 12:54:10,2026-08-20 06:08:12,444093761930	,"经典黑,七钩【加厚加粗】 (1个装)",无售后或售后取消,11.9	,79131136687968	,中通快递,****,****,	
260813-219288727133892,已取消,1	,	,	,444093761930	,"经典黑,七钩【加厚加粗】 (1个装)",无售后或售后取消,11.9	,	,	,****,****,	
260813-167950467510992,已取消,2	,	,	,444093761930	,"经典黑,七钩 【加厚加粗】(2个装)",无售后或售后取消,37.81	,	,	,****,****,	
260813-300102479443785,已收货,1	,2026-08-13 11:37:28,2026-08-20 08:45:52,444093761930	,"经典黑,七钩 【加厚加粗】(2个装)",无售后或售后取消,19.9	,79131136687373	,中通快递,****,****,	
260813-056056932742255,已收货,1	,2026-08-13 11:19:35,2026-08-18 09:21:23,444093761930	,"经典黑,淘气猫 【加厚加粗】(1个装)",无售后或售后取消,11.9	,79131136688089	,中通快递,****,****,	
260813-104564037131540,已收货,1	,2026-08-13 09:24:22,2026-08-20 10:40:50,444093761930	,"经典黑,七钩【加厚加粗】 (1个装)",无售后或售后取消,11.9	,79131136688022	,中通快递,****,****,	
260813-520460705420123,已收货,1	,2026-08-13 08:42:51,2026-08-16 19:34:47,444093761930	,"咖啡色,淘气猫 【加厚加粗】(2个装)",无售后或售后取消,15.85	,79131136611782	,中通快递,****,****,	
260812-513382879562772,已收货,1	,2026-08-12 23:35:35,2026-08-24 10:48:44,444093761930	,"经典黑,七钩【加厚加粗】 (1个装)",无售后或售后取消,11.9	,79131136687320	,中通快递,****,****,	
260812-546150869350953,已收货,1	,2026-08-12 23:34:46,2026-08-24 10:48:44,444093761930	,"经典黑,七钩【加厚加粗】 (1个装)",无售后或售后取消,11.9	,79131136611754	,中通快递,****,****,	
260812-572774234473168,已收货,1	,2026-08-12 22:51:43,2026-09-04 10:48:44,444093761930	,"雪花白,七钩【加厚加粗】 (3个装)",无售后或售后取消,25.9	,79131136611435	,中通快递,****,****,	
260812-484274347633416,已收货,1	,2026-08-12 21:15:56,2026-08-24 10:48:44,444093761930	,"咖啡色,七钩【加厚加粗】 (3个装)",无售后或售后取消,25.9	,79131136606520	,中通快递,****,****,	
260812-201169344070347,已收货,1	,2026-08-12 20:43:33,2026-08-29 10:48:44,444093761930	,"经典黑,七钩【加厚加粗】 (1个装)",无售后或售后取消,11.9	,79131136688155	,中通快递,****,****,	
260812-338585260422730,已取消,1	,	,	,444093761930	,"经典黑,淘气猫 【加厚加粗】(2个装)",无售后或售后取消,15.85	,	,	,****,****,	
260812-277641961102347,已发货，退款成功,1	,2026-08-12 17:40:57,	,444093761930	,"经典黑,七钩【加厚加粗】 (1个装)",退款成功,11.9	,79131136688007	,中通快递,****,****,	
260812-283199434243646,已收货,1	,2026-08-12 15:50:42,2026-08-24 10:48:44,444093761930	,"经典黑,七钩【加厚加粗】 (1个装)",无售后或售后取消,11.9	,79131136607051	,中通快递,****,****,	
260812-648659637763646,已取消,1	,	,	,444093761930	,"经典黑,七钩【加厚加粗】 (1个装)",无售后或售后取消,11.9	,	,	,****,****,	
260812-542921275782730,已取消,1	,	,	,444093761930	,"经典黑,七钩【加厚加粗】 (3个装)",无售后或售后取消,25.9	,	,	,****,****,	
260812-129142679993206,已收货,1	,2026-08-12 13:54:03,2026-08-24 10:48:44,444093761930	,"经典黑,七钩【加厚加粗】 (1个装)",无售后或售后取消,11.9	,79131136606438	,中通快递,****,****,	
260812-249728930181580,已收货,1	,2026-08-12 13:24:05,2026-09-04 10:48:44,444093761930	,"金色,七钩【加厚加粗】 (3个装)",无售后或售后取消,35.9	,79131136607248	,中通快递,****,****,	
260812-029695732090635,已收货,1	,2026-08-12 12:59:17,2026-08-24 10:48:44,444093761930	,"经典黑,七钩【加厚加粗】 (1个装)",无售后或售后取消,11.9	,79131136687715	,中通快递,****,****,	
260812-075927426690911,已收货,1	,2026-08-12 12:30:25,2026-08-24 10:48:44,444093761930	,"经典黑,七钩 【加厚加粗】(2个装)",无售后或售后取消,19.9	,79131136688176	,中通快递,****,****,	
260812-382614904350083,已收货,1	,2026-08-12 11:51:05,2026-08-24 10:48:44,444093761930	,"经典黑,七钩【加厚加粗】 (1个装)",无售后或售后取消,11.9	,79131136606481	,中通快递,****,****,	
260812-543843980830083,未发货，退款成功,1	,2026-08-12 11:50:39,	,444093761930	,"经典黑,七钩 【加厚加粗】(4个装)",退款成功,31.9	,	,	,****,****,	
260812-501062091193780,已收货,1	,2026-08-12 11:30:16,2026-08-24 10:48:44,444093761930	,"经典黑,七钩 【加厚加粗】(2个装)",无售后或售后取消,19.9	,79131136688056	,中通快递,****,****,	
260812-186908731703478,未发货，退款成功,1	,2026-08-12 11:17:29,	,444093761930	,"经典黑,七钩 【加厚加粗】(4个装)",退款成功,31.9	,	,	,****,****,	
260812-089863043383478,未发货，退款成功,1	,2026-08-12 11:01:00,	,444093761930	,"经典黑,七钩 【加厚加粗】(4个装)",退款成功,31.9	,	,	,****,****,	
260812-408053368383905,已收货,1	,2026-08-12 10:59:21,2026-08-24 10:48:44,444093761930	,"经典黑,七钩【加厚加粗】 (1个装)",无售后或售后取消,11.9	,79131136688048	,中通快递,****,****,	
260812-609400973660311,已收货,1	,2026-08-12 10:35:27,2026-08-17 00:17:05,444093761930	,"经典黑,七钩 【加厚加粗】(2个装)",无售后或售后取消,19.9	,79131136607136	,中通快递,****,****,	
260812-071313723763926,已收货,1	,2026-08-12 10:10:28,2026-08-24 10:48:44,444093761930	,"经典黑,七钩 【加厚加粗】(2个装)",无售后或售后取消,19.9	,79131136611770	,中通快递,****,****,	
260812-225789919540845,已收货,1	,2026-08-12 10:04:06,2026-09-06 10:06:23,444093761930	,"经典黑,七钩【加厚加粗】 (3个装)",无售后或售后取消,25.9	,79130480599963	,中通快递,****,****,	
260812-523711290970644,已收货,1	,2026-08-12 08:45:06,2026-08-22 10:06:23,444093761930	,"经典黑,淘气猫 【加厚加粗】(2个装)",无售后或售后取消,15.85	,79130480596512	,中通快递,****,****,	
260812-525714123041307,已收货,1	,2026-08-12 08:41:57,2026-08-14 17:10:57,444093761930	,"雪花白,淘气猫 【加厚加粗】(2个装)",无售后或售后取消,15.85	,79130480576912	,中通快递,****,****,	
260812-537342809692667,已收货,1	,2026-08-12 08:21:56,2026-08-22 10:06:23,444093761930	,"经典黑,七钩 【加厚加粗】(2个装)",无售后或售后取消,19.9	,79130480599869	,中通快递,****,****,	
260812-158083387700036,已收货,1	,2026-08-12 07:34:17,2026-08-27 10:06:23,444093761930	,"经典黑,七钩【加厚加粗】 (1个装)",无售后或售后取消,11.9	,79130480576767	,中通快递,****,****,	
260812-254982306202957,已收货,1	,2026-08-12 00:59:26,2026-08-16 11:39:29,444093761930	,"经典黑,七钩 【加厚加粗】(2个装)",无售后或售后取消,19.9	,79130480576859	,中通快递,****,****,	
260812-096102028842396,已收货,1	,2026-08-12 00:48:41,2026-08-13 17:33:52,444093761930	,"经典黑,七钩 【加厚加粗】(2个装)",无售后或售后取消,19.9	,79130480599420	,中通快递,****,****,	
260812-202123569571634,已收货,1	,2026-08-12 00:20:09,2026-08-22 10:06:23,444093761930	,"咖啡色,七钩 【加厚加粗】(2个装)",无售后或售后取消,18.4	,79130480576770	,中通快递,****,****,	
260811-560212252170315,已收货,1	,2026-08-11 23:35:59,2026-08-22 10:06:23,444093761930	,"经典黑,七钩 【加厚加粗】(2个装)",无售后或售后取消,19.9	,79130480600155	,中通快递,****,****,	
260811-609453392182437,已收货,1	,2026-08-11 23:17:04,2026-08-22 10:06:23,444093761930	,"经典黑,七钩 【加厚加粗】(2个装)",无售后或售后取消,19.9	,79130480600168	,中通快递,****,****,	
260811-279015647592126,已收货,1	,2026-08-11 22:32:12,2026-08-22 10:06:23,444093761930	,"经典黑,七钩【加厚加粗】 (3个装)",无售后或售后取消,25.9	,79130480576818	,中通快递,****,****,	
260811-566377910573905,已收货,1	,2026-08-11 20:54:22,2026-08-22 10:06:23,444093761930	,"经典黑,七钩【加厚加粗】 (3个装)",无售后或售后取消,25.9	,79130480577046	,中通快递,****,****,	
260811-566157689163510,已收货,1	,2026-08-11 20:22:52,2026-08-22 10:06:23,444093761930	,"经典黑,淘气猫 【加厚加粗】(2个装)",无售后或售后取消,15.85	,79130480577138	,中通快递,****,****,	
260811-595140318783422,已收货,1	,2026-08-11 19:10:12,2026-08-15 20:22:14,444093761930	,"经典黑,七钩【加厚加粗】 (1个装)",无售后或售后取消,11.9	,79130480600048	,中通快递,****,****,	
260811-587684964640396,已收货,1	,2026-08-11 18:52:53,2026-08-18 13:11:11,444093761930	,"经典黑,七钩 【加厚加粗】(4个装)",无售后或售后取消,31.9	,79130480599935	,中通快递,****,****,	
260811-134238779823128,未发货，退款成功,1	,2026-08-11 18:00:05,	,444093761930	,"咖啡色,七钩 【加厚加粗】(2个装)",退款成功,18.4	,	,	,****,****,	
260811-446368387381835,已收货,1	,2026-08-11 17:41:47,2026-08-15 16:38:41,444093761930	,"经典黑,七钩【加厚加粗】 (3个装)",无售后或售后取消,23.06	,79130480576741	,中通快递,****,****,	
260811-506252531312277,已收货,1	,2026-08-11 17:28:47,2026-08-22 10:06:23,444093761930	,"经典黑,七钩【加厚加粗】 (1个装)",无售后或售后取消,11.9	,79130480596594	,中通快递,****,****,	
260811-672357424711259,已收货,1	,2026-08-11 17:04:09,2026-08-22 10:06:23,444093761930	,"经典黑,七钩【加厚加粗】 (3个装)",无售后或售后取消,25.9	,79130480600056	,中通快递,****,****,	
260811-085857483120540,已发货，退款成功,1	,2026-08-11 15:41:45,	,444093761930	,"雪花白,淘气猫 【加厚加粗】(2个装)",退款成功,15.85	,79130480600114	,中通快递,****,****,	
260811-648659659063730,已收货,1	,2026-08-11 15:24:39,2026-08-14 16:05:44,444093761930	,"雪花白,七钩 【加厚加粗】(2个装)",无售后或售后取消,19.9	,79130357071860	,中通快递,****,****,	
260811-086193027510736,已发货，退款成功,1	,2026-08-11 15:13:13,	,444093761930	,"咖啡色,七钩 【加厚加粗】(2个装)",退款成功,18.4	,79130357071857	,中通快递,****,****,	
260811-066836304170825,已收货,1	,2026-08-11 14:41:27,2026-08-17 18:17:33,476214691883	,"加粗五钩 白色,2个装",无售后或售后取消,8.02	,79130357071711	,中通快递,****,****,	
260811-605301020182849,已收货,1	,2026-08-11 14:34:42,2026-08-19 13:10:26,444093761930	,"雪花白,七钩 【加厚加粗】(2个装)",无售后或售后取消,19.9	,79130357077763	,中通快递,****,****,	
260811-197992169800811,已收货,1	,2026-08-11 14:05:15,2026-08-21 15:41:07,444093761930	,"经典黑,七钩 【加厚加粗】(2个装)",无售后或售后取消,19.9	,79130357071658	,中通快递,****,****,	
260811-178845182280811,未发货，退款成功,1	,2026-08-11 14:03:18,	,444093761930	,"经典黑,七钩【加厚加粗】 (1个装)",退款成功,11.9	,	,	,****,****,	
260811-507982650920927,已收货,1	,2026-08-11 13:40:45,2026-08-15 09:27:59,444093761930	,"经典黑,七钩 【加厚加粗】(2个装)",无售后或售后取消,19.9	,79130357071620	,中通快递,****,****,	
260811-186992596532515,已收货,1	,2026-08-11 13:27:48,2026-08-21 15:41:07,444093761930	,"经典黑,七钩 【加厚加粗】(2个装)",无售后或售后取消,16.9	,79130357127240	,中通快递,****,****,	
260811-081117909322139,已收货,1	,2026-08-11 12:53:16,2026-09-18 20:02:01,444093761930	,"咖啡色,淘气猫 【加厚加粗】(2个装)",无售后或售后取消,12.85	,79130357127357	,中通快递,****,****,	
260811-578656715180273,已收货,1	,2026-08-11 12:33:38,2026-08-21 15:41:07,444093761930	,"经典黑,七钩 【加厚加粗】(2个装)",无售后或售后取消,19.9	,79130357077842	,中通快递,****,****,	
260811-116203200130473,已收货,1	,2026-08-11 11:35:46,2026-08-13 20:22:06,476214691883	,"加粗五钩 白色,2个装",无售后或售后取消,8.02	,79130357071844	,中通快递,****,****,	
260811-662658148651342,已收货,1	,2026-08-11 11:31:22,2026-08-21 15:41:07,444093761930	,"咖啡色,七钩 【加厚加粗】(2个装)",无售后或售后取消,18.4	,79130357077830	,中通快递,****,****,	
260811-511883426132595,已收货,1	,2026-08-11 10:59:20,2026-08-13 16:56:55,444093761930	,"咖啡色,七钩 【加厚加粗】(2个装)",无售后或售后取消,18.4	,79130357078693	,中通快递,****,****,	
260811-066196672822200,已收货,1	,2026-08-11 10:42:37,2026-08-21 15:41:07,444093761930	,"雪花白,七钩 【加厚加粗】(2个装)",无售后或售后取消,19.9	,79130357078716	,中通快递,****,****,	
260811-544546537902055,已取消,1	,	,	,444093761930	,"经典黑,七钩【加厚加粗】 (3个装)",无售后或售后取消,25.9	,	,	,****,****,	
260811-636968046893460,已收货,1	,2026-08-11 10:14:00,2026-08-21 15:41:07,444093761930	,"咖啡色,七钩 【加厚加粗】(4个装)",无售后或售后取消,31.9	,79130357127224	,中通快递,****,****,	
260811-187212818741710,已收货,1	,2026-08-11 09:52:50,2026-08-12 23:39:51,444093761930	,"经典黑,七钩 【加厚加粗】(2个装)",无售后或售后取消,19.9	,79130357077876	,中通快递,****,****,	
260811-290466087211759,已收货,1	,2026-08-11 08:28:19,2026-08-21 15:41:07,444093761930	,"经典黑,七钩 【加厚加粗】(2个装)",无售后或售后取消,19.9	,79130357077827	,中通快递,****,****,	
260811-678512596581363,已收货,1	,2026-08-11 01:19:15,2026-08-22 19:48:38,444093761930	,"经典黑,七钩【加厚加粗】 (1个装)",无售后或售后取消,11.9	,79130357071936	,中通快递,****,****,	
260810-232825874780854,已收货,1	,2026-08-10 23:45:09,2026-08-13 19:08:30,444093761930	,"经典黑,七钩【加厚加粗】 (1个装)",无售后或售后取消,11.9	,79130357077868	,中通快递,****,****,	
260810-118006802804077,已收货,1	,2026-08-10 21:59:36,2026-08-21 15:41:07,444093761930	,"雪花白,七钩 【加厚加粗】(2个装)",无售后或售后取消,19.9	,79130357077855	,中通快递,****,****,	
260810-460786245123685,已收货,1	,2026-08-10 21:28:29,2026-08-17 17:52:05,444093761930	,"经典黑,七钩【加厚加粗】 (1个装)",无售后或售后取消,11.9	,79130357071816	,中通快递,****,****,	
260810-445162535243553,未发货，退款成功,1	,2026-08-10 20:31:26,	,444093761930	,"经典黑,七钩【加厚加粗】 (1个装)",退款成功,11.9	,	,	,****,****,	
260810-521771435581567,已收货,1	,2026-08-10 20:21:22,2026-08-21 15:41:07,444093761930	,"经典黑,七钩 【加厚加粗】(2个装)",无售后或售后取消,19.9	,79130357071666	,中通快递,****,****,	
260810-257173799250858,已收货,1	,2026-08-10 19:50:03,2026-08-12 18:26:01,444093761930	,"经典黑,七钩 【加厚加粗】(2个装)",无售后或售后取消,19.9	,79130357127385	,中通快递,****,****,	
260810-602438439341682,未发货，退款成功,1	,2026-08-10 19:37:20,	,476214691883	,"加粗五钩 金色,3个装",退款成功,14.16	,	,	,****,****,	
260810-444994711181586,已收货,1	,2026-08-10 17:57:35,2026-08-21 15:41:07,444093761930	,"经典黑,七钩【加厚加粗】 (1个装)",无售后或售后取消,11.9	,79130357127186	,中通快递,****,****,	
260810-273573496390491,已收货,1	,2026-08-10 16:50:45,2026-08-15 12:48:16,444093761930	,"经典黑,七钩 【加厚加粗】(2个装)",无售后或售后取消,19.9	,79130357127286	,中通快递,****,****,	
260810-600980887082161,未发货，退款成功,1	,2026-08-10 16:25:28,	,476214691883	,"加粗五钩 玫瑰金,3个装",退款成功,14.16	,	,	,****,****,	
260810-149411632692380,已收货,1	,2026-08-10 15:04:02,2026-08-14 00:46:39,444093761930	,"经典黑,七钩 【加厚加粗】(2个装)",无售后或售后取消,16.9	,79130082733093	,中通快递,****,****,	
260810-038398902603651,已收货,1	,2026-08-10 13:28:28,2026-08-20 15:42:56,444093761930	,"咖啡色,七钩 【加厚加粗】(2个装)",无售后或售后取消,18.4	,79130082723265	,中通快递,****,****,	
260810-567468398152763,已收货,1	,2026-08-10 13:28:18,2026-08-20 15:42:56,444093761930	,"雪花白,七钩 【加厚加粗】(2个装)",无售后或售后取消,18.4	,79130082723316	,中通快递,****,****,	
260810-034980523653617,已收货,1	,2026-08-10 12:49:47,2026-08-12 14:56:15,444093761930	,"咖啡色,七钩 【加厚加粗】(2个装)",无售后或售后取消,18.4	,79130082733129	,中通快递,****,****,	
260810-182787776082156,已收货,1	,2026-08-10 10:38:19,2026-08-14 19:21:05,444093761930	,"雪花白,淘气猫 【加厚加粗】(3个装)",无售后或售后取消,24.39	,79130082747389	,中通快递,****,****,	
260810-300280737380656,已收货,1	,2026-08-10 08:30:00,2026-08-13 17:13:44,444093761930	,"经典黑,七钩【加厚加粗】 (1个装)",无售后或售后取消,11.9	,79130082723211	,中通快递,****,****,	
260810-488133127820996,已收货,1	,2026-08-10 08:14:28,2026-08-13 17:37:48,446257663504	,七钩 黑色（2个装）,无售后或售后取消,7.82	,79130082733236	,中通快递,****,****,	
260810-572795205963877,未发货，退款成功,1	,2026-08-10 08:08:19,	,444093761930	,"经典黑,淘气猫 【加厚加粗】(4个装)",退款成功,31.2	,	,	,****,****,	
260810-485742354013031,已收货,1	,2026-08-10 06:36:16,2026-08-12 20:26:25,444093761930	,"经典黑,七钩【加厚加粗】 (1个装)",无售后或售后取消,11.9	,79130082747149	,中通快递,****,****,	
260810-171463155231599,已收货,1	,2026-08-10 04:49:39,2026-08-12 15:25:42,444093761930	,"经典黑,七钩【加厚加粗】 (1个装)",无售后或售后取消,11.9	,79130082733024	,中通快递,****,****,	
260810-096856993371470,已收货,1	,2026-08-10 03:36:04,2026-08-20 15:42:56,444093761930	,"咖啡色,七钩 【加厚加粗】(2个装)",无售后或售后取消,18.4	,79130082723286	,中通快递,****,****,	
260810-447091884342363,已收货,1	,2026-08-10 08:46:02,2026-08-12 18:08:51,446257663504	,七钩 金色【一个装】加厚加粗,无售后或售后取消,15.74	,79130082747164	,中通快递,****,****,	
260810-294335363473319,已收货,1	,2026-08-10 01:58:38,2026-08-11 23:54:57,444093761930	,"经典黑,七钩【加厚加粗】 (1个装)",无售后或售后取消,11.9	,79130082733052	,中通快递,****,****,	
260810-520817283372629,已收货,1	,2026-08-10 01:33:48,2026-08-13 23:25:23,444093761930	,"经典黑,七钩【加厚加粗】 (1个装)",无售后或售后取消,11.9	,79130082733172	,中通快递,****,****,	
260810-660613425452629,已取消,1	,	,	,444093761930	,"经典黑,七钩【加厚加粗】 (1个装)",无售后或售后取消,11.9	,	,	,****,****,	
260810-476703639094086,已收货,1	,2026-08-10 00:53:37,2026-08-23 15:42:56,476214691883	,"加粗五钩 白色,2个装",无售后或售后取消,8.02	,79130082733157	,中通快递,****,****,	
260809-024914225581807,已发货，退款成功,1	,2026-08-09 22:50:22,	,476214691883	,"加粗五钩 白色,2个装",退款成功,8.02	,79130082747202	,中通快递,****,****,	
260809-373104392580257,已收货,1	,2026-08-09 21:47:31,2026-08-17 22:24:16,444093761930	,"经典黑,七钩 【加厚加粗】(2个装)",无售后或售后取消,19.9	,79130082747483	,中通快递,****,****,	
260809-074186780222377,已收货,1	,2026-08-09 21:45:55,2026-08-20 15:42:56,444093761930	,"经典黑,淘气猫 【加厚加粗】(1个装)",无售后或售后取消,11.9	,79130082733131	,中通快递,****,****,	
260809-301255954862058,已收货,1	,2026-08-09 20:24:38,2026-08-20 15:42:56,444093761930	,"雪花白,七钩【加厚加粗】 (3个装)",无售后或售后取消,25.9	,79130082733435	,中通快递,****,****,	
260809-231955514933524,已收货,1	,2026-08-09 19:23:53,2026-08-20 15:42:56,444093761930	,"经典黑,七钩 【加厚加粗】(2个装)",无售后或售后取消,19.9	,79130082733040	,中通快递,****,****,	
260809-412604198402735,已发货，退款成功,1	,2026-08-09 17:45:15,	,444093761930	,"雪花白,七钩 【加厚加粗】(2个装)",退款成功,19.9	,79130082733011	,中通快递,****,****,	
260809-178929036802735,已取消,1	,	,	,444093761930	,"雪花白,七钩 【加厚加粗】(2个装)",无售后或售后取消,19.9	,	,	,****,****,	
260809-246646106541028,已收货,1	,2026-08-09 16:51:04,2026-08-20 15:42:56,444093761930	,"雪花白,七钩 【加厚加粗】(4个装)",无售后或售后取消,31.9	,79130082723081	,中通快递,****,****,	
260809-315631900233225,已收货,1	,2026-08-09 16:46:55,2026-08-20 15:42:56,444093761930	,"雪花白,淘气猫 【加厚加粗】(4个装)",无售后或售后取消,31.9	,79130082732811	,中通快递,****,****,	
260809-414627971501739,已收货,1	,2026-08-09 12:56:46,2026-08-14 17:59:39,444093761930	,"经典黑,七钩【加厚加粗】 (1个装)",无售后或售后取消,11.9	,79129801038392	,中通快递,****,****,	
260809-413893988761436,已收货,1	,2026-08-09 09:51:20,2026-08-16 15:01:34,444093761930	,"经典黑,七钩【加厚加粗】 (3个装)",无售后或售后取消,25.9	,79129801030774	,中通快递,****,****,	
260809-384554842513320,已收货,1	,2026-08-09 09:29:32,2026-08-13 17:26:40,444093761930	,"经典黑,七钩 【加厚加粗】(2个装)",无售后或售后取消,19.9	,79129801030761	,中通快递,****,****,	
260809-252329336331518,已收货,1	,2026-08-09 08:51:41,2026-08-19 16:05:00,444093761930	,"经典黑,淘气猫 【加厚加粗】(2个装)",无售后或售后取消,15.85	,79129801038351	,中通快递,****,****,	
260809-056077904243801,已收货,1	,2026-08-09 01:01:28,2026-08-19 16:05:00,476214691883	,"加粗五钩 白色,2个装",无售后或售后取消,8.02	,79129801031094	,中通快递,****,****,	
260808-229397031213343,已取消,1	,	,	,444093761930	,"经典黑,七钩 【加厚加粗】(2个装)",无售后或售后取消,19.9	,	,	,****,****,	
260808-210050824520240,已收货,1	,2026-08-08 22:30:35,2026-08-19 16:05:00,444093761930	,"经典黑,七钩【加厚加粗】 (1个装)",无售后或售后取消,11.9	,79129801030746	,中通快递,****,****,	
260808-244905418251694,已收货,1	,2026-08-08 21:47:09,2026-08-19 16:05:00,444093761930	,"经典黑,七钩 【加厚加粗】(2个装)",无售后或售后取消,19.9	,79129801030705	,中通快递,****,****,	
260808-059779356271176,已收货,1	,2026-08-08 20:43:31,2026-08-11 16:40:39,444093761930	,"经典黑,七钩【加厚加粗】 (1个装)",无售后或售后取消,8.9	,79129801030726	,中通快递,****,****,	
260808-278564770092967,已收货,1	,2026-08-08 20:28:21,2026-08-19 16:05:00,444093761930	,"经典黑,七钩 【加厚加粗】(2个装)",无售后或售后取消,19.9	,79129801056768	,中通快递,****,****,	
260808-616531238460471,已收货,1	,2026-08-08 19:13:14,2026-08-19 16:05:00,444093761930	,"经典黑,七钩 【加厚加粗】(4个装)",无售后或售后取消,31.9	,79129801056821	,中通快递,****,****,	
260808-654751843852782,已收货,1	,2026-08-08 18:58:21,2026-08-24 16:05:00,444093761930	,"经典黑,淘气猫 【加厚加粗】(3个装)",无售后或售后取消,24.39	,79129801030682	,中通快递,****,****,	
260808-350612416951888,未发货，退款成功,1	,2026-08-08 18:50:25,	,444093761930	,"雪花白,七钩 【加厚加粗】(2个装)",退款成功,19.9	,	,	,****,****,	
260808-278522806583447,已收货,1	,2026-08-08 16:20:31,2026-08-19 16:05:00,444093761930	,"经典黑,七钩【加厚加粗】 (1个装)",无售后或售后取消,11.9	,79129801030718	,中通快递,****,****,	
260808-261944788612864,已收货,1	,2026-08-08 15:46:36,2026-08-18 15:49:40,444093761930	,"咖啡色,七钩 【加厚加粗】(4个装)",无售后或售后取消,31.9	,79129564708345	,中通快递,****,****,	
260808-515018668453115,已收货,1	,2026-08-08 15:45:05,2026-08-18 15:49:40,444093761930	,"雪花白,淘气猫 【加厚加粗】(2个装)",无售后或售后取消,15.85	,79129564951076	,中通快递,****,****,	
260808-182494195283120,未发货，退款成功,1	,2026-08-08 14:22:47,	,444093761930	,"雪花白,七钩 【加厚加粗】(2个装)",退款成功,19.9	,	,	,****,****,	
260808-294366748160487,已收货,1	,2026-08-08 13:47:45,2026-08-16 15:59:35,444093761930	,"经典黑,淘气猫 【加厚加粗】(4个装)",无售后或售后取消,31.2	,79129564953032	,中通快递,****,****,	
260808-099174325822458,已收货,1	,2026-08-08 13:23:10,2026-08-18 15:49:40,444093761930	,"经典黑,七钩【加厚加粗】 (1个装)",无售后或售后取消,11.9	,79129564713080	,中通快递,****,****,	
260808-641246195241520,已收货,2	,2026-08-08 13:12:23,2026-08-11 19:29:46,476214691883	,"加粗五钩 白色,2个装",无售后或售后取消,15.24	,79129564710407	,中通快递,****,****,	
260808-497675148841520,未发货，退款成功,1	,2026-08-08 13:09:14,	,476214691883	,"加粗五钩 金色,3个装",退款成功,14.16	,	,	,****,****,	
260808-529289745961520,未发货，退款成功,1	,2026-08-08 12:57:40,	,444093761930	,"经典黑,七钩 【加厚加粗】(2个装)",退款成功,18.91	,	,	,****,****,	
260808-214287029881222,已收货,1	,2026-08-08 12:32:10,2026-08-16 10:46:52,444093761930	,"经典黑,七钩 【加厚加粗】(2个装)",无售后或售后取消,19.9	,79129564951096	,中通快递,****,****,	
260808-405106869870906,已收货,1	,2026-08-08 12:25:56,2026-08-16 11:44:02,444093761930	,"经典黑,七钩 【加厚加粗】(2个装)",无售后或售后取消,19.9	,79129564713051	,中通快递,****,****,	
260808-326086244660264,已收货,1	,2026-08-08 12:20:59,2026-08-23 15:49:40,444093761930	,"经典黑,淘气猫 【加厚加粗】(1个装)",无售后或售后取消,11.9	,79129564708332	,中通快递,****,****,	
260808-602690045443992,已收货，退款成功,1	,2026-08-08 12:05:44,2026-08-18 15:49:55,476214691883	,"加粗五钩 白色,2个装",退款成功,5.02	,79129564710448	,中通快递,****,****,	
260808-596660775320872,已收货,1	,2026-08-08 11:07:12,2026-08-18 15:49:40,444093761930	,"经典黑,七钩 【加厚加粗】(2个装)",无售后或售后取消,18.9	,79129564708317	,中通快递,****,****,	
260808-432516708680233,已收货,1	,2026-08-08 10:38:34,2026-08-10 16:24:26,444093761930	,"雪花白,七钩 【加厚加粗】(2个装)",无售后或售后取消,19.9	,79129564713136	,中通快递,****,****,	
260808-289050467903655,已收货,1	,2026-08-08 10:22:48,2026-08-18 15:49:40,444093761930	,"经典黑,七钩【加厚加粗】 (1个装)",无售后或售后取消,11.9	,79129564713128	,中通快递,****,****,	
260808-423708608040135,已收货,1	,2026-08-08 08:16:09,2026-08-18 15:49:40,444093761930	,"经典黑,七钩【加厚加粗】 (3个装)",无售后或售后取消,25.9	,79129564712969	,中通快递,****,****,	
260808-230214888960735,已收货,1	,2026-08-08 07:52:23,2026-08-23 15:49:40,444093761930	,"经典黑,七钩 【加厚加粗】(2个装)",无售后或售后取消,19.9	,79129564708294	,中通快递,****,****,	
260808-528272627200735,已收货,1	,2026-08-08 07:49:55,2026-08-23 15:49:40,444093761930	,"经典黑,七钩 【加厚加粗】(2个装)",无售后或售后取消,19.9	,79129564708294	,中通快递,****,****,	
260808-407487168811034,已收货,1	,2026-08-08 06:43:30,2026-08-18 15:49:40,444093761930	,"咖啡色,七钩 【加厚加粗】(2个装)",无售后或售后取消,18.4	,79129564713049	,中通快递,****,****,	
260808-353747648812428,已收货,1	,2026-08-08 05:27:40,2026-08-18 15:49:40,444093761930	,"经典黑,七钩【加厚加粗】 (1个装)",无售后或售后取消,11.9	,79129564713143	,中通快递,****,****,	
260808-011073042852092,已收货,1	,2026-08-08 05:16:35,2026-08-12 07:54:01,444093761930	,"经典黑,七钩【加厚加粗】 (3个装)",无售后或售后取消,25.9	,79129564951150	,中通快递,****,****,	
260808-344950096230311,已收货,1	,2026-08-08 01:06:14,2026-08-18 15:49:40,476214691883	,"加粗五钩 玫瑰金,3个装",无售后或售后取消,14.16	,79129564951121	,中通快递,****,****,	
260808-106923364700665,已收货,1	,2026-08-08 00:23:06,2026-08-18 15:49:40,444093761930	,"咖啡色,七钩 【加厚加粗】(2个装)",无售后或售后取消,18.4	,79129564713036	,中通快递,****,****,	
260808-549432860253263,已收货,1	,2026-08-08 00:04:59,2026-08-18 15:49:40,444093761930	,"经典黑,七钩【加厚加粗】 (1个装)",无售后或售后取消,11.9	,79129564951147	,中通快递,****,****,	
260807-267638556290911,已收货,1	,2026-08-07 23:04:07,2026-08-18 15:49:40,444093761930	,"经典黑,七钩 【加厚加粗】(2个装)",无售后或售后取消,19.9	,79129564710463	,中通快递,****,****,	
260807-091540692613762,已收货,1	,2026-08-07 22:51:54,2026-08-15 08:11:59,444093761930	,"经典黑,七钩【加厚加粗】 (1个装)",无售后或售后取消,11.9	,79129564712984	,中通快递,****,****,	
260807-122599534080156,已收货,1	,2026-08-07 21:43:30,2026-08-10 13:02:42,444093761930	,"经典黑,七钩 【加厚加粗】(2个装)",无售后或售后取消,19.9	,79129564708304	,中通快递,****,****,	
260807-631662200462351,已收货,1	,2026-08-07 21:28:01,2026-08-18 15:49:40,444093761930	,"经典黑,七钩 【加厚加粗】(2个装)",无售后或售后取消,19.9	,79129564951042	,中通快递,****,****,	
260807-033051185480789,已收货,1	,2026-08-07 20:55:52,2026-08-14 12:48:01,444093761930	,"经典黑,七钩【加厚加粗】 (1个装)",无售后或售后取消,11.9	,79129564951068	,中通快递,****,****,	
260807-182095767862110,已收货,1	,2026-08-07 19:21:10,2026-08-18 15:49:40,444093761930	,"经典黑,七钩【加厚加粗】 (1个装)",无售后或售后取消,11.9	,79129564713077	,中通快递,****,****,	
260807-125976000861227,已收货,1	,2026-08-07 18:58:04,2026-08-12 17:30:27,444093761930	,"经典黑,七钩 【加厚加粗】(4个装)",无售后或售后取消,31.9	,79129564710456	,中通快递,****,****,	
260807-485343967630778,未发货，退款成功,1	,2026-08-07 16:56:43,	,444093761930	,"雪花白,淘气猫 【加厚加粗】(4个装)",退款成功,31.9	,	,	,****,****,	
260807-296988198522470,已收货,1	,2026-08-07 15:57:39,2026-08-17 18:28:27,444093761930	,"雪花白,七钩 【加厚加粗】(2个装)",无售后或售后取消,16.9	,79129564713248	,中通快递,****,****,	
260807-426067935562766,已收货,1	,2026-08-07 14:09:14,2026-08-17 15:48:40,444093761930	,"咖啡色,七钩 【加厚加粗】(2个装)",无售后或售后取消,18.4	,79129281765886	,中通快递,****,****,	
260807-533620375882766,已收货,1	,2026-08-07 14:07:59,2026-08-17 15:48:40,444093761930	,"雪花白,七钩【加厚加粗】 (3个装)",无售后或售后取消,25.9	,79129281765886	,中通快递,****,****,	
260807-131785070082681,已收货,1	,2026-08-07 13:28:10,2026-08-17 15:48:40,444093761930	,"雪花白,七钩 【加厚加粗】(2个装)",无售后或售后取消,19.9	,79129281744759	,中通快递,****,****,	
260807-150533650793016,已收货,1	,2026-08-07 12:22:03,2026-08-10 09:45:15,444093761930	,"经典黑,七钩【加厚加粗】 (1个装)",无售后或售后取消,11.9	,79129281736916	,中通快递,****,****,	
260807-641613176393139,已收货,1	,2026-08-07 11:59:13,2026-08-17 15:48:40,444093761930	,"经典黑,七钩 【加厚加粗】(2个装)",无售后或售后取消,19.9	,79129281745104	,中通快递,****,****,	
260807-426686584451584,未发货，退款成功,1	,2026-08-07 09:11:49,	,444093761930	,"经典黑,七钩 【加厚加粗】(2个装)",退款成功,19.9	,	,	,****,****,	
260807-676625181044006,未发货，退款成功,1	,2026-08-07 08:41:51,	,444093761930	,"经典黑,七钩 【加厚加粗】(2个装)",退款成功,16.9	,	,	,****,****,	
260807-509251490233431,已收货,1	,2026-08-07 08:35:21,2026-08-10 19:15:25,476214691883	,"加粗五钩 白色,2个装",无售后或售后取消,7.46	,79129281745132	,中通快递,****,****,	
260807-444659188030846,未发货，退款成功,1	,2026-08-07 00:36:02,	,444093761930	,"雪花白,七钩 【加厚加粗】(2个装)",退款成功,19.9	,	,	,****,****,	
260807-553669169541058,已收货,1	,2026-08-07 00:21:09,2026-08-17 15:48:40,444093761930	,"咖啡色,七钩 【加厚加粗】(2个装)",无售后或售后取消,18.4	,79129281744670	,中通快递,****,****,	
260807-529331658243178,已收货,1	,2026-08-07 00:13:22,2026-08-11 11:57:10,444093761930	,"经典黑,七钩【加厚加粗】 (3个装)",无售后或售后取消,25.9	,79129281736740	,中通快递,****,****,	
260807-097832220971917,已收货,1	,2026-08-07 00:03:29,2026-08-17 15:48:40,444093761930	,"经典黑,七钩【加厚加粗】 (1个装)",无售后或售后取消,11.9	,79129281765858	,中通快递,****,****,	
260806-245917324862763,已收货,1	,2026-08-06 23:56:05,2026-08-17 15:48:40,444093761930	,"雪花白,淘气猫 【加厚加粗】(4个装)",无售后或售后取消,31.9	,79129281745025	,中通快递,****,****,	
260806-096206897470971,已收货,1	,2026-08-06 23:43:04,2026-08-17 15:48:40,444093761930	,"经典黑,七钩 【加厚加粗】(2个装)",无售后或售后取消,19.9	,79129281736829	,中通快递,****,****,	
260806-070448658771806,已收货,1	,2026-08-06 23:19:24,2026-08-17 15:48:40,444093761930	,"经典黑,七钩【加厚加粗】 (1个装)",无售后或售后取消,11.9	,79129281736885	,中通快递,****,****,	
260806-072713510432118,已收货,1	,2026-08-06 23:04:05,2026-08-17 15:48:40,444093761930	,"咖啡色,七钩 【加厚加粗】(2个装)",无售后或售后取消,18.4	,79129281736844	,中通快递,****,****,	
260806-078082261321920,已发货，退款成功,1	,2026-08-06 23:02:34,	,444093761930	,"咖啡色,七钩 【加厚加粗】(2个装)",退款成功,18.4	,79129281736951	,中通快递,****,****,	
260806-488400514713534,已收货,1	,2026-08-06 22:57:49,2026-08-17 15:48:40,476214691883	,"加粗五钩 白色,2个装",无售后或售后取消,8.02	,79129281745094	,中通快递,****,****,	
260806-006296758713920,已取消,1	,	,	,444093761930	,"经典黑,七钩 【加厚加粗】(2个装)",无售后或售后取消,19.9	,	,	,****,****,	
260806-048601547100390,已收货,1	,2026-08-06 22:20:33,2026-08-15 11:06:50,444093761930	,"经典黑,七钩【加厚加粗】 (3个装)",无售后或售后取消,25.9	,79129281744641	,中通快递,****,****,	
260806-434210106891202,已收货,1	,2026-08-06 21:50:16,2026-08-12 08:00:45,444093761930	,"雪花白,七钩 【加厚加粗】(2个装)",无售后或售后取消,19.9	,79129281744726	,中通快递,****,****,	
260806-628374904390467,已收货,1	,2026-08-06 21:30:31,2026-08-11 00:00:38,476214691883	,"加粗五钩 白色,2个装",无售后或售后取消,8.02	,79129281765866	,中通快递,****,****,	
260806-329787676213120,已收货,1	,2026-08-06 18:23:07,2026-08-10 09:53:05,444093761930	,"经典黑,七钩 【加厚加粗】(2个装)",无售后或售后取消,19.9	,79129281765766	,中通快递,****,****,	
260806-653813378704064,已收货,1	,2026-08-06 16:42:43,2026-08-17 15:48:40,444093761930	,"经典黑,七钩【加厚加粗】 (1个装)",无售后或售后取消,11.9	,79129281736936	,中通快递,****,****,	
260806-452303296141924,已收货,1	,2026-08-06 16:00:00,2026-08-17 15:48:40,444093761930	,"经典黑,七钩【加厚加粗】 (3个装)",无售后或售后取消,25.9	,79129281744682	,中通快递,****,****,	
260806-448837731981924,已取消,1	,	,	,444093761930	,"经典黑,七钩【加厚加粗】 (3个装)",无售后或售后取消,25.9	,	,	,****,****,	
260806-629953063321522,已收货,1	,2026-08-06 14:47:38,2026-08-16 15:43:46,476214691883	,"加粗五钩 白色,2个装",无售后或售后取消,7.63	,79129008151603	,中通快递,****,****,	
260806-071607314841522,未发货，退款成功,1	,2026-08-06 14:47:38,	,476214691883	,"加粗五钩 黑色,2个装",退款成功,8.82	,	,	,****,****,	
260806-488238027151426,已收货,1	,2026-08-06 14:38:50,2026-08-16 15:43:46,444093761930	,"经典黑,淘气猫 【加厚加粗】(4个装)",无售后或售后取消,31.2	,79129008152043	,中通快递,****,****,	
260806-462254313822877,已收货,1	,2026-08-06 14:10:09,2026-08-10 10:38:51,444093761930	,"经典黑,七钩【加厚加粗】 (1个装)",无售后或售后取消,11.9	,79129008168464	,中通快递,****,****,	
260806-276572475742547,已收货,1	,2026-08-06 13:19:00,2026-08-27 15:43:46,444093761930	,"雪花白,七钩 【加厚加粗】(2个装)",无售后或售后取消,19.9	,79129008151869	,中通快递,****,****,	
260806-282675198352627,已收货,1	,2026-08-06 10:56:50,2026-08-12 19:29:34,476214691883	,"加粗五钩 白色,2个装",无售后或售后取消,8.02	,79129008168776	,中通快递,****,****,	
260806-470978434651523,已收货,1	,2026-08-06 00:50:07,2026-08-16 15:43:46,444093761930	,"经典黑,七钩【加厚加粗】 (1个装)",无售后或售后取消,8.9	,79129008159219	,中通快递,****,****,	
260805-558912049514022,已发货，退款成功,1	,2026-08-05 22:26:34,	,444093761930	,"经典黑,七钩 【加厚加粗】(2个装)",退款成功,19.9	,79129008151631	,中通快递,****,****,	
260805-370587779451644,已收货,1	,2026-08-05 21:57:45,2026-08-08 18:18:30,444093761930	,"经典黑,七钩【加厚加粗】 (1个装)",无售后或售后取消,11.9	,79129008151593	,中通快递,****,****,	
260805-618292866571184,已收货，退款成功,1	,2026-08-05 21:43:07,2026-08-16 15:43:46,444093761930	,"经典黑,七钩【加厚加粗】 (3个装)",退款成功,25.9	,79129008168451	,中通快递,****,****,	
260805-377036542371793,已收货,1	,2026-08-05 21:20:34,2026-08-16 15:43:46,444093761930	,"雪花白,七钩 【加厚加粗】(2个装)",无售后或售后取消,19.9	,79129008159221	,中通快递,****,****,	
260805-007172340111052,已收货,1	,2026-08-05 20:44:55,2026-08-09 17:00:32,444093761930	,"经典黑,七钩【加厚加粗】 (1个装)",无售后或售后取消,11.9	,79129008168502	,中通快递,****,****,	
260805-354062231933457,已收货,1	,2026-08-05 19:57:18,2026-08-08 14:57:26,444093761930	,"雪花白,七钩 【加厚加粗】(2个装)",无售后或售后取消,19.9	,79129008151672	,中通快递,****,****,	
260805-457441360271426,未发货，退款成功,1	,2026-08-05 17:24:31,	,444093761930	,"经典黑,七钩【加厚加粗】 (1个装)",退款成功,11.9	,	,	,****,****,	
260805-182724934031426,已取消,1	,	,	,444093761930	,"经典黑,七钩【加厚加粗】 (1个装)",无售后或售后取消,11.9	,	,	,****,****,	
260805-647946637721522,已取消,1	,	,	,476214691883	,"加粗五钩 白色,2个装",无售后或售后取消,7.63	,	,	,****,****,	
260805-304349254041522,已取消,1	,	,	,476214691883	,"加粗五钩 黑色,2个装",无售后或售后取消,8.82	,	,	,****,****,	
260805-544714298970898,已收货,1	,2026-08-05 10:25:37,2026-08-07 20:35:43,444093761930	,"雪花白,七钩 【加厚加粗】(2个装)",无售后或售后取消,16.92	,79128693292575	,中通快递,****,****,	
260805-402705662302555,已收货,1	,2026-08-05 06:02:58,2026-08-15 15:43:48,444093761930	,"经典黑,七钩【加厚加粗】 (3个装)",无售后或售后取消,25.9	,79128693307322	,中通快递,****,****,	
260805-514662080031372,已收货,1	,2026-08-05 04:12:04,2026-08-15 15:43:48,444093761930	,"经典黑,七钩 【加厚加粗】(2个装)",无售后或售后取消,19.9	,79128693307639	,中通快递,****,****,	
260805-454347988612255,已收货,1	,2026-08-05 03:27:23,2026-08-15 15:43:48,444093761930	,"经典黑,七钩【加厚加粗】 (1个装)",无售后或售后取消,11.9	,79128693300336	,中通快递,****,****,	
260805-197866350961135,已收货,1	,2026-08-05 02:12:32,2026-08-15 15:43:48,444093761930	,"咖啡色,七钩 【加厚加粗】(2个装)",无售后或售后取消,18.4	,79128693307271	,中通快递,****,****,	
260804-016389260822592,未发货，退款成功,1	,2026-08-04 23:11:25,	,444093761930	,"经典黑,七钩 【加厚加粗】(2个装)",退款成功,19.9	,	,	,****,****,	
260804-193388921151209,已收货,1	,2026-08-04 21:53:51,2026-08-11 21:05:15,444093761930	,"经典黑,七钩【加厚加粗】 (1个装)",无售后或售后取消,11.9	,79128693287565	,中通快递,****,****,	
260804-662380276053753,已收货,1	,2026-08-04 20:43:20,2026-08-15 15:43:48,444093761930	,"经典黑,七钩 【加厚加粗】(2个装)",无售后或售后取消,19.9	,79128693292519	,中通快递,****,****,	
260804-172642803260430,已收货,2	,2026-08-04 18:43:22,2026-08-15 15:43:48,444093761930	,"经典黑,七钩 【加厚加粗】(2个装)",无售后或售后取消,37.81	,79128693287922	,中通快递,****,****,	
260804-018559855011999,已收货,1	,2026-08-04 15:07:39,2026-08-14 15:43:01,444093761930	,"雪花白,七钩 【加厚加粗】(2个装)",无售后或售后取消,19.9	,79128396096466	,中通快递,****,****,	
260804-020950618552441,已收货,1	,2026-08-04 14:41:14,2026-08-14 15:43:01,444093761930	,"经典黑,淘气猫 【加厚加粗】(3个装)",无售后或售后取消,24.39	,79128396089997	,中通快递,****,****,	
260804-610952844811620,已收货,1	,2026-08-04 14:16:08,2026-08-06 18:54:34,444093761930	,"经典黑,七钩 【加厚加粗】(2个装)",无售后或售后取消,19.9	,79128396096425	,中通快递,****,****,	
260804-447249149542614,已发货，退款成功,1	,2026-08-04 14:14:32,	,444093761930	,"经典黑,七钩【加厚加粗】 (1个装)",退款成功,11.9	,79128396103013	,中通快递,****,****,	
260804-451338627381010,已收货,1	,2026-08-04 13:41:49,2026-08-07 19:40:02,444093761930	,"经典黑,七钩 【加厚加粗】(2个装)",无售后或售后取消,19.9	,79128396096479	,中通快递,****,****,	
260804-538433308232710,已收货,1	,2026-08-04 13:01:50,2026-08-14 15:43:01,444093761930	,"经典黑,七钩【加厚加粗】 (1个装)",无售后或售后取消,11.9	,79128396103070	,中通快递,****,****,	
260804-317341100473443,已收货,1	,2026-08-04 12:47:22,2026-08-14 15:43:01,444093761930	,"经典黑,七钩 【加厚加粗】(2个装)",无售后或售后取消,19.9	,79128396096438	,中通快递,****,****,	
260804-158062395823988,已收货,1	,2026-08-04 11:57:47,2026-08-14 15:43:01,444093761930	,"金色,七钩【加厚加粗】 (3个装)",无售后或售后取消,35.9	,79128396090016	,中通快递,****,****,	
260804-413558444340301,已收货,1	,2026-08-04 10:09:29,2026-08-14 15:43:01,476214691883	,"加粗五钩 白色,2个装",无售后或售后取消,7.62	,79128396096453	,中通快递,****,****,	
260803-144462365000098,已收货,1	,2026-08-03 23:35:31,2026-08-14 15:43:01,476214691883	,"加粗五钩 白色,2个装",无售后或售后取消,8.02	,79128396090123	,中通快递,****,****,	
260803-503148757331020,已收货,1	,2026-08-03 20:24:20,2026-08-05 20:34:10,444093761930	,"经典黑,七钩【加厚加粗】 (3个装)",无售后或售后取消,25.9	,79128396103118	,中通快递,****,****,	
260803-525693151663881,已收货,1	,2026-08-03 20:18:00,2026-08-14 15:43:01,444093761930	,"经典黑,七钩【加厚加粗】 (1个装)",无售后或售后取消,11.9	,79128396089693	,中通快递,****,****,	
260803-682371397944058,已收货,1	,2026-08-03 15:34:09,2026-08-13 15:35:19,444093761930	,"经典黑,七钩 【加厚加粗】(4个装)",无售后或售后取消,31.9	,79128172044048	,中通快递,****,****,	
260803-652277204551358,已收货,1	,2026-08-03 15:20:12,2026-08-05 16:59:30,444093761930	,"经典黑,七钩【加厚加粗】 (1个装)",无售后或售后取消,11.9	,79128172045060	,中通快递,****,****,	
260803-058909038102349,已收货,1	,2026-08-03 15:05:21,2026-08-13 15:35:19,444093761930	,"经典黑,七钩【加厚加粗】 (1个装)",无售后或售后取消,11.9	,79128172043968	,中通快递,****,****,	
260803-228757347970273,已收货,1	,2026-08-03 14:31:59,2026-08-18 15:35:19,444093761930	,"经典黑,七钩 【加厚加粗】(2个装)",无售后或售后取消,19.9	,79128172045057	,中通快递,****,****,	
260803-495315915102461,已收货,1	,2026-08-03 12:11:56,2026-08-06 10:16:28,444093761930	,"经典黑,七钩【加厚加粗】 (1个装)",无售后或售后取消,8.9	,79128172045072	,中通快递,****,****,	
260803-263486257473674,未发货，退款成功,1	,2026-08-03 10:58:07,	,444093761930	,"经典黑,七钩 【加厚加粗】(2个装)",退款成功,19.9	,	,	,****,****,	
260803-068304268943800,已收货,1	,2026-08-03 08:48:08,2026-08-13 15:35:19,444093761930	,"经典黑,淘气猫 【加厚加粗】(1个装)",无售后或售后取消,11.9	,79128172043133	,中通快递,****,****,	
260803-314667241781772,已收货,1	,2026-08-03 07:15:05,2026-08-13 15:35:19,444093761930	,"经典黑,七钩 【加厚加粗】(4个装)",无售后或售后取消,31.9	,79128172044063	,中通快递,****,****,	
260802-385089616212979,已收货,1	,2026-08-02 23:16:09,2026-08-17 17:17:53,444093761930	,"经典黑,七钩 【加厚加粗】(2个装)",无售后或售后取消,19.9	,79128172021025	,中通快递,****,****,	
260802-018895347313345,已收货,1	,2026-08-02 23:00:00,2026-08-13 15:35:19,444093761930	,"雪花白,七钩 【加厚加粗】(2个装)",无售后或售后取消,19.9	,79128172044091	,中通快递,****,****,	
260802-221123787121898,已取消,1	,	,	,444093761930	,"经典黑,七钩 【加厚加粗】(2个装)",无售后或售后取消,19.9	,	,	,****,****,	
260802-195821606452583,已收货,1	,2026-08-02 16:20:46,2026-08-13 15:35:19,444093761930	,"经典黑,淘气猫 【加厚加粗】(2个装)",无售后或售后取消,12.85	,79128172045098	,中通快递,****,****,	
260802-520617991832269,已收货,1	,2026-08-02 14:46:54,2026-08-08 21:37:46,476214691883	,"加粗五钩 白色,2个装",无售后或售后取消,8.02	,79127827559486	,中通快递,****,****,	
260802-068880985602892,已收货,1	,2026-08-02 13:05:15,2026-08-12 15:06:50,444093761930	,"经典黑,七钩 【加厚加粗】(2个装)",无售后或售后取消,19.9	,79127827559300	,中通快递,****,****,	
260802-550848489771824,已收货,1	,2026-08-02 12:04:12,2026-08-12 15:06:50,476214691883	,"加粗五钩 白色,2个装",无售后或售后取消,8.02	,79127827573836	,中通快递,****,****,	
260802-243028539761036,已收货,1	,2026-08-02 11:25:47,2026-08-12 15:06:50,444093761930	,"经典黑,七钩【加厚加粗】 (3个装)",无售后或售后取消,25.9	,79127827573723	,中通快递,****,****,	
260802-538810795553138,已收货,1	,2026-08-02 11:08:55,2026-08-12 15:06:50,444093761930	,"经典黑,七钩 【加厚加粗】(2个装)",无售后或售后取消,19.9	,79127827573458	,中通快递,****,****,	
260802-505602383431246,已收货,1	,2026-08-02 08:46:45,2026-08-12 15:06:50,476214691883	,"加粗五钩 白色,2个装",无售后或售后取消,8.02	,79127827573764	,中通快递,****,****,	
260802-242451770883567,未发货，退款成功,1	,2026-08-02 01:47:55,	,444093761930	,"咖啡色,淘气猫 【加厚加粗】(2个装)",退款成功,6.85	,	,	,****,****,	
260802-498702763543144,已收货,1	,2026-08-02 01:01:15,2026-08-12 15:06:50,444093761930	,"经典黑,七钩【加厚加粗】 (3个装)",无售后或售后取消,25.9	,79127827584270	,中通快递,****,****,	
260802-615231066481852,已收货,1	,2026-08-02 00:12:05,2026-08-12 15:06:50,444093761930	,"经典黑,七钩 【加厚加粗】(2个装)",无售后或售后取消,19.9	,79127827573869	,中通快递,****,****,	
260801-104962485832361,已收货,1	,2026-08-01 23:54:30,2026-08-12 15:06:50,444093761930	,"经典黑,七钩 【加厚加粗】(2个装)",无售后或售后取消,19.9	,79127827559511	,中通快递,****,****,	
260801-122263989890687,已收货,1	,2026-08-01 22:57:36,2026-08-13 09:17:27,444093761930	,"雪花白,七钩 【加厚加粗】(2个装)",无售后或售后取消,19.9	,79127827559499	,中通快递,****,****,	
260801-425826773430672,已收货,2	,2026-08-01 22:26:21,2026-08-12 15:06:50,444093761930	,"经典黑,七钩 【加厚加粗】(2个装)",无售后或售后取消,37.81	,79127827584361	,中通快递,****,****,	
260801-474512167332108,已收货,1	,2026-08-01 22:21:42,2026-08-12 15:06:50,444093761930	,"经典黑,七钩 【加厚加粗】(2个装)",无售后或售后取消,19.9	,79127827573660	,中通快递,****,****,	
260801-280263411271115,已收货,1	,2026-08-01 22:12:11,2026-08-12 15:06:50,444093761930	,"雪花白,七钩 【加厚加粗】(2个装)",无售后或售后取消,19.9	,79127827584175	,中通快递,****,****,	
260801-376910661252024,已收货,1	,2026-08-01 18:52:51,2026-08-12 15:06:50,444093761930	,"经典黑,七钩【加厚加粗】 (3个装)",无售后或售后取消,25.9	,79127827581944	,中通快递,****,****,	
260801-385760684470712,已收货,1	,2026-08-01 18:32:08,2026-08-12 15:06:50,444093761930	,"经典黑,七钩【加厚加粗】 (3个装)",无售后或售后取消,25.9	,79127827584305	,中通快递,****,****,	
260801-304517005621995,已收货,1	,2026-08-01 18:14:00,2026-08-12 15:06:50,444093761930	,"经典黑,七钩 【加厚加粗】(2个装)",无售后或售后取消,19.9	,79127827573499	,中通快递,****,****,	
260801-657687918931020,已收货,1	,2026-08-01 17:49:55,2026-08-03 17:40:10,444093761930	,"经典黑,七钩 【加厚加粗】(2个装)",无售后或售后取消,19.9	,79127827584282	,中通快递,****,****,	
260801-111956509040534,已收货,1	,2026-08-01 17:38:41,2026-08-12 15:06:50,444093761930	,"经典黑,七钩【加厚加粗】 (3个装)",无售后或售后取消,25.9	,79127827581931	,中通快递,****,****,	
260801-067318659364005,已收货,1	,2026-08-01 15:52:16,2026-08-12 15:06:50,444093761930	,"经典黑,淘气猫 【加厚加粗】(1个装)",无售后或售后取消,11.9	,79127827584374	,中通快递,****,****,	
260801-629869187361978,已收货,1	,2026-08-01 13:06:00,2026-08-11 15:16:16,444093761930	,"经典黑,七钩 【加厚加粗】(2个装)",无售后或售后取消,19.9	,79127520325896	,中通快递,****,****,	
260801-664388299103919,已收货，退款成功,1	,2026-08-01 12:08:45,2026-08-11 15:16:33,444093761930	,"经典黑,七钩【加厚加粗】 (3个装)",退款成功,25.9	,79127520327753	,中通快递,****,****,	
260801-089317711414093,已收货,1	,2026-08-01 11:36:40,2026-08-11 11:25:43,444093761930	,"经典黑,淘气猫 【加厚加粗】(1个装)",无售后或售后取消,11.9	,79127520171707	,中通快递,****,****,	
260801-477123079823599,已收货,1	,2026-08-01 09:55:53,2026-08-11 15:16:16,476214691883	,"加粗五钩 白色,2个装",无售后或售后取消,8.02	,79127520325950	,中通快递,****,****,	
260801-317949284733345,已收货,1	,2026-08-01 06:54:29,2026-08-03 15:24:09,444093761930	,"经典黑,七钩 【加厚加粗】(2个装)",无售后或售后取消,2.6	,79127520171697	,中通快递,****,****,	
260801-089443550831642,已收货,1	,2026-08-01 05:48:50,2026-08-04 15:28:34,444093761930	,"雪花白,七钩【加厚加粗】 (3个装)",无售后或售后取消,25.9	,79127520325975	,中通快递,****,****,	
260801-103200857713990,已收货,1	,2026-08-01 05:38:46,2026-08-11 15:16:16,444093761930	,"经典黑,七钩 【加厚加粗】(2个装)",无售后或售后取消,19.9	,79127520171656	,中通快递,****,****,	
260801-557842502031973,已收货,1	,2026-08-01 04:14:28,2026-08-11 15:16:16,444093761930	,"经典黑,七钩 【加厚加粗】(2个装)",无售后或售后取消,19.9	,79127520326318	,中通快递,****,****,	
260801-238613993082673,已收货,1	,2026-08-01 00:37:08,2026-08-11 15:16:16,444093761930	,"经典黑,七钩 【加厚加粗】(2个装)",无售后或售后取消,19.9	,79127520327766	,中通快递,****,****,	
260801-648229690922860,已取消,1	,	,	,444093761930	,"经典黑,七钩 【加厚加粗】(4个装)",无售后或售后取消,31.9	,	,	,****,****,	
260731-214045899081379,已收货,1	,2026-07-31 22:24:52,2026-08-03 20:26:06,444093761930	,"经典黑,七钩 【加厚加粗】(2个装)",无售后或售后取消,19.9	,79127520325934	,中通快递,****,****,	
260731-444187359641135,未发货，退款成功,1	,2026-07-31 21:51:20,	,444093761930	,"咖啡色,七钩 【加厚加粗】(4个装)",退款成功,31.9	,	,	,****,****,	
260731-409573793390473,已收货,1	,2026-07-31 18:37:34,2026-08-11 15:16:16,476214691883	,"加粗五钩 白色,2个装",无售后或售后取消,8.02	,79127520316526	,中通快递,****,****,	
260731-615398848893697,已收货,1	,2026-07-31 17:36:52,2026-08-11 15:16:16,444093761930	,"经典黑,七钩 【加厚加粗】(2个装)",无售后或售后取消,19.9	,79127520171669	,中通快递,****,****,	
260731-463869058640086,未发货，退款成功,1	,2026-07-31 16:57:47,	,444093761930	,"经典黑,七钩 【加厚加粗】(2个装)",退款成功,19.9	,	,	,****,****,	
260731-069006856593737,已收货,1	,2026-07-31 16:22:55,2026-08-11 15:16:16,476214691883	,"加粗五钩 白色,2个装",无售后或售后取消,5.02	,79127520325947	,中通快递,****,****,	
260731-430125913730210,已收货,1	,2026-07-31 15:20:50,2026-08-04 22:15:36,444093761930	,"经典黑,七钩 【加厚加粗】(2个装)",无售后或售后取消,19.9	,79127520325921	,中通快递,****,****,	
260731-062159644961088,已收货,1	,2026-07-31 15:11:44,2026-08-11 15:16:16,444093761930	,"咖啡色,淘气猫 【加厚加粗】(3个装)",无售后或售后取消,25.9	,79127520325827	,中通快递,****,****,	
260731-406239331990384,已收货,1	,2026-07-31 14:58:54,2026-08-10 15:05:40,444093761930	,"雪花白,七钩 【加厚加粗】(2个装)",无售后或售后取消,19.9	,79127256773123	,中通快递,****,****,	
260731-588513339702348,未发货，退款成功,1	,2026-07-31 14:44:59,	,444093761930	,"经典黑,七钩 【加厚加粗】(2个装)",退款成功,19.9	,	,	,****,****,	
260731-416242809271943,已收货,1	,2026-07-31 12:50:56,2026-08-05 15:51:16,444093761930	,"经典黑,七钩 【加厚加粗】(2个装)",无售后或售后取消,19.9	,79127256772296	,中通快递,****,****,	
260731-572365248013528,已收货,1	,2026-07-31 08:35:32,2026-08-10 15:05:40,444093761930	,"经典黑,七钩 【加厚加粗】(2个装)",无售后或售后取消,19.9	,79127256821643	,中通快递,****,****,	
260731-590558041750706,已收货,1	,2026-07-31 05:21:23,2026-08-03 20:33:45,444093761930	,"经典黑,七钩 【加厚加粗】(2个装)",无售后或售后取消,19.9	,79127256802667	,中通快递,****,****,	
260731-684091010590863,已收货,1	,2026-07-31 01:46:54,2026-08-04 10:19:40,444093761930	,"经典黑,七钩 【加厚加粗】(2个装)",无售后或售后取消,19.9	,79127256773236	,中通快递,****,****,	
260731-176391472741432,已收货,1	,2026-07-31 01:37:23,2026-08-03 21:55:08,444093761930	,"经典黑,七钩 【加厚加粗】(2个装)",无售后或售后取消,19.9	,79127256792996	,中通快递,****,****,	
260731-176915770960565,已收货,1	,2026-07-31 00:41:57,2026-08-04 22:28:39,444093761930	,"经典黑,七钩 【加厚加粗】(2个装)",无售后或售后取消,19.9	,79127256816618	,中通快递,****,****,	
260730-459297329470023,已收货,1	,2026-07-30 23:53:00,2026-08-03 19:23:26,444093761930	,"经典黑,七钩 【加厚加粗】(4个装)",无售后或售后取消,31.9	,79127256814763	,中通快递,****,****,	
260730-072750262603201,已收货,1	,2026-07-30 23:43:33,2026-08-10 15:05:40,444093761930	,"经典黑,七钩 【加厚加粗】(2个装)",无售后或售后取消,19.9	,79127256773215	,中通快递,****,****,	
260730-175626053953591,已收货,1	,2026-07-30 23:27:05,2026-08-10 15:05:40,444093761930	,"经典黑,七钩 【加厚加粗】(2个装)",无售后或售后取消,19.9	,79127256816554	,中通快递,****,****,	
260730-128356216460132,已收货,1	,2026-07-30 23:23:46,2026-08-10 15:05:40,444093761930	,"经典黑,七钩【加厚加粗】 (3个装)",无售后或售后取消,25.9	,79127256821876	,中通快递,****,****,	
260730-294398236300132,已收货,1	,2026-07-30 23:18:19,2026-08-10 15:05:40,444093761930	,"经典黑,七钩【加厚加粗】 (3个装)",无售后或售后取消,25.9	,79127256821876	,中通快递,****,****,	
260730-305859193201898,已发货，退款成功,1	,2026-07-30 23:05:48,	,444093761930	,"经典黑,七钩 【加厚加粗】(2个装)",退款成功,19.9	,79127256821776	,中通快递,****,****,	
260730-360626338104068,已收货,1	,2026-07-30 22:58:15,2026-08-09 19:25:41,444093761930	,"经典黑,七钩 【加厚加粗】(2个装)",无售后或售后取消,19.9	,79127256773243	,中通快递,****,****,	
260730-632375221881163,已收货,1	,2026-07-30 22:44:29,2026-08-10 15:05:40,444093761930	,"经典黑,七钩 【加厚加粗】(2个装)",无售后或售后取消,10.9	,79127256816506	,中通快递,****,****,	
260730-067675154733102,已收货,1	,2026-07-30 22:43:07,2026-08-08 16:31:06,444093761930	,"雪花白,七钩【加厚加粗】 (3个装)",无售后或售后取消,25.9	,79127256814996	,中通快递,****,****,	
260730-439258979921377,已收货,1	,2026-07-30 22:34:14,2026-08-10 15:05:40,444093761930	,"经典黑,七钩【加厚加粗】 (3个装)",无售后或售后取消,25.9	,79127256772288	,中通快递,****,****,	
260730-679812830830386,未发货，退款成功,1	,2026-07-30 22:09:39,	,444093761930	,"雪花白,七钩 【加厚加粗】(2个装)",退款成功,19.9	,	,	,****,****,	
260730-433072423313469,已收货,1	,2026-07-30 22:06:59,2026-08-10 15:05:40,444093761930	,"经典黑,七钩 【加厚加粗】(4个装)",无售后或售后取消,31.9	,79127256773151	,中通快递,****,****,	
260730-591365435031683,已收货,1	,2026-07-30 21:54:14,2026-08-10 15:05:40,444093761930	,"雪花白,七钩【加厚加粗】 (3个装)",无售后或售后取消,25.9	,79127256821883	,中通快递,****,****,	
260730-128859522703163,已收货,1	,2026-07-30 21:28:08,2026-08-10 15:05:40,444093761930	,"雪花白,七钩【加厚加粗】 (3个装)",无售后或售后取消,25.9	,79127256772326	,中通快递,****,****,	
260730-148824399373765,已收货,1	,2026-07-30 21:27:50,2026-08-01 16:48:32,444093761930	,"经典黑,淘气猫 【加厚加粗】(1个装)",无售后或售后取消,11.9	,79127256802521	,中通快递,****,****,	
260730-610617332100940,未发货，退款成功,1	,2026-07-30 20:50:44,	,444093761930	,"经典黑,七钩 【加厚加粗】(2个装)",退款成功,19.9	,	,	,****,****,	
260730-626471790920238,已收货,1	,2026-07-30 16:27:31,2026-08-02 12:10:51,444093761930	,"经典黑,七钩 【加厚加粗】(2个装)",无售后或售后取消,19.9	,79127256821789	,中通快递,****,****,	
260730-277725877880072,已收货,1	,2026-07-30 15:27:23,2026-08-10 15:05:40,444093761930	,"经典黑,七钩 【加厚加粗】(4个装)",无售后或售后取消,31.9	,79127256814748	,中通快递,****,****,	
260730-652549854821162,已收货,1	,2026-07-30 15:24:49,2026-08-10 15:05:40,444093761930	,"经典黑,七钩 【加厚加粗】(4个装)",无售后或售后取消,31.9	,79127256814776	,中通快递,****,****,	
260730-515081520650828,已收货，退款成功,1	,2026-07-30 15:03:37,2026-08-01 17:01:18,473143171945	,萌猫 壁挂款 古铜色,退款成功,12.46	,79126996884633	,中通快递,****,****,	
260730-425470215760406,已收货,1	,2026-07-30 14:46:56,2026-08-08 19:20:24,444093761930	,"经典黑,七钩 【加厚加粗】(2个装)",无售后或售后取消,19.9	,79126996874619	,中通快递,****,****,	
260730-202396178032499,已收货,1	,2026-07-30 14:20:26,2026-08-01 19:21:01,444093761930	,"经典黑,七钩 【加厚加粗】(2个装)",无售后或售后取消,19.9	,79126997003207	,中通快递,****,****,	
260730-337400327790826,未发货，退款成功,1	,2026-07-30 13:12:59,	,444093761930	,"经典黑,七钩【加厚加粗】 (3个装)",退款成功,25.9	,	,	,****,****,	
260730-648166796913000,已收货,1	,2026-07-30 13:02:57,2026-08-02 10:13:28,444093761930	,"雪花白,淘气猫 【加厚加粗】(2个装)",无售后或售后取消,15.85	,79126996874491	,中通快递,****,****,	
260730-000681602692238,已收货,1	,2026-07-30 12:32:26,2026-08-09 15:14:23,444093761930	,"经典黑,七钩 【加厚加粗】(2个装)",无售后或售后取消,19.9	,79126996874767	,中通快递,****,****,	
260730-645230805290866,已收货,1	,2026-07-30 11:51:40,2026-09-18 15:14:23,444093761930	,"经典黑,七钩 【加厚加粗】(2个装)",无售后或售后取消,19.9	,79126996875125	,中通快递,****,****,	
260730-544798196123979,已收货,1	,2026-07-30 09:37:49,2026-08-09 15:14:23,444093761930	,"经典黑,淘气猫 【加厚加粗】(2个装)",无售后或售后取消,15.85	,79126996874397	,中通快递,****,****,	
260730-112963152162520,已收货,1	,2026-07-30 09:10:47,2026-08-09 15:14:23,444093761930	,"雪花白,七钩 【加厚加粗】(2个装)",无售后或售后取消,19.9	,79126997003171	,中通快递,****,****,	
260730-525022052783988,已收货,1	,2026-07-30 07:07:24,2026-08-09 15:14:23,444093761930	,"金色,七钩 【加厚加粗】(4个装)",无售后或售后取消,45.9	,79126996874476	,中通快递,****,****,	
260730-139471111771262,已收货,1	,2026-07-30 00:17:46,2026-08-09 15:14:23,444093761930	,"雪花白,淘气猫 【加厚加粗】(2个装)",无售后或售后取消,15.85	,79126996874489	,中通快递,****,****,	
260729-518625697301267,已收货,1	,2026-07-29 15:08:58,2026-08-09 15:14:23,444093761930	,"经典黑,淘气猫 【加厚加粗】(1个装)",无售后或售后取消,11.9	,79126997003210	,中通快递,****,****,	
260729-266139144593119,已收货,1	,2026-07-29 10:24:31,2026-08-08 15:00:12,444093761930	,"经典黑,淘气猫 【加厚加粗】(1个装)",无售后或售后取消,11.9	,79126741897671	,中通快递,****,****,	
260729-635363663474037,已收货,1	,2026-07-29 09:30:45,2026-08-08 15:00:12,444093761930	,"经典黑,淘气猫 【加厚加粗】(2个装)",无售后或售后取消,15.85	,79126741909856	,中通快递,****,****,	
260729-192906544643240,已收货,1	,2026-07-29 08:14:54,2026-08-18 15:00:12,444093761930	,"雪花白,淘气猫 【加厚加粗】(4个装)",无售后或售后取消,31.9	,79126741894381	,中通快递,****,****,	
260729-196985495051049,已收货,1	,2026-07-29 06:33:53,2026-08-08 15:00:12,444093761930	,"经典黑,七钩 【加厚加粗】(2个装)",无售后或售后取消,19.9	,79126741909836	,中通快递,****,****,	
260729-030660390423124,已收货,1	,2026-07-29 02:20:02,2026-08-08 15:00:12,444093761930	,"经典黑,淘气猫 【加厚加粗】(1个装)",无售后或售后取消,11.9	,79126741895122	,中通快递,****,****,	
260729-438514532751413,已收货,1	,2026-07-29 01:55:24,2026-08-08 15:00:12,444093761930	,"咖啡色,七钩【加厚加粗】 (3个装)",无售后或售后取消,25.9	,79126741909828	,中通快递,****,****,	
260729-608488660521309,已收货,1	,2026-07-29 01:13:13,2026-08-08 15:00:12,444093761930	,"经典黑,七钩 【加厚加粗】(2个装)",无售后或售后取消,19.9	,79126741894511	,中通快递,****,****,	
260728-417081617942531,已收货,1	,2026-07-28 23:38:18,2026-08-08 14:48:34,444093761930	,"经典黑,七钩 【加厚加粗】(4个装)",无售后或售后取消,31.9	,79126737258064	,中通快递,****,****,	
260728-667083118153638,已收货,1	,2026-07-28 22:25:53,2026-08-06 14:04:28,444093761930	,"经典黑,七钩 【加厚加粗】(2个装)",无售后或售后取消,19.9	,79126737258051	,中通快递,****,****,	
260728-268666202403246,已收货,1	,2026-07-28 21:53:14,2026-08-08 14:48:34,444093761930	,"经典黑,七钩 【加厚加粗】(2个装)",无售后或售后取消,19.9	,79126737257068	,中通快递,****,****,	
260728-394275121550134,已收货,1	,2026-07-28 21:37:40,2026-08-08 14:48:34,444093761930	,"咖啡色,七钩 【加厚加粗】(2个装)",无售后或售后取消,18.4	,79126737272256	,中通快递,****,****,	
260728-109565724270004,已收货,1	,2026-07-28 21:13:02,2026-08-08 14:48:34,444093761930	,"经典黑,七钩 【加厚加粗】(2个装)",无售后或售后取消,19.9	,79126737257001	,中通快递,****,****,	
260728-154560182640760,已收货,1	,2026-07-28 20:56:24,2026-08-19 14:48:34,476214691883	,"加粗五钩 白色,2个装",无售后或售后取消,8.02	,79126737256245	,中通快递,****,****,	
260728-114210967921384,已收货,1	,2026-07-28 19:20:20,2026-08-08 14:48:34,444093761930	,"经典黑,七钩 【加厚加粗】(2个装)",无售后或售后取消,19.9	,79126737257076	,中通快递,****,****,	
260728-142795149681384,已取消,1	,	,	,444093761930	,"经典黑,七钩 【加厚加粗】(2个装)",无售后或售后取消,19.9	,	,	,****,****,	
260728-427798054523566,已收货,1	,2026-07-28 19:11:41,2026-08-08 14:48:34,444093761930	,"经典黑,淘气猫 【加厚加粗】(4个装)",无售后或售后取消,28.2	,79126737256636	,中通快递,****,****,	
260728-513173112363232,已收货,1	,2026-07-28 18:36:05,2026-08-08 14:48:34,444093761930	,"雪花白,七钩【加厚加粗】 (3个装)",无售后或售后取消,25.9	,79126737257902	,中通快递,****,****,	
260728-452334764420085,已收货,1	,2026-07-28 18:26:29,2026-08-08 14:48:34,444093761930	,"咖啡色,七钩 【加厚加粗】(2个装)",无售后或售后取消,18.4	,79126737256842	,中通快递,****,****,	
260728-020300491103555,已收货,1	,2026-07-28 18:19:30,2026-08-01 17:51:55,444093761930	,"经典黑,淘气猫 【加厚加粗】(2个装)",无售后或售后取消,15.85	,79126737272263	,中通快递,****,****,	
260728-284908655021098,未发货，退款成功,1	,2026-07-28 17:27:57,	,444093761930	,"经典黑,淘气猫 【加厚加粗】(1个装)",退款成功,11.9	,	,	,****,****,	
260728-348095844680821,已收货,1	,2026-07-28 17:07:04,2026-08-13 14:48:34,444093761930	,"咖啡色,七钩 【加厚加粗】(2个装)",无售后或售后取消,18.4	,79126737257892	,中通快递,****,****,	
260728-230980349473584,已发货，退款成功,1	,2026-07-28 16:02:13,	,444093761930	,"经典黑,七钩 【加厚加粗】(2个装)",退款成功,19.9	,79126737257083	,中通快递,****,****,	
260728-636569556513584,未发货，退款成功,1	,2026-07-28 15:37:56,	,444093761930	,"经典黑,七钩 【加厚加粗】(2个装)",退款成功,19.9	,	,	,****,****,	
260728-410098091553584,未发货，退款成功,1	,2026-07-28 15:36:28,	,444093761930	,"经典黑,七钩 【加厚加粗】(2个装)",退款成功,19.9	,	,	,****,****,	
260728-199323881842372,已收货,1	,2026-07-28 15:22:28,2026-08-07 15:51:15,444093761930	,"经典黑,七钩 【加厚加粗】(2个装)",无售后或售后取消,19.9	,79126443517195	,中通快递,****,****,	
260728-426948728324087,已收货,1	,2026-07-28 14:02:33,2026-08-07 15:51:15,444093761930	,"咖啡色,七钩 【加厚加粗】(2个装)",无售后或售后取消,18.4	,79126443507405	,中通快递,****,****,	
260728-484505034244087,未发货，退款成功,1	,2026-07-28 13:30:12,	,444093761930	,"咖啡色,七钩 【加厚加粗】(2个装)",退款成功,18.4	,	,	,****,****,	
260728-290120015364087,未发货，退款成功,1	,2026-07-28 13:29:58,	,444093761930	,"咖啡色,七钩 【加厚加粗】(2个装)",退款成功,18.4	,	,	,****,****,	
260728-260759939361166,已收货,1	,2026-07-28 12:54:43,2026-08-07 15:51:15,444093761930	,"经典黑,淘气猫 【加厚加粗】(3个装)",无售后或售后取消,24.39	,79126443496306	,中通快递,****,****,	
260728-230812619083877,未发货，退款成功,1	,2026-07-28 12:51:57,	,444093761930	,"咖啡色,七钩 【加厚加粗】(4个装)",退款成功,31.9	,	,	,****,****,	
260728-429874266420519,已收货,1	,2026-07-28 11:43:17,2026-08-07 15:51:15,444093761930	,"咖啡色,七钩 【加厚加粗】(2个装)",无售后或售后取消,18.4	,79126443516556	,中通快递,****,****,	
260728-138254825903112,已收货,1	,2026-07-28 10:54:29,2026-08-07 15:51:15,444093761930	,"经典黑,七钩 【加厚加粗】(4个装)",无售后或售后取消,31.9	,79126443517218	,中通快递,****,****,	
260728-005505062542101,已收货,1	,2026-07-28 08:59:01,2026-07-31 14:14:04,444093761930	,"经典黑,七钩 【加厚加粗】(4个装)",无售后或售后取消,31.9	,79126443515348	,中通快递,****,****,	
260728-139167045141926,已取消,1	,	,	,444093761930	,"雪花白,七钩 【加厚加粗】(2个装)",无售后或售后取消,19.9	,	,	,****,****,	
260728-090638958891784,已取消,1	,	,	,444093761930	,"雪花白,七钩 【加厚加粗】(2个装)",无售后或售后取消,19.9	,	,	,****,****,	
260728-406742638143048,已收货,1	,2026-07-28 06:25:29,2026-08-07 15:51:15,444093761930	,"经典黑,七钩 【加厚加粗】(2个装)",无售后或售后取消,19.9	,79126443495856	,中通快递,****,****,	
260727-582567913912791,已发货，退款成功,1	,2026-07-27 22:29:47,	,444093761930	,"经典黑,淘气猫 【加厚加粗】(1个装)",退款成功,11.9	,79126443496084	,中通快递,****,****,	
260727-589803046491234,已收货,1	,2026-07-27 22:03:48,2026-07-30 21:15:45,444093761930	,"经典黑,七钩 【加厚加粗】(2个装)",无售后或售后取消,19.9	,79126443507433	,中通快递,****,****,	
260727-325079611752362,已收货,1	,2026-07-27 22:03:21,2026-08-07 15:51:15,444093761930	,"经典黑,七钩【加厚加粗】 (3个装)",无售后或售后取消,25.9	,79126443515363	,中通快递,****,****,	
260727-390038895020232,已收货,1	,2026-07-27 21:39:00,2026-08-07 15:51:15,444093761930	,"经典黑,七钩 【加厚加粗】(4个装)",无售后或售后取消,31.9	,79126443507247	,中通快递,****,****,	
260727-560621207841580,已收货,1	,2026-07-27 21:21:29,2026-08-07 09:40:17,444093761930	,"经典黑,七钩 【加厚加粗】(2个装)",无售后或售后取消,19.9	,79126443507446	,中通快递,****,****,	
260727-384156311112216,已收货,1	,2026-07-27 20:42:00,2026-07-31 18:47:56,444093761930	,"雪花白,七钩【加厚加粗】 (3个装)",无售后或售后取消,25.9	,79126443496176	,中通快递,****,****,	
260727-359179282851111,已取消,1	,	,	,444093761930	,"经典黑,七钩 【加厚加粗】(2个装)",无售后或售后取消,19.9	,	,	,****,****,	
260727-664849630851569,已收货,1	,2026-07-27 19:45:11,2026-08-07 15:51:15,444093761930	,"咖啡色,七钩 【加厚加粗】(2个装)",无售后或售后取消,18.4	,79126443516995	,中通快递,****,****,	
260727-322405690901539,已取消,1	,	,	,444093761930	,"咖啡色,淘气猫 【加厚加粗】(2个装)",无售后或售后取消,15.85	,	,	,****,****,	
260727-597394788791737,已收货,1	,2026-07-27 18:29:33,2026-08-01 16:26:20,444093761930	,"经典黑,七钩【加厚加粗】 (3个装)",无售后或售后取消,25.9	,79126443507101	,中通快递,****,****,	
260727-351325438380506,已发货，退款成功,1	,2026-07-27 17:08:55,	,444093761930	,"咖啡色,七钩 【加厚加粗】(2个装)",退款成功,18.4	,79126443517233	,中通快递,****,****,	
260727-619047883072141,已收货,1	,2026-07-27 16:55:41,2026-08-07 12:50:28,444093761930	,"雪花白,淘气猫 【加厚加粗】(2个装)",无售后或售后取消,15.85	,79126443496276	,中通快递,****,****,	
260727-420699194903676,已收货,1	,2026-07-27 12:20:05,2026-07-31 13:49:15,444093761930	,"经典黑,七钩 【加厚加粗】(4个装)",无售后或售后取消,29.9	,79126114808439	,中通快递,****,****,	
260727-656419079822534,已收货,1	,2026-07-27 10:52:41,2026-08-06 15:12:39,444093761930	,"经典黑,七钩 【加厚加粗】(4个装)",无售后或售后取消,31.9	,79126114808276	,中通快递,****,****,	
260727-275932802651471,已收货,1	,2026-07-27 10:44:30,2026-08-06 15:12:39,444093761930	,"雪花白,七钩 【加厚加粗】(4个装)",无售后或售后取消,31.9	,79126114808505	,中通快递,****,****,	
260727-363247778083027,已收货,1	,2026-07-27 10:09:29,2026-08-06 15:12:39,444093761930	,"雪花白,七钩 【加厚加粗】(2个装)",无售后或售后取消,19.9	,79126114798642	,中通快递,****,****,	
260727-253105313352448,已收货,1	,2026-07-27 08:53:23,2026-08-01 18:32:29,444093761930	,"雪花白,七钩 【加厚加粗】(2个装)",无售后或售后取消,19.9	,79126114808720	,中通快递,****,****,	
260727-341426891072480,已收货,1	,2026-07-27 08:23:31,2026-08-06 15:12:39,444093761930	,"经典黑,七钩【加厚加粗】 (3个装)",无售后或售后取消,25.9	,79126114798349	,中通快递,****,****,	
260727-228044368181307,已取消,1	,	,	,444093761930	,"雪花白,淘气猫 【加厚加粗】(2个装)",无售后或售后取消,15.85	,	,	,****,****,	
260727-559866233250197,已收货,1	,2026-07-27 03:14:15,2026-07-29 12:39:28,444093761930	,"经典黑,淘气猫 【加厚加粗】(1个装)",无售后或售后取消,11.9	,79126114798428	,中通快递,****,****,	
260727-571138393613095,已收货,1	,2026-07-27 00:02:35,2026-07-30 17:47:48,444093761930	,"经典黑,七钩 【加厚加粗】(2个装)",无售后或售后取消,19.9	,79126114845211	,中通快递,****,****,	
260727-411670987162704,已收货,1	,2026-07-27 00:00:55,2026-08-06 15:12:39,444093761930	,"咖啡色,七钩 【加厚加粗】(2个装)",无售后或售后取消,18.4	,79126114808230	,中通快递,****,****,	
260726-418602063504031,已收货,1	,2026-07-27 00:00:04,2026-08-06 15:12:39,444093761930	,"咖啡色,七钩 【加厚加粗】(2个装)",无售后或售后取消,18.4	,79126114845293	,中通快递,****,****,	
260726-186227125902512,已收货,1	,2026-07-26 23:24:10,2026-08-06 15:12:39,444093761930	,"雪花白,淘气猫 【加厚加粗】(2个装)",无售后或售后取消,15.85	,79126114798471	,中通快递,****,****,	
260726-096112535992104,已收货,1	,2026-07-26 22:39:20,2026-08-06 15:12:39,444093761930	,"雪花白,七钩【加厚加粗】 (3个装)",无售后或售后取消,25.9	,79126114798380	,中通快递,****,****,	
260726-599135414580406,已收货,1	,2026-07-26 22:13:56,2026-08-06 15:12:39,444093761930	,"雪花白,七钩 【加厚加粗】(2个装)",无售后或售后取消,19.9	,79126114808201	,中通快递,****,****,	
260726-499562627500307,已收货,1	,2026-07-26 21:43:17,2026-08-06 15:12:39,444093761930	,"经典黑,七钩 【加厚加粗】(2个装)",无售后或售后取消,19.9	,79126114798456	,中通快递,****,****,	
260726-130484857243667,已收货,1	,2026-07-26 21:35:55,2026-08-06 15:12:39,444093761930	,"雪花白,七钩 【加厚加粗】(2个装)",无售后或售后取消,19.9	,79126114808350	,中通快递,****,****,	
260726-585629724201552,未发货，退款成功,1	,2026-07-26 21:35:03,	,444093761930	,"经典黑,淘气猫 【加厚加粗】(1个装)",退款成功,11.9	,	,	,****,****,	
260726-667187975812006,已收货,1	,2026-07-26 20:37:38,2026-07-31 16:46:00,444093761930	,"咖啡色,七钩 【加厚加粗】(2个装)",无售后或售后取消,18.4	,79126114798308	,中通快递,****,****,	
260726-081589716580253,未发货，退款成功,1	,2026-07-26 20:36:00,	,444093761930	,"雪花白,七钩 【加厚加粗】(4个装)",退款成功,31.9	,	,	,****,****,	
260726-499017367841599,已收货,1	,2026-07-26 20:26:34,2026-07-29 18:17:43,444093761930	,"经典黑,七钩 【加厚加粗】(2个装)",无售后或售后取消,16.9	,79126114845303	,中通快递,****,****,	
260726-155797502332919,已收货,1	,2026-07-26 19:55:22,2026-08-06 15:12:39,444093761930	,"经典黑,七钩 【加厚加粗】(2个装)",无售后或售后取消,19.9	,79126114845199	,中通快递,****,****,	
260726-444732577422620,已收货,1	,2026-07-26 18:50:46,2026-08-06 15:12:39,444093761930	,"雪花白,七钩【加厚加粗】 (3个装)",无售后或售后取消,25.9	,79126114808454	,中通快递,****,****,	
260726-506588055192866,已收货,1	,2026-07-26 18:02:26,2026-08-06 15:12:39,444093761930	,"经典黑,七钩 【加厚加粗】(2个装)",无售后或售后取消,19.9	,79126114845265	,中通快递,****,****,	
260726-662165328203357,已收货,1	,2026-07-26 17:31:57,2026-08-05 11:54:37,634162277591	,"黑色,青梅竹马 爱心钩/门挂款配钩子",无售后或售后取消,39.8	,79126114798017	,中通快递,****,****,	
260726-226586826253060,已收货,1	,2026-07-26 17:27:28,2026-08-06 15:12:39,444093761930	,"雪花白,七钩 【加厚加粗】(2个装)",无售后或售后取消,19.9	,79126114798377	,中通快递,****,****,	
260726-178981455402921,已收货,1	,2026-07-26 16:21:39,2026-07-30 22:06:52,444093761930	,"经典黑,七钩 【加厚加粗】(2个装)",无售后或售后取消,19.9	,79126114845278	,中通快递,****,****,	
260726-261892411783890,已收货,1	,2026-07-26 15:52:21,2026-08-06 15:12:39,444093761930	,"经典黑,七钩 【加厚加粗】(2个装)",无售后或售后取消,16.9	,79126114808413	,中通快递,****,****,	
260726-218019971500001,已收货,1	,2026-07-26 14:21:24,2026-07-29 07:24:07,444093761930	,"经典黑,七钩 【加厚加粗】(2个装)",无售后或售后取消,19.9	,79125851505087	,中通快递,****,****,	
260726-550460526882383,已收货,1	,2026-07-26 12:58:31,2026-08-05 15:44:25,444093761930	,"经典黑,七钩【加厚加粗】 (1个装)",无售后或售后取消,11.9	,79125851520744	,中通快递,****,****,	
260726-150690864733700,已收货,1	,2026-07-26 11:48:09,2026-08-05 15:44:25,444093761930	,"经典黑,七钩 【加厚加粗】(2个装)",无售后或售后取消,19.9	,79125851520816	,中通快递,****,****,	
260726-609348513373700,未发货，退款成功,1	,2026-07-26 11:47:50,	,444093761930	,"经典黑,七钩 【加厚加粗】(2个装)",退款成功,19.9	,	,	,****,****,	
260726-584895742382982,已收货,1	,2026-07-26 09:48:54,2026-08-05 15:44:25,444093761930	,"咖啡色,七钩【加厚加粗】 (3个装)",无售后或售后取消,25.9	,79125851515642	,中通快递,****,****,	
260726-161197668741659,已收货,1	,2026-07-26 09:44:38,2026-08-05 15:44:25,444093761930	,"经典黑,七钩【加厚加粗】 (1个装)",无售后或售后取消,11.9	,79125851514036	,中通快递,****,****,	
260726-304108019323550,已取消,1	,	,	,444093761930	,"经典黑,七钩【加厚加粗】 (3个装)",无售后或售后取消,25.9	,	,	,****,****,	
260726-311437638060845,已收货,1	,2026-07-26 00:17:27,2026-08-05 15:44:25,444093761930	,"经典黑,七钩 【加厚加粗】(2个装)",无售后或售后取消,19.9	,79125851504946	,中通快递,****,****,	
260725-127873913143045,已收货,1	,2026-07-25 23:43:50,2026-08-05 15:44:25,444093761930	,"经典黑,七钩【加厚加粗】 (3个装)",无售后或售后取消,25.9	,79125851515706	,中通快递,****,****,	
260725-607366756782938,已收货,1	,2026-07-25 23:34:48,2026-08-05 15:44:25,444093761930	,"雪花白,七钩 【加厚加粗】(2个装)",无售后或售后取消,19.9	,79125851519066	,中通快递,****,****,	
260725-271728064942857,已收货,1	,2026-07-25 23:09:59,2026-08-05 15:44:25,444093761930	,"经典黑,七钩 【加厚加粗】(4个装)",无售后或售后取消,31.9	,79125851515630	,中通快递,****,****,	
260725-365470738870399,已收货,1	,2026-07-25 21:25:05,2026-08-05 15:44:25,444093761930	,"经典黑,七钩 【加厚加粗】(2个装)",无售后或售后取消,19.9	,79125851513997	,中通快递,****,****,	
260725-572700803382550,未发货，退款成功,1	,2026-07-25 21:13:01,	,444093761930	,"经典黑,淘气猫 【加厚加粗】(1个装)",退款成功,11.9	,	,	,****,****,	
260725-452995325521013,已收货,1	,2026-07-25 20:32:59,2026-07-29 12:37:17,444093761930	,"经典黑,七钩【加厚加粗】 (1个装)",无售后或售后取消,11.9	,79125851505018	,中通快递,****,****,	
260725-651501320491590,已收货,1	,2026-07-25 20:21:01,2026-08-05 15:44:25,444093761930	,"咖啡色,七钩 【加厚加粗】(2个装)",无售后或售后取消,18.4	,79125851505026	,中通快递,****,****,	
260725-138978322751899,已收货,1	,2026-07-25 19:49:10,2026-08-01 14:53:10,444093761930	,"金色,七钩 (3个装)",无售后或售后取消,15.8	,79125851504979	,中通快递,****,****,	
260725-292615678303981,已收货,1	,2026-07-25 19:34:54,2026-08-05 15:44:25,444093761930	,"经典黑,七钩 【加厚加粗】(2个装)",无售后或售后取消,9.9	,79125851515614	,中通快递,****,****,	
260725-291000881503981,已取消,1	,	,	,444093761930	,"经典黑,七钩 【加厚加粗】(2个装)",无售后或售后取消,9.9	,	,	,****,****,	
260725-244821532251037,未发货，退款成功,1	,2026-07-25 19:18:26,	,444093761930	,"雪花白,七钩 【加厚加粗】(2个装)",退款成功,19.9	,	,	,****,****,	
260725-361863647530194,已收货,1	,2026-07-25 18:48:04,2026-07-28 08:47:57,444093761930	,"经典黑,七钩 【加厚加粗】(4个装)",无售后或售后取消,31.9	,79125851519104	,中通快递,****,****,	
260725-429266092330194,已取消,1	,	,	,444093761930	,"咖啡色,七钩 【加厚加粗】(4个装)",无售后或售后取消,31.9	,	,	,****,****,	
260725-412027491881097,已收货,1	,2026-07-25 16:34:00,2026-07-28 17:00:10,444093761930	,"经典黑,淘气猫 【加厚加粗】(1个装)",无售后或售后取消,11.9	,79125851515601	,中通快递,****,****,	
260725-394977657181676,已收货,1	,2026-07-25 16:25:29,2026-08-05 15:44:25,444093761930	,"经典黑,七钩【加厚加粗】 (1个装)",无售后或售后取消,11.9	,79125851504966	,中通快递,****,****,	
260725-122033303132490,已取消,1	,	,	,444093761930	,"雪花白,淘气猫 【加厚加粗】(4个装)",无售后或售后取消,31.9	,	,	,****,****,	
260725-260749401673899,已收货,1	,2026-07-25 13:29:36,2026-07-27 19:15:48,444093761930	,"经典黑,七钩 【加厚加粗】(2个装)",无售后或售后取消,19.9	,79125573672007	,中通快递,****,****,	
260725-623755999662825,已收货,1	,2026-07-25 13:06:00,2026-08-04 15:08:15,444093761930	,"经典黑,七钩 【加厚加粗】(2个装)",无售后或售后取消,19.9	,79125573680271	,中通快递,****,****,	
260725-554214397532538,已收货,1	,2026-07-25 12:28:44,2026-07-28 14:42:06,444093761930	,"经典黑,七钩 【加厚加粗】(2个装)",无售后或售后取消,19.9	,79125573690406	,中通快递,****,****,	
260725-399654274630693,已收货,1	,2026-07-25 12:13:29,2026-08-04 15:08:15,444093761930	,"经典黑,七钩 【加厚加粗】(2个装)",无售后或售后取消,19.9	,79125573679359	,中通快递,****,****,	
260725-214329004421557,已收货,1	,2026-07-25 10:07:26,2026-08-04 15:08:15,444093761930	,"经典黑,七钩【加厚加粗】 (1个装)",无售后或售后取消,11.9	,79125573690467	,中通快递,****,****,	
260725-205531420212433,已收货,1	,2026-07-25 08:09:02,2026-08-04 15:08:15,444093761930	,"经典黑,七钩【加厚加粗】 (3个装)",无售后或售后取消,25.9	,79125573690276	,中通快递,****,****,	
260725-252759314861982,已收货,1	,2026-07-25 00:06:08,2026-08-04 15:08:15,444093761930	,"经典黑,七钩 【加厚加粗】(2个装)",无售后或售后取消,19.9	,79125573672063	,中通快递,****,****,	
260724-476137439580436,已收货,1	,2026-07-24 22:50:35,2026-08-04 15:08:15,444093761930	,"雪花白,七钩 【加厚加粗】(2个装)",无售后或售后取消,19.9	,79125573680136	,中通快递,****,****,	
260724-211183214181601,已收货,1	,2026-07-24 22:16:26,2026-07-29 05:45:42,444093761930	,"咖啡色,七钩 【加厚加粗】(2个装)",无售后或售后取消,15.4	,79125573690319	,中通快递,****,****,	
260724-329819144571158,已收货,1	,2026-07-24 20:46:57,2026-07-29 08:14:19,444093761930	,"雪花白,七钩 【加厚加粗】(2个装)",无售后或售后取消,19.9	,79125573680307	,中通快递,****,****,	
260724-546381534851168,已收货,1	,2026-07-24 20:34:36,2026-08-02 22:21:03,444093761930	,"雪花白,七钩 【加厚加粗】(2个装)",无售后或售后取消,19.9	,79125573690306	,中通快递,****,****,	
260724-558282862223866,已收货,1	,2026-07-24 19:13:01,2026-08-04 15:08:15,444093761930	,"经典黑,七钩【加厚加粗】 (1个装)",无售后或售后取消,11.9	,79125573679387	,中通快递,****,****,	
260724-612557177200576,已发货，退款成功,1	,2026-07-24 18:41:18,	,444093761930	,"咖啡色,七钩 【加厚加粗】(2个装)",退款成功,18.4	,79125573672089	,中通快递,****,****,	
260724-231787804980789,已收货,1	,2026-07-24 17:54:18,2026-07-28 20:16:36,444093761930	,"经典黑,七钩【加厚加粗】 (1个装)",无售后或售后取消,11.9	,79125573672022	,中通快递,****,****,	
260724-602669115750432,已收货,1	,2026-07-24 17:07:30,2026-08-04 15:08:15,444093761930	,"经典黑,七钩【加厚加粗】 (1个装)",无售后或售后取消,11.9	,79125573679318	,中通快递,****,****,	
260724-651983645100968,已收货,1	,2026-07-24 11:21:32,2026-07-26 10:37:31,458566953501	,"一个挂钩配7个延长钩,黑色",无售后或售后取消,19.9	,79125331560348	,中通快递,****,****,	
260724-448161410571721,已取消,1	,	,	,476214691883	,"加粗五钩 白色,2个装",无售后或售后取消,8.02	,	,	,****,****,	
260724-565706769952664,已收货,1	,2026-07-24 08:11:22,2026-08-03 15:18:54,444093761930	,"雪花白,淘气猫 【加厚加粗】(4个装)",无售后或售后取消,17.9	,79125331565934	,中通快递,****,****,	
260724-430608290182985,已收货,1	,2026-07-24 00:57:04,2026-08-03 15:18:54,444093761930	,"雪花白,七钩 【加厚加粗】(2个装)",无售后或售后取消,19.9	,79125331513620	,中通快递,****,****,	
260724-422576177473416,已收货,1	,2026-07-24 00:26:47,2026-08-03 15:18:54,444093761930	,"经典黑,七钩 【加厚加粗】(2个装)",无售后或售后取消,19.9	,79125331513709	,中通快递,****,****,	
260724-257698087322082,已收货,1	,2026-07-24 00:10:49,2026-08-03 15:18:54,444093761930	,"咖啡色,七钩 【加厚加粗】(2个装)",无售后或售后取消,18.4	,79125331560256	,中通快递,****,****,	
260724-371468562021306,已收货,1	,2026-07-24 00:01:10,2026-08-03 15:18:54,444093761930	,"咖啡色,七钩 【加厚加粗】(4个装)",无售后或售后取消,31.9	,79125331565950	,中通快递,****,****,	
260723-390405876133979,已收货,1	,2026-07-23 23:49:55,2026-07-26 17:33:48,444093761930	,"经典黑,七钩【加厚加粗】 (1个装)",无售后或售后取消,11.9	,79125331560297	,中通快递,****,****,	
260723-486623209863083,已发货，退款成功,1	,2026-07-23 23:40:13,	,444093761930	,"咖啡色,七钩 【加厚加粗】(2个装)",退款成功,18.4	,79125331560376	,中通快递,****,****,	
260723-336152543640917,已发货，退款成功,1	,2026-07-23 23:32:08,	,444093761930	,"经典黑,七钩 【加厚加粗】(2个装)",退款成功,19.9	,79125331513594	,中通快递,****,****,	
260723-172144781673471,已收货,1	,2026-07-23 23:18:21,2026-08-03 15:18:54,444093761930	,"经典黑,七钩 【加厚加粗】(2个装)",无售后或售后取消,19.9	,79125331565975	,中通快递,****,****,	
260723-040537955861504,已收货,1	,2026-07-23 23:03:46,2026-08-03 15:18:54,444093761930	,"经典黑,七钩【加厚加粗】 (3个装)",无售后或售后取消,25.9	,79125331513658	,中通快递,****,****,	
260723-324733561193360,已收货,1	,2026-07-23 23:00:24,2026-07-27 19:54:21,444093761930	,"经典黑,七钩【加厚加粗】 (1个装)",无售后或售后取消,8.9	,79125331565896	,中通快递,****,****,	
260723-521970685461307,已收货,1	,2026-07-23 22:52:06,2026-08-03 15:18:54,444093761930	,"经典黑,淘气猫 【加厚加粗】(1个装)",无售后或售后取消,11.9	,79125331560271	,中通快递,****,****,	
260723-641172805253581,已收货,1	,2026-07-23 22:48:11,2026-08-03 15:18:54,444093761930	,"经典黑,七钩 【加厚加粗】(2个装)",无售后或售后取消,19.9	,79125331560335	,中通快递,****,****,	
260723-679666041220343,已取消,1	,	,	,444093761930	,"经典黑,七钩 【加厚加粗】(2个装)",无售后或售后取消,19.9	,	,	,****,****,	
260723-490523922731153,已收货,1	,2026-07-23 22:29:20,2026-08-03 15:18:54,444093761930	,"金色,七钩【加厚加粗】 (3个装)",无售后或售后取消,35.9	,79125331513579	,中通快递,****,****,	
260723-461855834542982,已收货,1	,2026-07-23 22:14:36,2026-08-03 15:18:54,444093761930	,"经典黑,七钩【加厚加粗】 (1个装)",无售后或售后取消,11.9	,79125331565921	,中通快递,****,****,	
260723-541579088182976,已收货,1	,2026-07-23 22:00:41,2026-08-03 15:18:54,444093761930	,"雪花白,七钩 【加厚加粗】(2个装)",无售后或售后取消,19.9	,79125331560136	,中通快递,****,****,	
260723-022041095742233,已收货,1	,2026-07-23 21:59:15,2026-08-03 15:18:54,444093761930	,"咖啡色,淘气猫 【加厚加粗】(2个装)",无售后或售后取消,15.85	,79125331513581	,中通快递,****,****,	
260723-314593809983814,已收货,1	,2026-07-23 21:48:46,2026-08-03 15:18:54,444093761930	,"经典黑,七钩 【加厚加粗】(2个装)",无售后或售后取消,19.9	,79125331513566	,中通快递,****,****,	
260723-163850565983747,已收货,1	,2026-07-23 21:11:27,2026-08-03 15:18:54,444093761930	,"经典黑,七钩【加厚加粗】 (1个装)",无售后或售后取消,11.9	,79125331565580	,中通快递,****,****,	
260723-456906565941897,已发货，退款成功,1	,2026-07-23 20:39:23,	,476214691883	,"加粗五钩 黑色,1个装",退款成功,4.67	,79125331560269	,中通快递,****,****,	
260723-523291912572651,已收货,1	,2026-07-23 20:35:52,2026-08-03 15:18:54,444093761930	,"经典黑,七钩【加厚加粗】 (1个装)",无售后或售后取消,11.9	,79125331565919	,中通快递,****,****,	
260723-110803054103723,已收货,1	,2026-07-23 18:45:03,2026-08-02 11:52:43,444093761930	,"经典黑,七钩 【加厚加粗】(2个装)",无售后或售后取消,19.9	,79125331566014	,中通快递,****,****,	
260723-497696172473138,已收货,1	,2026-07-23 17:45:55,2026-08-03 15:18:54,444093761930	,"经典黑,七钩 【加厚加粗】(2个装)",无售后或售后取消,16.9	,79125331565577	,中通快递,****,****,	
260723-614192934432732,未发货，退款成功,1	,2026-07-23 16:58:23,	,444093761930	,"雪花白,七钩 【加厚加粗】(4个装)",退款成功,31.9	,	,	,****,****,	
260723-647778875831525,已收货,1	,2026-07-23 16:54:36,2026-08-03 15:18:54,444093761930	,"咖啡色,七钩 【加厚加粗】(2个装)",无售后或售后取消,18.4	,79125331565947	,中通快递,****,****,	
260723-328120482231525,已取消,1	,	,	,444093761930	,"咖啡色,七钩 【加厚加粗】(2个装)",无售后或售后取消,18.4	,	,	,****,****,	
260723-311668262521778,已收货,1	,2026-07-23 16:10:29,2026-08-03 15:18:54,444093761930	,"雪花白,七钩 【加厚加粗】(2个装)",无售后或售后取消,19.9	,79125331513546	,中通快递,****,****,	
260723-067790466620583,已收货,1	,2026-07-23 16:09:42,2026-08-03 15:18:54,444093761930	,"经典黑,七钩【加厚加粗】 (1个装)",无售后或售后取消,11.9	,79125331513553	,中通快递,****,****,	
260723-096752115250425,已收货,1	,2026-07-23 13:48:47,2026-07-25 12:02:42,444093761930	,"经典黑,七钩 【加厚加粗】(2个装)",无售后或售后取消,19.9	,79125029391108	,中通快递,****,****,	
260723-524560689533678,已收货,3	,2026-07-23 10:07:19,2026-08-02 15:40:14,444093761930	,"雪花白,七钩 【加厚加粗】(2个装)",无售后或售后取消,56.28	,79125029408218	,中通快递,****,****,	
260723-580554647880563,已收货,1	,2026-07-23 08:56:38,2026-08-02 15:40:14,476214691883	,"加粗五钩 白色,1个装",无售后或售后取消,4.67	,79125029391180	,中通快递,****,****,	
260723-238960044430813,已取消,1	,	,	,444093761930	,"经典黑,七钩【加厚加粗】 (1个装)",无售后或售后取消,8.9	,	,	,****,****,	
260723-126259116460251,已收货,1	,2026-07-23 08:03:11,2026-08-02 15:40:14,444093761930	,"咖啡色,七钩 【加厚加粗】(2个装)",无售后或售后取消,17.12	,79125029406506	,中通快递,****,****,	
260723-503379412621562,已收货,1	,2026-07-23 04:19:09,2026-08-02 15:40:14,476214691883	,"加粗五钩 白色,2个装",无售后或售后取消,8.02	,79125029406562	,中通快递,****,****,	
260722-081668422013809,已收货,1	,2026-07-22 23:36:07,2026-07-27 06:54:13,444093761930	,"经典黑,七钩 【加厚加粗】(2个装)",无售后或售后取消,19.9	,79125029408167	,中通快递,****,****,	
260722-318646567352801,已收货,1	,2026-07-22 19:36:16,2026-08-02 15:40:14,444093761930	,"雪花白,七钩 【加厚加粗】(4个装)",无售后或售后取消,31.9	,79125029406519	,中通快递,****,****,	
260722-501277017642094,已收货,1	,2026-07-22 19:08:25,2026-08-02 15:40:14,444093761930	,"咖啡色,七钩 【加厚加粗】(2个装)",无售后或售后取消,18.4	,79125029391215	,中通快递,****,****,	
260722-186468277773279,已取消,1	,	,	,444093761930	,"雪花白,七钩【加厚加粗】 (3个装)",无售后或售后取消,25.9	,	,	,****,****,	
260722-274165973281866,已收货,1	,2026-07-22 16:55:51,2026-07-28 11:22:16,476214691883	,"加粗五钩 古铜色,3个装",无售后或售后取消,11.47	,79125029408246	,中通快递,****,****,	
260722-131349880363901,已收货,1	,2026-07-22 16:06:42,2026-08-02 15:40:14,444093761930	,"金色,七钩 (3个装)",无售后或售后取消,15.8	,79125029408259	,中通快递,****,****,	
260722-534606047653032,已收货,1	,2026-07-22 14:57:32,2026-08-01 15:01:13,444093761930	,"经典黑,七钩【加厚加粗】 (1个装)",无售后或售后取消,11.9	,79124719911651	,中通快递,****,****,	
260722-340430764372922,已收货,1	,2026-07-22 13:44:01,2026-07-26 01:04:46,476214691883	,"加粗五钩 玫瑰金,1个装",无售后或售后取消,5.47	,79124719923347	,中通快递,****,****,	
260722-633591600701946,已收货,1	,2026-07-22 09:25:05,2026-08-01 15:01:13,444093761930	,"经典黑,七钩【加厚加粗】 (1个装)",无售后或售后取消,11.9	,79124719923406	,中通快递,****,****,	
260722-612001420872945,已收货,1	,2026-07-22 08:56:14,2026-08-01 15:01:13,444093761930	,"雪花白,淘气猫 【加厚加粗】(3个装)",无售后或售后取消,24.39	,79124719924726	,中通快递,****,****,	
260721-080205648183158,已发货，退款成功,1	,2026-07-21 23:29:34,	,444093761930	,"经典黑,淘气猫 【加厚加粗】(2个装)",退款成功,15.85	,79124719907622	,中通快递,****,****,	
260721-618156531263607,已收货,1	,2026-07-21 22:17:13,2026-07-27 20:23:46,444093761930	,"经典黑,七钩【加厚加粗】 (3个装)",无售后或售后取消,25.9	,79124719907742	,中通快递,****,****,	
260721-012928949830372,已收货,1	,2026-07-21 21:34:09,2026-07-27 10:52:32,444093761930	,"经典黑,七钩 【加厚加粗】(2个装)",无售后或售后取消,19.9	,79124719924037	,中通快递,****,****,	
260721-119474767502406,已收货,1	,2026-07-21 21:08:52,2026-08-01 15:01:13,444093761930	,"经典黑,七钩 【加厚加粗】(2个装)",无售后或售后取消,19.9	,79124719907000	,中通快递,****,****,	
260721-163252805200209,已收货,1	,2026-07-21 20:50:49,2026-08-01 15:01:13,444093761930	,"经典黑,七钩【加厚加粗】 (1个装)",无售后或售后取消,11.9	,79124719907240	,中通快递,****,****,	
260721-317194299701260,已收货,1	,2026-07-21 20:10:26,2026-08-01 15:01:13,444093761930	,"经典黑,七钩【加厚加粗】 (1个装)",无售后或售后取消,11.9	,79124719906825	,中通快递,****,****,	
260721-472383568261167,已收货,1	,2026-07-21 20:04:58,2026-08-01 15:01:13,444093761930	,"经典黑,七钩 【加厚加粗】(2个装)",无售后或售后取消,19.9	,79124719924040	,中通快递,****,****,	
260721-437361077871395,已收货,1	,2026-07-21 19:41:04,2026-08-01 15:01:13,444093761930	,"雪花白,七钩 【加厚加粗】(2个装)",无售后或售后取消,19.9	,79124719911452	,中通快递,****,****,	
260721-595863805450217,已发货，退款成功,1	,2026-07-21 19:17:25,	,444093761930	,"经典黑,七钩 【加厚加粗】(2个装)",退款成功,19.9	,79124719907597	,中通快递,****,****,	
260721-358151688522071,已收货,1	,2026-07-21 16:52:26,2026-08-01 15:01:13,444093761930	,"经典黑,七钩【加厚加粗】 (1个装)",无售后或售后取消,6.9	,79124719924514	,中通快递,****,****,	
260721-411387871583221,已收货,1	,2026-07-21 15:23:19,2026-08-16 15:01:13,444093761930	,"经典黑,七钩 【加厚加粗】(2个装)",无售后或售后取消,19.9	,79124719911623	,中通快递,****,****,	
260721-569544620373624,已收货,1	,2026-07-21 15:16:56,2026-07-26 19:23:34,444093761930	,"经典黑,七钩【加厚加粗】 (1个装)",无售后或售后取消,11.9	,79124719911822	,中通快递,****,****,	
260721-040223393310949,已收货,1	,2026-07-21 11:51:00,2026-07-25 15:45:37,476214691883	,"加粗五钩 金色,2个装",无售后或售后取消,10.77	,79124380914077	,中通快递,****,****,	
260721-421233979003878,已取消,1	,	,	,444093761930	,"雪花白,七钩 【加厚加粗】(2个装)",无售后或售后取消,19.9	,	,	,****,****,	
260721-492642014872590,已收货,1	,2026-07-21 07:33:49,2026-07-31 14:57:34,444093761930	,"雪花白,七钩 【加厚加粗】(2个装)",无售后或售后取消,19.9	,79124380914207	,中通快递,****,****,	
260721-091236647251558,已收货,1	,2026-07-21 02:42:09,2026-07-24 08:48:38,444093761930	,"雪花白,七钩 【加厚加粗】(2个装)",无售后或售后取消,19.9	,79124380938030	,中通快递,****,****,	
260721-590054715020441,已收货,1	,2026-07-21 01:52:12,2026-07-31 14:57:34,444093761930	,"雪花白,七钩 【加厚加粗】(2个装)",无售后或售后取消,19.9	,79124380937988	,中通快递,****,****,	
260721-324513350042262,已收货,1	,2026-07-21 00:35:29,2026-07-31 14:57:34,444093761930	,"金色,七钩【加厚加粗】 (3个装)",无售后或售后取消,35.9	,79124380924395	,中通快递,****,****,	
260721-635562934682262,未发货，退款成功,1	,2026-07-21 00:35:02,	,444093761930	,"咖啡色,七钩【加厚加粗】 (3个装)",退款成功,25.9	,	,	,****,****,	
260720-036532457903314,已发货，退款成功,1	,2026-07-20 23:59:00,	,444093761930	,"雪花白,七钩 【加厚加粗】(2个装)",退款成功,19.9	,79124380924370	,中通快递,****,****,	
260720-171138169250058,已收货,1	,2026-07-20 23:18:47,2026-07-23 16:48:29,444093761930	,"雪花白,七钩 【加厚加粗】(2个装)",无售后或售后取消,19.9	,79124380924418	,中通快递,****,****,	
260720-444145416493322,已收货,1	,2026-07-20 22:54:56,2026-07-31 14:57:34,444093761930	,"咖啡色,七钩 【加厚加粗】(2个装)",无售后或售后取消,18.4	,79124380937962	,中通快递,****,****,	
260720-217265017233281,已收货,1	,2026-07-20 22:20:31,2026-07-23 19:22:22,444093761930	,"雪花白,七钩 【加厚加粗】(2个装)",无售后或售后取消,19.9	,79124380914276	,中通快递,****,****,	
260720-432757829250299,已收货,1	,2026-07-20 21:31:36,2026-07-31 14:57:34,444093761930	,"雪花白,七钩 【加厚加粗】(2个装)",无售后或售后取消,19.9	,79124380914301	,中通快递,****,****,	
260720-466280783490299,已取消,1	,	,	,444093761930	,"雪花白,七钩 【加厚加粗】(2个装)",无售后或售后取消,19.9	,	,	,****,****,	
260720-128282816091469,已收货,1	,2026-07-20 18:21:00,2026-07-31 14:57:34,444093761930	,"咖啡色,七钩 【加厚加粗】(2个装)",无售后或售后取消,18.4	,79124380914210	,中通快递,****,****,	
260720-029727137422251,已收货,1	,2026-07-20 16:23:16,2026-07-23 22:20:22,444093761930	,"雪花白,七钩 【加厚加粗】(2个装)",无售后或售后取消,19.9	,79124380924538	,中通快递,****,****,	
260720-176769012152072,已收货,1	,2026-07-20 16:16:13,2026-07-25 17:57:16,444093761930	,"雪花白,七钩 【加厚加粗】(2个装)",无售后或售后取消,19.9	,79124380924604	,中通快递,****,****,	
260720-342150429003908,已收货,1	,2026-07-20 16:02:48,2026-07-25 08:37:17,444093761930	,"咖啡色,七钩 【加厚加粗】(2个装)",无售后或售后取消,18.4	,79124380937950	,中通快递,****,****,	
260720-450709440112456,已收货,1	,2026-07-20 15:39:06,2026-07-31 14:57:34,444093761930	,"雪花白,七钩 【加厚加粗】(2个装)",无售后或售后取消,19.9	,79124380937996	,中通快递,****,****,	
260720-040684818773443,已收货,1	,2026-07-20 15:20:59,2026-07-31 14:57:34,444093761930	,"雪花白,淘气猫 【加厚加粗】(2个装)",无售后或售后取消,12.85	,79124380924367	,中通快递,****,****,	
260720-074847424820856,已收货,1	,2026-07-20 14:49:42,2026-07-27 19:47:08,444093761930	,"雪花白,七钩 【加厚加粗】(2个装)",无售后或售后取消,19.9	,79124380914128	,中通快递,****,****,	
260720-613888837173301,已收货,1	,2026-07-20 08:30:30,2026-07-26 12:56:16,444093761930	,"雪花白,七钩 【加厚加粗】(2个装)",无售后或售后取消,19.9	,79124380937947	,中通快递,****,****,	
260719-340716449391286,已收货,1	,2026-07-19 22:49:07,2026-07-31 14:57:34,444093761930	,"雪花白,七钩 【加厚加粗】(2个装)",无售后或售后取消,19.9	,79124380937827	,中通快递,****,****,	
260719-538103058850403,已收货,1	,2026-07-19 21:59:50,2026-07-31 14:57:34,444093761930	,"雪花白,七钩【加厚加粗】 (3个装)",无售后或售后取消,25.9	,79124380924288	,中通快递,****,****,	
260719-151186316863210,已收货,1	,2026-07-19 21:26:33,2026-07-31 14:57:34,444093761930	,"雪花白,七钩 【加厚加粗】(2个装)",无售后或售后取消,19.9	,79124380938106	,中通快递,****,****,	
260719-548638584372381,已收货,1	,2026-07-19 21:15:51,2026-07-31 14:57:34,476214691883	,"加粗五钩 白色,2个装",无售后或售后取消,8.02	,79124380937868	,中通快递,****,****,	
260719-605348185740963,已收货,1	,2026-07-19 19:50:40,2026-07-31 14:57:34,446257663504	,七钩 古铜【二个装】加厚加粗,无售后或售后取消,19.7	,79124380914263	,中通快递,****,****,	
260719-071780277760816,已收货,1	,2026-07-19 14:52:23,2026-07-29 14:56:18,473143171945	,萌猫 壁挂款 黑色,无售后或售后取消,12.66	,79123830970825	,中通快递,****,****,	
260719-206475170092160,已收货,1	,2026-07-19 13:38:45,2026-07-30 08:17:41,444093761930	,"咖啡色,七钩 【加厚加粗】(2个装)",无售后或售后取消,18.4	,79123831094274	,中通快递,****,****,	
260719-219849715310624,已收货,1	,2026-07-19 12:36:23,2026-07-21 10:59:43,444093761930	,"雪花白,七钩 【加厚加粗】(2个装)",无售后或售后取消,19.9	,79123830970853	,中通快递,****,****,	
260719-285275604521295,已收货,1	,2026-07-19 10:45:11,2026-07-29 14:56:18,444093761930	,"经典黑,七钩 【加厚加粗】(4个装)",无售后或售后取消,31.9	,79123831094290	,中通快递,****,****,	
260719-527203079773511,已收货,1	,2026-07-19 10:39:47,2026-08-09 14:56:18,444093761930	,"雪花白,淘气猫 【加厚加粗】(2个装)",无售后或售后取消,15.85	,79123831094226	,中通快递,****,****,	
260719-669515783772650,已收货,1	,2026-07-19 10:08:26,2026-07-29 14:56:18,444093761930	,"经典黑,淘气猫 【加厚加粗】(2个装)",无售后或售后取消,15.85	,79123831094141	,中通快递,****,****,	
260719-048653986161098,已收货,1	,2026-07-19 08:15:02,2026-07-29 14:56:18,444093761930	,"咖啡色,七钩【加厚加粗】 (3个装)",无售后或售后取消,25.9	,79123831084711	,中通快递,****,****,	
260719-142962932083137,未发货，退款成功,1	,2026-07-19 05:48:47,	,444093761930	,"雪花白,七钩 【加厚加粗】(2个装)",退款成功,19.9	,	,	,****,****,	
260719-127381072212733,已收货,1	,2026-07-19 00:38:19,2026-07-29 14:56:18,444093761930	,"咖啡色,七钩 【加厚加粗】(2个装)",无售后或售后取消,18.4	,79123831084686	,中通快递,****,****,	
260718-174199938561615,已收货,2	,2026-07-18 21:08:48,2026-07-29 14:56:18,444093761930	,"雪花白,七钩 【加厚加粗】(2个装)",无售后或售后取消,34.81	,79123831084490	,中通快递,****,****,	
260718-389755759003954,已收货,1	,2026-07-18 21:08:18,2026-07-29 14:56:18,444093761930	,"雪花白,七钩 【加厚加粗】(2个装)",无售后或售后取消,19.9	,79123831094106	,中通快递,****,****,	
260718-119118293400539,已收货,1	,2026-07-18 21:02:30,2026-07-29 14:56:18,444093761930	,"雪花白,七钩 【加厚加粗】(2个装)",无售后或售后取消,19.9	,79123831084620	,中通快递,****,****,	
260718-219246794382035,已收货,1	,2026-07-18 17:53:48,2026-07-29 14:56:18,444093761930	,"经典黑,七钩 【加厚加粗】(4个装)",无售后或售后取消,31.9	,79123831084724	,中通快递,****,****,	
260718-471964075531802,已收货,1	,2026-07-18 17:00:22,2026-07-27 01:01:06,476214691883	,"加粗五钩 玫瑰金,2个装",无售后或售后取消,10.77	,79123830970917	,中通快递,****,****,	
260718-613846883981165,已收货,1	,2026-07-18 15:29:32,2026-07-29 14:56:18,455777893867	,"加粗加厚 淘气猫 白色,1个装",无售后或售后取消,6.93	,79123831084673	,中通快递,****,****,	
260718-249246543371699,未发货，退款成功,1	,2026-07-18 15:12:17,	,444093761930	,"咖啡色,七钩 【加厚加粗】(2个装)",退款成功,18.4	,	,	,****,****,	
260718-057441042803205,未发货，退款成功,1	,2026-07-18 12:57:15,	,444093761930	,"雪花白,七钩【加厚加粗】 (3个装)",退款成功,25.9	,	,	,****,****,	
260718-612410376610112,已取消,1	,	,	,444093761930	,"雪花白,七钩 【加厚加粗】(2个装)",无售后或售后取消,19.9	,	,	,****,****,	
260718-211413973331185,已取消,1	,	,	,444093761930	,"金色,七钩【加厚加粗】 (3个装)",无售后或售后取消,35.9	,	,	,****,****,	
260718-501596853792486,已发货，退款成功,1	,2026-07-18 11:13:52,	,444093761930	,"咖啡色,七钩 【加厚加粗】(2个装)",退款成功,18.4	,79123547342543	,中通快递,****,****,	
260718-102603221300362,已收货,1	,2026-07-18 04:24:52,2026-07-28 15:22:14,444093761930	,"雪花白,七钩 【加厚加粗】(2个装)",无售后或售后取消,19.9	,79123547351406	,中通快递,****,****,	
260718-003114320221247,已收货,1	,2026-07-18 00:40:27,2026-08-12 15:22:14,444093761930	,"经典黑,七钩【加厚加粗】 (3个装)",无售后或售后取消,25.9	,79123547351201	,中通快递,****,****,	
260718-021359500942596,已收货,1	,2026-07-18 00:32:54,2026-07-28 15:22:14,444093761930	,"咖啡色,七钩 【加厚加粗】(2个装)",无售后或售后取消,18.4	,79123547351396	,中通快递,****,****,	
260717-075770171783426,已收货,1	,2026-07-17 22:01:58,2026-07-24 13:16:09,444093761930	,"经典黑,淘气猫 【加厚加粗】(1个装)",无售后或售后取消,11.9	,79123547351388	,中通快递,****,****,	
260717-405316647283311,已收货,1	,2026-07-17 21:37:20,2026-07-21 19:24:16,444093761930	,"经典黑,七钩 【加厚加粗】(4个装)",无售后或售后取消,31.9	,79123547351362	,中通快递,****,****,	
260717-163085043220479,已收货,1	,2026-07-17 20:07:40,2026-07-28 15:22:14,444093761930	,"咖啡色,七钩 【加厚加粗】(2个装)",无售后或售后取消,18.4	,79123547342569	,中通快递,****,****,	
260717-159803052370733,已收货,1	,2026-07-17 19:59:10,2026-07-28 15:22:14,444093761930	,"经典黑,淘气猫 【加厚加粗】(1个装)",无售后或售后取消,11.9	,79123547351227	,中通快递,****,****,	
260717-158743938592736,已收货,1	,2026-07-17 17:11:03,2026-07-28 15:22:14,444093761930	,"经典黑,淘气猫 【加厚加粗】(1个装)",无售后或售后取消,11.9	,79123547351214	,中通快递,****,****,	
260717-108475225690724,已收货,1	,2026-07-17 16:35:55,2026-07-21 18:26:06,476214691883	,"加粗五钩 玫瑰金,2个装",无售后或售后取消,10.77	,79123547346460	,中通快递,****,****,	
260717-219718633053037,已收货,1	,2026-07-17 16:22:54,2026-07-22 10:08:24,444093761930	,"咖啡色,七钩 【加厚加粗】(2个装)",无售后或售后取消,18.4	,79123547346087	,中通快递,****,****,	
260717-226995750501250,已收货,1	,2026-07-17 14:27:20,2026-08-03 15:33:52,444093761930	,"咖啡色,七钩 【加厚加粗】(2个装)",无售后或售后取消,18.4	,79123227601172	,中通快递,****,****,	
260717-081170327891185,已发货，退款成功,1	,2026-07-17 12:47:09,	,444093761930	,"金色,七钩【加厚加粗】 (3个装)",退款成功,35.9	,79123227601981	,中通快递,****,****,	
260717-629292450102114,已收货,1	,2026-07-17 12:23:54,2026-07-27 15:17:16,444093761930	,"经典黑,七钩【加厚加粗】 (3个装)",无售后或售后取消,25.9	,79123227603943	,中通快递,****,****,	
260717-362943628812894,已收货,1	,2026-07-17 12:14:27,2026-07-27 15:17:16,444093761930	,"经典黑,七钩【加厚加粗】 (3个装)",无售后或售后取消,25.9	,79123227602087	,中通快递,****,****,	
260717-416672725331185,未发货，退款成功,1	,2026-07-17 10:20:01,	,444093761930	,"雪花白,七钩 【加厚加粗】(2个装)",退款成功,19.9	,	,	,****,****,	
260717-031960656250126,已收货,1	,2026-07-17 07:33:44,2026-07-27 15:17:16,476214691883	,"加粗五钩 白色,2个装",无售后或售后取消,8.02	,79123227603915	,中通快递,****,****,	
260716-578226829632626,已收货,1	,2026-07-16 23:52:45,2026-07-19 23:23:42,444093761930	,"雪花白,七钩 【加厚加粗】(2个装)",无售后或售后取消,19.9	,79123227603902	,中通快递,****,****,	
260716-676100861533454,已收货,1	,2026-07-16 22:42:35,2026-07-27 15:17:16,444093761930	,"雪花白,淘气猫 【加厚加粗】(2个装)",无售后或售后取消,12.85	,79123227601251	,中通快递,****,****,	
260716-239714977391212,已收货,1	,2026-07-16 22:38:23,2026-07-20 12:36:02,444093761930	,"咖啡色,淘气猫 【加厚加粗】(2个装)",无售后或售后取消,15.85	,79123227603936	,中通快递,****,****,	
260716-146223930911913,已收货,1	,2026-07-16 20:22:00,2026-07-27 15:17:16,444093761930	,"雪花白,七钩【加厚加粗】 (3个装)",无售后或售后取消,25.9	,79123227602112	,中通快递,****,****,	
260716-181665810040089,已收货,1	,2026-07-16 19:28:02,2026-07-27 15:17:16,444093761930	,"雪花白,七钩 【加厚加粗】(2个装)",无售后或售后取消,19.9	,79123227601185	,中通快递,****,****,	
260716-025868408321921,已收货,1	,2026-07-16 18:18:26,2026-07-20 20:12:44,444093761930	,"咖啡色,七钩 【加厚加粗】(2个装)",无售后或售后取消,18.4	,79123227601160	,中通快递,****,****,	
260716-237607371123099,已收货,1	,2026-07-16 17:29:46,2026-07-27 15:17:16,444093761930	,"咖啡色,七钩 【加厚加粗】(2个装)",无售后或售后取消,18.4	,79123227602046	,中通快递,****,****,	
260716-054043687211319,未发货，退款成功,1	,2026-07-16 16:40:58,	,444093761930	,"咖啡色,七钩【加厚加粗】 (3个装)",退款成功,25.9	,	,	,****,****,	
260716-523700877731511,已取消,1	,	,	,444093761930	,"咖啡色,淘气猫 【加厚加粗】(3个装)",无售后或售后取消,25.9	,	,	,****,****,	
260716-530936041882954,已收货,1	,2026-07-16 14:30:34,2026-07-26 14:56:32,444093761930	,"咖啡色,淘气猫 【加厚加粗】(2个装)",无售后或售后取消,15.85	,79122981699252	,中通快递,****,****,	
260716-090439708252791,已发货，退款成功,1	,2026-07-16 11:41:29,	,444093761930	,"雪花白,七钩 【加厚加粗】(2个装)",退款成功,16.9	,79122961749320	,中通快递,****,****,	
260716-284793249363956,已收货,1	,2026-07-16 11:00:16,2026-07-22 10:39:48,473143171945	,萌猫 壁挂款 白色,无售后或售后取消,12.46	,79122961753611	,中通快递,****,****,	
260716-300563894710087,已收货,1	,2026-07-16 10:53:40,2026-07-19 23:58:21,444093761930	,"雪花白,淘气猫 【加厚加粗】(2个装)",无售后或售后取消,15.85	,79122961749358	,中通快递,****,****,	
260716-009405744681647,已收货,1	,2026-07-16 10:21:16,2026-07-26 14:27:45,444093761930	,"咖啡色,七钩 【加厚加粗】(2个装)",无售后或售后取消,15.4	,79122961708450	,中通快递,****,****,	
260716-098408917433685,已取消,1	,	,	,446257663504	,七钩 白色（2个装）,无售后或售后取消,7.82	,	,	,****,****,	
260716-232993605152374,已收货,1	,2026-07-16 09:49:08,2026-07-19 12:32:45,444093761930	,"咖啡色,七钩 【加厚加粗】(2个装)",无售后或售后取消,18.4	,79122961708661	,中通快递,****,****,	
260716-659491469703261,已收货,1	,2026-07-16 09:06:59,2026-07-19 08:59:10,444093761930	,"雪花白,七钩 【加厚加粗】(2个装)",无售后或售后取消,19.9	,79122961749133	,中通快递,****,****,	
260716-398395993700920,已收货,1	,2026-07-16 05:27:31,2026-07-26 14:27:45,444093761930	,"经典黑,七钩【加厚加粗】 (3个装)",无售后或售后取消,22.9	,79122961708419	,中通快递,****,****,	
260716-243416482112591,已收货,1	,2026-07-16 02:53:18,2026-07-26 14:27:45,444093761930	,"咖啡色,七钩【加厚加粗】 (3个装)",无售后或售后取消,25.9	,79122961749146	,中通快递,****,****,	
260716-205835528512626,已收货,1	,2026-07-16 00:02:47,2026-07-26 14:27:45,444093761930	,"雪花白,七钩 【加厚加粗】(2个装)",无售后或售后取消,19.9	,79122961749411	,中通快递,****,****,	
260715-213123090073023,已收货,1	,2026-07-15 22:59:25,2026-07-26 14:27:45,444093761930	,"雪花白,七钩 【加厚加粗】(4个装)",无售后或售后取消,31.9	,79122961749317	,中通快递,****,****,	
260715-537793708461795,已收货,2	,2026-07-15 22:48:40,2026-07-26 14:27:45,444093761930	,"雪花白,淘气猫 【加厚加粗】(4个装)",无售后或售后取消,60.61	,79122961749366	,中通快递,****,****,	
260715-454798938422050,已收货,1	,2026-07-15 22:27:14,2026-07-26 14:27:45,444093761930	,"雪花白,七钩 【加厚加粗】(2个装)",无售后或售后取消,19.9	,79122961749332	,中通快递,****,****,	
260715-628327790942940,已收货,1	,2026-07-15 19:13:35,2026-07-26 14:27:45,444093761930	,"雪花白,七钩【加厚加粗】 (3个装)",无售后或售后取消,25.9	,79122961749126	,中通快递,****,****,	
260715-634031992321415,未发货，退款成功,1	,2026-07-15 18:42:23,	,444093761930	,"雪花白,七钩 【加厚加粗】(2个装)",退款成功,19.9	,	,	,****,****,	
260715-647778875723194,已收货,1	,2026-07-15 16:50:17,2026-07-19 19:12:53,444093761930	,"咖啡色,七钩 【加厚加粗】(2个装)",无售后或售后取消,18.4	,79122961708421	,中通快递,****,****,	
260715-441167398483899,已发货，退款成功,1	,2026-07-15 16:46:59,	,444093761930	,"经典黑,淘气猫 【加厚加粗】(2个装)",退款成功,15.85	,79122961749373	,中通快递,****,****,	
260715-118835136100010,已收货,1	,2026-07-15 16:18:50,2026-07-26 14:27:45,444093761930	,"经典黑,淘气猫 【加厚加粗】(1个装)",无售后或售后取消,11.9	,79122961749304	,中通快递,****,****,	
260715-026057131631332,已收货,1	,2026-07-15 15:58:59,2026-07-19 21:16:34,444093761930	,"咖啡色,七钩 【加厚加粗】(2个装)",无售后或售后取消,18.4	,79122961708626	,中通快递,****,****,	
260715-363625213561018,已收货,1	,2026-07-15 15:46:26,2026-07-25 15:48:45,444093761930	,"咖啡色,七钩 【加厚加粗】(2个装)",无售后或售后取消,18.4	,79122694061047	,中通快递,****,****,	
260715-441995815322714,未发货，退款成功,1	,2026-07-15 15:28:10,	,444093761930	,"咖啡色,七钩 【加厚加粗】(2个装)",退款成功,18.4	,	,	,****,****,	
260715-168327923313000,已收货,1	,2026-07-15 15:01:15,2026-07-17 19:25:05,446257663504	,七钩 黑色【二个装】加厚加粗,无售后或售后取消,18.72	,79122694061182	,中通快递,****,****,	
260715-215597749883604,已收货,1	,2026-07-15 14:30:39,2026-07-18 23:05:25,444093761930	,"咖啡色,七钩 【加厚加粗】(2个装)",无售后或售后取消,18.4	,79122694060888	,中通快递,****,****,	
260715-340766256753000,已取消,1	,	,	,444093761930	,"经典黑,淘气猫 【加厚加粗】(4个装)",无售后或售后取消,31.2	,	,	,****,****,	
260715-126017923383914,已收货,1	,2026-07-15 14:16:58,2026-07-25 15:48:45,444093761930	,"雪花白,七钩 【加厚加粗】(2个装)",无售后或售后取消,19.9	,79122694100204	,中通快递,****,****,	
260715-324408492330986,已收货,1	,2026-07-15 13:41:26,2026-07-25 15:48:45,444093761930	,"咖啡色,七钩【加厚加粗】 (3个装)",无售后或售后取消,25.9	,79122694100100	,中通快递,****,****,	
260715-231672451454028,已收货,1	,2026-07-15 13:39:47,2026-07-18 19:47:17,444093761930	,"咖啡色,七钩 【加厚加粗】(2个装)",无售后或售后取消,18.4	,79122694110124	,中通快递,****,****,	
260715-011419072841532,已收货,1	,2026-07-15 13:34:41,2026-07-25 15:48:45,444093761930	,"雪花白,七钩 【加厚加粗】(4个装)",无售后或售后取消,31.9	,79122694100245	,中通快递,****,****,	
260715-197394512161280,已收货,1	,2026-07-15 12:45:24,2026-07-25 15:48:45,444093761930	,"咖啡色,七钩 【加厚加粗】(4个装)",无售后或售后取消,31.9	,79122694110004	,中通快递,****,****,	
260715-528251635222515,已收货,1	,2026-07-15 12:43:38,2026-07-30 15:48:45,444093761930	,"咖啡色,七钩【加厚加粗】 (3个装)",无售后或售后取消,25.9	,79122694100061	,中通快递,****,****,	
260715-530338333022826,未发货，退款成功,1	,2026-07-15 11:59:00,	,444093761930	,"咖啡色,七钩 【加厚加粗】(2个装)",退款成功,18.4	,	,	,****,****,	
260715-206653365771955,未发货，退款成功,1	,2026-07-15 10:33:21,	,444093761930	,"咖啡色,七钩 【加厚加粗】(2个装)",退款成功,18.4	,	,	,****,****,	
260715-193734951214084,已收货,1	,2026-07-15 10:19:32,2026-07-25 15:48:45,444093761930	,"雪花白,七钩 【加厚加粗】(2个装)",无售后或售后取消,19.9	,79122694100146	,中通快递,****,****,	
260715-416169388443028,已收货,1	,2026-07-15 07:08:16,2026-07-25 15:48:45,444093761930	,"雪花白,淘气猫 【加厚加粗】(2个装)",无售后或售后取消,15.85	,79122694060982	,中通快递,****,****,	
260715-614979387803028,已收货,1	,2026-07-15 07:07:13,2026-07-25 15:48:45,444093761930	,"雪花白,淘气猫 【加厚加粗】(2个装)",无售后或售后取消,15.85	,79122694060982	,中通快递,****,****,	
260715-505770217853336,已收货,1	,2026-07-15 06:53:53,2026-07-25 15:48:45,444093761930	,"咖啡色,七钩 【加厚加粗】(2个装)",无售后或售后取消,18.4	,79122694100059	,中通快递,****,****,	
260715-657541056050319,已收货,1	,2026-07-15 06:08:32,2026-07-24 18:54:27,444093761930	,"雪花白,七钩【加厚加粗】 (3个装)",无售后或售后取消,25.9	,79122694110020	,中通快递,****,****,	
260715-397284524451794,已收货,1	,2026-07-15 05:47:42,2026-07-16 21:13:49,444093761930	,"咖啡色,七钩 【加厚加粗】(2个装)",无售后或售后取消,18.4	,79122694100273	,中通快递,****,****,	
260714-352562768181048,已收货,1	,2026-07-14 23:39:12,2026-07-25 15:48:45,444093761930	,"雪花白,七钩 【加厚加粗】(2个装)",无售后或售后取消,19.9	,79122694100286	,中通快递,****,****,	
260714-007093666204055,已收货,1	,2026-07-14 23:03:42,2026-07-25 15:48:45,444093761930	,"咖啡色,七钩 【加厚加粗】(2个装)",无售后或售后取消,18.4	,79122694100033	,中通快递,****,****,	
260714-383113019830480,已收货,1	,2026-07-14 22:53:38,2026-07-17 23:54:51,444093761930	,"雪花白,淘气猫 【加厚加粗】(3个装)",无售后或售后取消,24.39	,79122694061050	,中通快递,****,****,	
260714-572066435513091,已收货,1	,2026-07-14 22:21:53,2026-07-17 23:47:46,444093761930	,"咖啡色,七钩 【加厚加粗】(2个装)",无售后或售后取消,18.4	,79122694100194	,中通快递,****,****,	
260714-473369198880244,未发货，退款成功,1	,2026-07-14 21:01:07,	,444093761930	,"雪花白,七钩 【加厚加粗】(2个装)",退款成功,19.9	,	,	,****,****,	
260714-142291843411461,已收货,1	,2026-07-14 17:44:10,2026-07-25 15:48:45,444093761930	,"雪花白,七钩 【加厚加粗】(2个装)",无售后或售后取消,19.9	,79122694060941	,中通快递,****,****,	
260714-443128235540918,已收货,1	,2026-07-14 15:20:08,2026-07-25 15:48:45,444093761930	,"咖啡色,七钩 【加厚加粗】(2个装)",无售后或售后取消,15.4	,79122694110111	,中通快递,****,****,	
260714-517849792872955,已收货,1	,2026-07-14 14:32:36,2026-07-30 15:48:45,455777893867	,"加粗加厚 淘气猫 黑色,1个装",无售后或售后取消,6.93	,79122694109957	,中通快递,****,****,	
260714-044763727481491,已收货,1	,2026-07-14 13:59:21,2026-07-24 14:18:33,444093761930	,"雪花白,七钩 【加厚加粗】(2个装)",无售后或售后取消,19.9	,79122369584650	,中通快递,****,****,	
260714-311678800172818,已取消,1	,	,	,444093761930	,"雪花白,七钩 【加厚加粗】(2个装)",无售后或售后取消,9.9	,	,	,****,****,	
260714-018958334283975,已收货,1	,2026-07-14 13:15:44,2026-07-24 14:18:33,444093761930	,"雪花白,七钩 【加厚加粗】(2个装)",无售后或售后取消,19.9	,79122369624961	,中通快递,****,****,	
260714-155650681231615,已收货,1	,2026-07-14 13:04:06,2026-07-24 14:18:33,444093761930	,"雪花白,七钩 【加厚加粗】(2个装)",无售后或售后取消,19.9	,79122369624775	,中通快递,****,****,	
260714-122651994402412,已收货,1	,2026-07-14 12:33:51,2026-07-24 14:18:33,444093761930	,"经典黑,七钩【加厚加粗】 (3个装)",无售后或售后取消,25.9	,79122369584596	,中通快递,****,****,	
260714-438829074061117,已收货,1	,2026-07-14 11:56:11,2026-07-18 10:41:14,444093761930	,"咖啡色,淘气猫 【加厚加粗】(3个装)",无售后或售后取消,22.9	,79122369584770	,中通快递,****,****,	
260714-151666082211099,已收货,1	,2026-07-14 11:35:18,2026-07-18 16:13:38,444093761930	,"雪花白,七钩 【加厚加粗】(2个装)",无售后或售后取消,19.9	,79122369627363	,中通快递,****,****,	
260714-218953162301885,已收货,1	,2026-07-14 10:56:30,2026-07-18 11:47:13,444093761930	,"咖啡色,七钩 【加厚加粗】(2个装)",无售后或售后取消,18.4	,79122369627401	,中通快递,****,****,	
260714-465672640061885,已取消,1	,	,	,444093761930	,"咖啡色,七钩 【加厚加粗】(2个装)",无售后或售后取消,18.4	,	,	,****,****,	
260714-292594665020755,已收货,1	,2026-07-14 10:46:21,2026-07-24 14:18:33,444093761930	,"雪花白,七钩 【加厚加粗】(2个装)",无售后或售后取消,19.9	,79122369624987	,中通快递,****,****,	
260714-329965934083599,已收货,1	,2026-07-14 10:44:31,2026-07-16 12:12:47,444093761930	,"咖啡色,七钩【加厚加粗】 (3个装)",无售后或售后取消,25.9	,79122369585975	,中通快递,****,****,	
260714-527905646943147,已收货,1	,2026-07-14 10:06:18,2026-07-24 14:18:33,444093761930	,"雪花白,七钩【加厚加粗】 (3个装)",无售后或售后取消,25.9	,79122369624806	,中通快递,****,****,	
260714-113686617663252,未发货，退款成功,1	,2026-07-14 09:27:30,	,444093761930	,"咖啡色,七钩 【加厚加粗】(2个装)",退款成功,18.4	,	,	,****,****,	
260714-198180923713959,已收货,1	,2026-07-14 09:24:06,2026-07-17 17:43:06,444093761930	,"雪花白,七钩 【加厚加粗】(2个装)",无售后或售后取消,19.9	,79122369625013	,中通快递,****,****,	
260714-143298455930417,已收货,1	,2026-07-14 08:05:19,2026-07-17 14:32:58,444093761930	,"经典黑,淘气猫 【加厚加粗】(2个装)",无售后或售后取消,15.85	,79122369627519	,中通快递,****,****,	
260714-224709865080610,已收货,1	,2026-07-14 07:48:25,2026-07-24 14:18:33,444093761930	,"雪花白,七钩 【加厚加粗】(2个装)",无售后或售后取消,19.9	,79122369624813	,中通快递,****,****,	
260714-676090355321708,已收货,1	,2026-07-14 07:46:47,2026-07-24 14:18:33,444093761930	,"经典黑,淘气猫 【加厚加粗】(1个装)",无售后或售后取消,11.9	,79122369627534	,中通快递,****,****,	
260714-290130573703167,已收货,1	,2026-07-14 05:38:26,2026-07-19 15:38:43,444093761930	,"金色,七钩 (3个装)",无售后或售后取消,15.8	,79122369624946	,中通快递,****,****,	
260714-485742354031128,未发货，退款成功,1	,2026-07-14 04:23:53,	,444093761930	,"经典黑,淘气猫 【加厚加粗】(1个装)",退款成功,11.9	,	,	,****,****,	
260714-650809187951128,未发货，退款成功,1	,2026-07-14 04:23:14,	,444093761930	,"经典黑,淘气猫 【加厚加粗】(2个装)",退款成功,15.85	,	,	,****,****,	
260714-483183828492607,已收货,1	,2026-07-14 04:08:06,2026-07-24 14:18:33,444093761930	,"经典黑,淘气猫 【加厚加粗】(1个装)",无售后或售后取消,11.9	,79122369584826	,中通快递,****,****,	
260714-373303601500147,已收货,1	,2026-07-14 01:33:42,2026-07-23 18:20:40,444093761930	,"雪花白,七钩 【加厚加粗】(2个装)",无售后或售后取消,19.9	,79122369584713	,中通快递,****,****,	
260714-159991796140523,已收货,1	,2026-07-14 00:11:14,2026-07-16 11:43:56,444093761930	,"经典黑,七钩【加厚加粗】 (3个装)",无售后或售后取消,25.9	,79122369627468	,中通快递,****,****,	
260713-410297362861140,已收货,1	,2026-07-13 21:40:36,2026-07-24 14:18:33,444093761930	,"咖啡色,七钩 【加厚加粗】(2个装)",无售后或售后取消,18.4	,79122369584606	,中通快递,****,****,	
260713-593766653553063,已收货,1	,2026-07-13 21:29:09,2026-07-24 14:18:33,444093761930	,"雪花白,七钩 【加厚加粗】(2个装)",无售后或售后取消,19.9	,79122369586014	,中通快递,****,****,	
260713-032778535303528,已收货,1	,2026-07-13 21:16:08,2026-07-24 14:18:33,444093761930	,"经典黑,淘气猫 【加厚加粗】(1个装)",无售后或售后取消,11.9	,79122369586068	,中通快递,****,****,	
260713-098094302860696,未发货，退款成功,1	,2026-07-13 20:09:21,	,444093761930	,"经典黑,淘气猫 【加厚加粗】(1个装)",退款成功,11.9	,	,	,****,****,	
260713-426057418302313,已收货,1	,2026-07-13 20:01:21,2026-08-09 14:56:25,444093761930	,"经典黑,淘气猫 【加厚加粗】(1个装)",无售后或售后取消,11.9	,79122369584576	,中通快递,****,****,	
260713-193210694011395,已收货,1	,2026-07-13 19:36:04,2026-07-24 14:18:33,476214691883	,"加粗五钩 金色,1个装",无售后或售后取消,8.47	,79122369628120	,中通快递,****,****,	
260713-446536107623346,已收货,1	,2026-07-13 18:28:47,2026-07-17 14:19:24,444093761930	,"经典黑,淘气猫 【加厚加粗】(1个装)",无售后或售后取消,10.9	,79122369584356	,中通快递,****,****,	
260713-525902887222103,已收货,1	,2026-07-13 18:09:38,2026-07-18 21:39:03,444093761930	,"雪花白,七钩 【加厚加粗】(4个装)",无售后或售后取消,31.9	,79122369584619	,中通快递,****,****,	
260713-065976419914036,已收货,1	,2026-07-13 17:52:59,2026-07-24 14:18:33,444093761930	,"经典黑,七钩 【加厚加粗】(2个装)",无售后或售后取消,19.9	,79122369627550	,中通快递,****,****,	
260713-346302759212470,已收货,1	,2026-07-13 17:27:26,2026-07-24 14:18:33,444093761930	,"经典黑,七钩 【加厚加粗】(2个装)",无售后或售后取消,19.9	,79122369628211	,中通快递,****,****,	
260713-228463819053694,已收货,1	,2026-07-13 17:22:29,2026-07-19 10:36:32,444093761930	,"雪花白,七钩 【加厚加粗】(2个装)",无售后或售后取消,19.9	,79122369584741	,中通快递,****,****,	
260713-219886394891800,已收货,1	,2026-07-13 16:37:37,2026-07-24 14:18:33,444093761930	,"经典黑,淘气猫 【加厚加粗】(1个装)",无售后或售后取消,11.9	,79122369627356	,中通快递,****,****,	
260713-145416547993919,已收货,1	,2026-07-13 16:31:20,2026-07-24 14:18:33,444093761930	,"经典黑,七钩 【加厚加粗】(2个装)",无售后或售后取消,19.9	,79122369584754	,中通快递,****,****,	
260713-043882944022511,已收货,1	,2026-07-13 16:08:34,2026-07-24 14:18:33,444093761930	,"咖啡色,七钩【加厚加粗】 (3个装)",无售后或售后取消,25.9	,79122369584407	,中通快递,****,****,	
260713-263916101142511,未发货，退款成功,1	,2026-07-13 16:07:37,	,444093761930	,"咖啡色,七钩 【加厚加粗】(2个装)",退款成功,18.4	,	,	,****,****,	
260713-463785245013165,已收货,1	,2026-07-13 14:51:21,2026-07-23 15:22:15,444093761930	,"雪花白,七钩 【加厚加粗】(4个装)",无售后或售后取消,31.9	,79122094330667	,中通快递,****,****,	
260713-167331776143483,已收货,1	,2026-07-13 13:55:31,2026-07-23 15:22:15,444093761930	,"咖啡色,七钩 【加厚加粗】(2个装)",无售后或售后取消,18.4	,79122094345124	,中通快递,****,****,	
260713-259512092303665,未发货，退款成功,1	,2026-07-13 13:35:11,	,444093761930	,"经典黑,七钩 【加厚加粗】(2个装)",退款成功,19.9	,	,	,****,****,	
260713-362775918892251,已取消,1	,	,	,446257663504	,七钩 金色【二个装】加厚加粗,无售后或售后取消,23.65	,	,	,****,****,	
260713-070432909612251,已收货,1	,2026-07-13 11:40:23,2026-07-23 15:22:15,444093761930	,"经典黑,七钩 【加厚加粗】(2个装)",无售后或售后取消,19.9	,79122094330733	,中通快递,****,****,	
260713-167709305141602,已收货,1	,2026-07-13 10:39:48,2026-07-23 15:22:15,444093761930	,"经典黑,淘气猫 【加厚加粗】(1个装)",无售后或售后取消,11.9	,79122094350640	,中通快递,****,****,	
260713-649152437792158,已收货,1	,2026-07-13 10:14:32,2026-07-18 11:50:20,444093761930	,"经典黑,七钩 【加厚加粗】(2个装)",无售后或售后取消,19.9	,79122094330335	,中通快递,****,****,	
260713-462212350290638,已收货,1	,2026-07-13 08:52:06,2026-07-21 21:22:27,444093761930	,"经典黑,淘气猫 【加厚加粗】(1个装)",无售后或售后取消,11.9	,79122094349012	,中通快递,****,****,	
260713-407654951323033,未发货，退款成功,1	,2026-07-13 07:49:03,	,444093761930	,"经典黑,淘气猫 【加厚加粗】(1个装)",退款成功,11.9	,	,	,****,****,	
260713-178520102442874,已发货，退款成功,1	,2026-07-13 07:20:32,	,444093761930	,"经典黑,淘气猫 【加厚加粗】(2个装)",退款成功,15.85	,79122094345589	,中通快递,****,****,	
260713-604577472140774,已取消,1	,	,	,444093761930	,"经典黑,淘气猫 【加厚加粗】(1个装)",无售后或售后取消,11.9	,	,	,****,****,	
260712-126463536672736,已收货,1	,2026-07-12 23:54:06,2026-07-23 15:22:15,444093761930	,"经典黑,淘气猫 【加厚加粗】(1个装)",无售后或售后取消,11.9	,79122094354709	,中通快递,****,****,	
260712-301261207931489,已收货,1	,2026-07-12 23:33:27,2026-07-23 15:22:15,444093761930	,"经典黑,七钩 【加厚加粗】(2个装)",无售后或售后取消,19.9	,79122094344690	,中通快递,****,****,	
260712-453849956783976,已收货,1	,2026-07-12 23:32:55,2026-07-23 15:22:15,444093761930	,"经典黑,七钩 【加厚加粗】(2个装)",无售后或售后取消,19.9	,79122094344766	,中通快递,****,****,	
260712-476855744872419,已收货,1	,2026-07-12 22:56:39,2026-07-16 19:57:03,444093761930	,"经典黑,七钩 【加厚加粗】(2个装)",无售后或售后取消,19.9	,79122094345020	,中通快递,****,****,	
260712-543885945133258,未发货，退款成功,1	,2026-07-12 18:15:12,	,444093761930	,"经典黑,七钩 【加厚加粗】(2个装)",退款成功,19.9	,	,	,****,****,	
260712-552316454553226,已收货,1	,2026-07-12 18:01:14,2026-07-23 15:22:15,444093761930	,"经典黑,七钩 【加厚加粗】(2个装)",无售后或售后取消,19.9	,79122094345109	,中通快递,****,****,	
260712-350612385302899,已收货,1	,2026-07-12 16:55:35,2026-07-23 15:22:15,476214691883	,"加粗五钩 金色,1个装",无售后或售后取消,8.47	,79122094345004	,中通快递,****,****,	
260712-238467223932095,已收货,1	,2026-07-12 16:29:25,2026-07-23 15:22:15,444093761930	,"咖啡色,七钩【加厚加粗】 (3个装)",无售后或售后取消,25.9	,79122094345140	,中通快递,****,****,	
260712-506168624782695,已发货，退款成功,1	,2026-07-12 15:43:23,	,444093761930	,"咖啡色,七钩 【加厚加粗】(2个装)",退款成功,18.4	,79122094354666	,中通快递,****,****,	
260712-283199455664032,已收货,1	,2026-07-12 15:29:00,2026-07-23 15:22:15,444093761930	,"经典黑,七钩 【加厚加粗】(2个装)",无售后或售后取消,19.9	,79122094330787	,中通快递,****,****,	
260712-464760348280242,已收货,1	,2026-07-12 15:02:29,2026-07-23 15:22:15,444093761930	,"经典黑,淘气猫 【加厚加粗】(2个装)",无售后或售后取消,15.85	,79122094348761	,中通快递,****,****,	
260712-107919491450949,已收货,1	,2026-07-12 13:58:42,2026-07-22 14:53:46,444093761930	,"经典黑,淘气猫 【加厚加粗】(1个装)",无售后或售后取消,11.9	,79121788440859	,中通快递,****,****,	
260712-217034288683946,已收货,1	,2026-07-12 13:57:41,2026-07-22 14:53:46,444093761930	,"经典黑,七钩【加厚加粗】 (3个装)",无售后或售后取消,25.9	,79121788440887	,中通快递,****,****,	
260712-077930248540224,已收货,1	,2026-07-12 13:30:38,2026-07-15 09:48:53,444093761930	,"经典黑,七钩 【加厚加粗】(2个装)",无售后或售后取消,19.9	,79121788440946	,中通快递,****,****,	
260712-329693335872806,已收货,1	,2026-07-12 13:20:10,2026-07-22 14:53:46,444093761930	,"经典黑,七钩 【加厚加粗】(2个装)",无售后或售后取消,19.9	,79121788446857	,中通快递,****,****,	
260712-528167739023082,已收货,1	,2026-07-12 11:18:13,2026-07-22 14:53:46,444093761930	,"经典黑,七钩 【加厚加粗】(4个装)",无售后或售后取消,31.9	,79121788440874	,中通快递,****,****,	
260712-379049798000760,已收货,1	,2026-07-12 10:50:05,2026-07-22 14:53:46,444093761930	,"经典黑,七钩 【加厚加粗】(2个装)",无售后或售后取消,19.9	,79121788447356	,中通快递,****,****,	
260712-622130664972949,已收货,1	,2026-07-12 09:50:57,2026-07-22 14:53:46,444093761930	,"经典黑,七钩 【加厚加粗】(2个装)",无售后或售后取消,19.9	,79121788441245	,中通快递,****,****,	
260712-628474519152807,已收货,1	,2026-07-12 09:38:21,2026-07-14 18:41:38,444093761930	,"雪花白,七钩 【加厚加粗】(2个装)",无售后或售后取消,19.9	,79121788440953	,中通快递,****,****,	
260712-524938176903946,已收货,1	,2026-07-12 09:10:49,2026-07-16 16:07:26,455777893867	,"加粗加厚 淘气猫 白色,2个装/发同款2个",无售后或售后取消,17.9	,79121788446666	,中通快递,****,****,	
260712-237911416383410,已发货，退款成功,1	,2026-07-12 07:18:14,	,444093761930	,"咖啡色,七钩【加厚加粗】 (3个装)",退款成功,25.9	,79121788441074	,中通快递,****,****,	
260712-070181199423410,已取消,1	,	,	,444093761930	,"咖啡色,七钩 【加厚加粗】(2个装)",无售后或售后取消,18.4	,	,	,****,****,	
260712-032013032980839,已收货,1	,2026-07-12 06:19:29,2026-07-14 18:12:58,444093761930	,"经典黑,七钩 【加厚加粗】(2个装)",无售后或售后取消,19.9	,79121788446500	,中通快递,****,****,	
260712-045896199772310,已收货,1	,2026-07-12 03:00:43,2026-07-22 14:53:46,444093761930	,"经典黑,七钩 【加厚加粗】(2个装)",无售后或售后取消,19.9	,79121788440890	,中通快递,****,****,	
260712-191386141101046,已收货,1	,2026-07-12 02:23:07,2026-07-22 14:53:46,444093761930	,"经典黑,七钩【加厚加粗】 (1个装)",无售后或售后取消,11.9	,79121788444683	,中通快递,****,****,	
260712-132225483061893,已收货,1	,2026-07-12 01:23:06,2026-07-22 14:53:46,444093761930	,"经典黑,七钩 【加厚加粗】(2个装)",无售后或售后取消,19.9	,79121788444918	,中通快递,****,****,	
260712-097832158730282,已收货,1	,2026-07-12 00:09:22,2026-07-15 11:59:35,444093761930	,"经典黑,七钩 【加厚加粗】(2个装)",无售后或售后取消,19.9	,79121788440912	,中通快递,****,****,	
260711-182599084423105,已收货，退款成功,1	,2026-07-11 22:45:30,2026-07-19 20:54:38,444093761930	,"雪花白,七钩【加厚加粗】 (3个装)",退款成功,25.9	,79121788440925	,中通快递,****,****,	
260711-100694833441301,已收货,1	,2026-07-11 21:57:17,2026-07-22 14:53:46,444093761930	,"经典黑,七钩【加厚加粗】 (1个装)",无售后或售后取消,11.9	,79121788444788	,中通快递,****,****,	
260711-275502938552781,已收货,1	,2026-07-11 21:54:56,2026-07-22 14:53:46,444093761930	,"咖啡色,七钩 【加厚加粗】(2个装)",无售后或售后取消,12.4	,79121788447322	,中通快递,****,****,	
260711-495536105842418,已收货,1	,2026-07-11 21:32:05,2026-07-14 23:54:02,444093761930	,"咖啡色,七钩 【加厚加粗】(2个装)",无售后或售后取消,18.4	,79121788446127	,中通快递,****,****,	
260711-612557135370183,已收货,1	,2026-07-11 18:02:29,2026-07-22 14:53:46,444093761930	,"咖啡色,七钩 【加厚加粗】(4个装)",无售后或售后取消,29.57	,79121788446553	,中通快递,****,****,	
260711-035662150041532,已收货,1	,2026-07-11 17:39:00,2026-07-22 14:53:46,444093761930	,"经典黑,七钩 【加厚加粗】(2个装)",无售后或售后取消,19.9	,79121788444750	,中通快递,****,****,	
260711-263423322523658,已取消,1	,	,	,444093761930	,"经典黑,淘气猫 【加厚加粗】(2个装)",无售后或售后取消,15.85	,	,	,****,****,	
260711-232752432721557,已收货,1	,2026-07-11 16:16:09,2026-07-22 14:53:46,444093761930	,"经典黑,七钩 【加厚加粗】(2个装)",无售后或售后取消,19.9	,79121788441266	,中通快递,****,****,	
260711-328644697670291,已收货,1	,2026-07-11 12:44:52,2026-07-21 15:23:09,444093761930	,"咖啡色,七钩【加厚加粗】 (3个装)",无售后或售后取消,25.9	,79121522975366	,中通快递,****,****,	
260711-555996956230291,未发货，退款成功,1	,2026-07-11 12:41:32,	,444093761930	,"咖啡色,七钩 【加厚加粗】(2个装)",退款成功,18.4	,	,	,****,****,	
260711-270469773732332,已收货,1	,2026-07-11 10:30:40,2026-07-21 15:23:09,444093761930	,"经典黑,七钩 【加厚加粗】(4个装)",无售后或售后取消,31.9	,79121522959483	,中通快递,****,****,	
260711-335334622862261,已收货,1	,2026-07-11 09:48:26,2026-07-15 10:17:30,444093761930	,"咖啡色,七钩【加厚加粗】 (3个装)",无售后或售后取消,25.9	,79121522952887	,中通快递,****,****,	
260711-623189726801734,已收货，退款成功,1	,2026-07-11 09:42:04,2026-07-14 09:00:04,444093761930	,"咖啡色,七钩【加厚加粗】 (3个装)",退款成功,22.9	,79121522959476	,中通快递,****,****,	
260711-584895742352128,已收货,1	,2026-07-11 09:41:02,2026-07-13 16:57:33,444093761930	,"经典黑,七钩 【加厚加粗】(2个装)",无售后或售后取消,19.9	,79121522952946	,中通快递,****,****,	
260711-418727903651476,未发货，退款成功,1	,2026-07-11 08:54:16,	,444093761930	,"经典黑,七钩【加厚加粗】 (1个装)",退款成功,11.9	,	,	,****,****,	
260711-466301796702925,已收货,1	,2026-07-11 08:05:21,2026-07-21 15:23:09,444093761930	,"经典黑,七钩 【加厚加粗】(2个装)",无售后或售后取消,19.9	,79121522959427	,中通快递,****,****,	
260711-338616675870862,已收货,1	,2026-07-11 07:28:32,2026-07-21 15:23:09,444093761930	,"经典黑,七钩【加厚加粗】 (3个装)",无售后或售后取消,25.9	,79121522959363	,中通快递,****,****,	
260711-344100759910110,已收货,1	,2026-07-11 07:06:59,2026-07-15 18:21:53,444093761930	,"雪花白,七钩 【加厚加粗】(2个装)",无售后或售后取消,19.9	,79121522953046	,中通快递,****,****,	
260711-366351542680711,已收货,1	,2026-07-11 05:53:56,2026-07-17 05:31:26,444093761930	,"经典黑,七钩 【加厚加粗】(2个装)",无售后或售后取消,19.9	,79121522960309	,中通快递,****,****,	
260711-095252661852736,已收货,1	,2026-07-11 05:39:20,2026-07-21 15:23:09,444093761930	,"经典黑,七钩 【加厚加粗】(2个装)",无售后或售后取消,19.9	,79121522975394	,中通快递,****,****,	
260711-154308451922544,已收货,1	,2026-07-11 03:40:59,2026-08-01 15:23:09,444093761930	,"雪花白,七钩 【加厚加粗】(2个装)",无售后或售后取消,19.9	,79121522975261	,中通快递,****,****,	
260711-424725726802544,未发货，退款成功,1	,2026-07-11 03:39:34,	,444093761930	,"雪花白,七钩 【加厚加粗】(2个装)",退款成功,19.9	,	,	,****,****,	
260711-133106317673391,已收货,1	,2026-07-11 01:00:09,2026-07-21 15:23:09,444093761930	,"经典黑,七钩【加厚加粗】 (1个装)",无售后或售后取消,11.9	,79121522960299	,中通快递,****,****,	
260711-673353634202411,已收货,1	,2026-07-11 00:36:30,2026-07-21 15:23:09,444093761930	,"经典黑,七钩 【加厚加粗】(4个装)",无售后或售后取消,31.9	,79121522959442	,中通快递,****,****,	
260710-155068679702511,已收货,1	,2026-07-10 23:54:28,2026-07-21 15:23:09,444093761930	,"金色,七钩 【加厚加粗】(4个装)",无售后或售后取消,45.9	,79121522975381	,中通快递,****,****,	
260710-432988515862511,未发货，退款成功,1	,2026-07-10 23:53:21,	,444093761930	,"金色,七钩【加厚加粗】 (3个装)",退款成功,35.9	,	,	,****,****,	
260710-588765018441051,已收货,1	,2026-07-10 23:51:05,2026-07-21 13:00:12,444093761930	,"雪花白,七钩 【加厚加粗】(4个装)",无售后或售后取消,31.9	,79121522975379	,中通快递,****,****,	
260710-013012877612591,未发货，退款成功,1	,2026-07-10 22:51:08,	,444093761930	,"经典黑,七钩【加厚加粗】 (1个装)",退款成功,11.9	,	,	,****,****,	
260710-567667617290482,已收货,1	,2026-07-10 21:56:55,2026-07-21 15:23:09,444093761930	,"雪花白,淘气猫 【加厚加粗】(2个装)",无售后或售后取消,15.85	,79121522952953	,中通快递,****,****,	
260710-632207449640123,已收货,1	,2026-07-10 21:36:14,2026-07-21 15:23:09,444093761930	,"经典黑,七钩【加厚加粗】 (3个装)",无售后或售后取消,25.9	,79121522959468	,中通快递,****,****,	
260710-676017017210241,已发货，退款成功,1	,2026-07-10 20:56:32,	,444093761930	,"雪花白,七钩 【加厚加粗】(2个装)",退款成功,19.9	,79121522952890	,中通快递,****,****,	
260710-342506944932245,已收货,1	,2026-07-10 20:51:37,2026-07-14 10:40:32,444093761930	,"经典黑,七钩 【加厚加粗】(4个装)",无售后或售后取消,31.9	,79121522952861	,中通快递,****,****,	
260710-209956380242148,已收货,1	,2026-07-10 19:40:27,2026-07-15 21:18:28,444093761930	,"经典黑,七钩【加厚加粗】 (1个装)",无售后或售后取消,11.9	,79121522960311	,中通快递,****,****,	
260710-135486564782608,已收货,1	,2026-07-10 17:39:16,2026-07-21 15:23:09,444093761930	,"经典黑,七钩【加厚加粗】 (1个装)",无售后或售后取消,11.9	,79121522959455	,中通快递,****,****,	
260710-431478618490916,已收货,1	,2026-07-10 15:55:14,2026-07-13 22:33:10,444093761930	,"经典黑,七钩【加厚加粗】 (1个装)",无售后或售后取消,11.9	,79121522952859	,中通快递,****,****,	
260710-457734919723187,已收货,1	,2026-07-10 14:59:04,2026-08-01 15:23:09,444093761930	,"经典黑,七钩【加厚加粗】 (3个装)",无售后或售后取消,25.9	,79121522975233	,中通快递,****,****,	
260710-187160358520405,已收货,1	,2026-07-10 14:10:07,2026-07-20 14:53:59,444093761930	,"经典黑,七钩【加厚加粗】 (1个装)",无售后或售后取消,11.9	,79121141423186	,中通快递,****,****,	
260710-608698386061679,已收货,1	,2026-07-10 11:44:56,2026-07-20 14:53:59,444093761930	,"经典黑,七钩 【加厚加粗】(2个装)",无售后或售后取消,19.9	,79121141435808	,中通快递,****,****,	
260710-407245954571800,已收货,1	,2026-07-10 08:57:25,2026-07-20 14:53:59,444093761930	,"经典黑,七钩【加厚加粗】 (1个装)",无售后或售后取消,11.9	,79121141433925	,中通快递,****,****,	
260710-537552514571800,已取消,1	,	,	,444093761930	,"经典黑,七钩 【加厚加粗】(2个装)",无售后或售后取消,19.9	,	,	,****,****,	
260710-569051779421437,已收货,1	,2026-07-10 08:11:22,2026-07-30 14:53:59,444093761930	,"经典黑,七钩【加厚加粗】 (1个装)",无售后或售后取消,11.9	,79121141435729	,中通快递,****,****,	
260710-190295580201194,未发货，退款成功,1	,2026-07-10 07:59:54,	,444093761930	,"经典黑,七钩 【加厚加粗】(2个装)",退款成功,19.9	,	,	,****,****,	
260710-183888853282580,已取消,1	,	,	,444093761930	,"咖啡色,七钩 【加厚加粗】(2个装)",无售后或售后取消,18.4	,	,	,****,****,	
260710-063732487681815,已收货,1	,2026-07-10 06:34:37,2026-07-13 19:52:14,444093761930	,"经典黑,七钩 【加厚加粗】(2个装)",无售后或售后取消,19.9	,79121141435772	,中通快递,****,****,	
260710-274999611763066,已收货,1	,2026-07-10 05:34:16,2026-07-20 14:53:59,444093761930	,"经典黑,七钩【加厚加粗】 (3个装)",无售后或售后取消,25.9	,79121141435836	,中通快递,****,****,	
260710-495085176320893,已收货,1	,2026-07-10 03:47:22,2026-07-19 02:07:32,444093761930	,"经典黑,七钩 【加厚加粗】(2个装)",无售后或售后取消,19.9	,79121141423360	,中通快递,****,****,	
260710-660152020520254,已收货,1	,2026-07-10 01:28:16,2026-07-15 19:29:52,476214691883	,"加粗五钩 白色,2个装",无售后或售后取消,8.02	,79121141423265	,中通快递,****,****,	
260710-225370489131221,已收货,1	,2026-07-10 00:07:00,2026-07-20 14:53:59,444093761930	,"经典黑,淘气猫 【加厚加粗】(2个装)",无售后或售后取消,15.85	,79121141436128	,中通快递,****,****,	
260710-395397056023224,已发货，退款成功,1	,2026-07-10 00:00:52,	,444093761930	,"经典黑,七钩【加厚加粗】 (1个装)",退款成功,11.9	,79121141434018	,中通快递,****,****,	
260709-247028846883958,已收货,1	,2026-07-09 23:36:34,2026-07-15 08:40:41,444093761930	,"经典黑,七钩 【加厚加粗】(2个装)",无售后或售后取消,19.9	,79121141434005	,中通快递,****,****,	
260709-069693653420163,已收货,1	,2026-07-09 23:32:46,2026-07-20 14:53:59,444093761930	,"雪花白,七钩 【加厚加粗】(2个装)",无售后或售后取消,19.9	,79121141436156	,中通快递,****,****,	
260709-130657882520608,已发货，退款成功,1	,2026-07-09 23:02:47,	,444093761930	,"咖啡色,七钩【加厚加粗】 (3个装)",退款成功,25.9	,79121141435816	,中通快递,****,****,	
260709-393462423090982,已收货,1	,2026-07-09 22:49:20,2026-07-13 14:31:28,444093761930	,"经典黑,七钩 【加厚加粗】(2个装)",无售后或售后取消,19.9	,79121141423293	,中通快递,****,****,	
260709-419288860192006,已收货,1	,2026-07-09 21:40:13,2026-07-14 01:22:53,444093761930	,"经典黑,七钩【加厚加粗】 (1个装)",无售后或售后取消,11.9	,79121141423416	,中通快递,****,****,	
260709-500889096601197,已收货,1	,2026-07-09 21:07:54,2026-07-20 14:53:59,444093761930	,"经典黑,七钩【加厚加粗】 (1个装)",无售后或售后取消,11.9	,79121141423252	,中通快递,****,****,	
260709-261813748003416,已发货，退款成功,4	,2026-07-09 20:57:12,	,444093761930	,"咖啡色,淘气猫 【加厚加粗】(4个装)",退款成功,116.22	,79121141423000	,中通快递,****,****,	
260709-205945618831999,已收货,1	,2026-07-09 20:48:44,2026-07-14 12:58:13,444093761930	,"经典黑,七钩 【加厚加粗】(2个装)",无售后或售后取消,19.9	,79121141423385	,中通快递,****,****,	
260709-093202695763103,已取消,1	,	,	,444093761930	,"经典黑,七钩【加厚加粗】 (3个装)",无售后或售后取消,25.9	,	,	,****,****,	
260709-148100912732849,已收货,1	,2026-07-09 19:33:00,2026-07-15 17:38:06,444093761930	,"经典黑,七钩【加厚加粗】 (1个装)",无售后或售后取消,11.9	,79121141423209	,中通快递,****,****,	
260709-632721262232157,已收货,1	,2026-07-09 18:30:11,2026-07-12 12:14:37,444093761930	,"咖啡色,七钩 【加厚加粗】(2个装)",无售后或售后取消,18.4	,79121141434033	,中通快递,****,****,	
260709-582148483360669,已收货,1	,2026-07-09 17:55:35,2026-07-17 12:16:24,444093761930	,"经典黑,七钩 【加厚加粗】(4个装)",无售后或售后取消,31.9	,79120949839117	,中通快递,****,****,	
260709-329903061371787,已发货，退款成功,1	,2026-07-09 16:48:06,	,444093761930	,"经典黑,七钩【加厚加粗】 (3个装)",退款成功,25.9	,79120949839610	,中通快递,****,****,	
260709-645430003261366,已收货,1	,2026-07-09 14:43:52,2026-07-15 06:01:28,444093761930	,"金色,七钩【加厚加粗】 (3个装)",无售后或售后取消,35.9	,79121141433994	,中通快递,****,****,	
260709-618743796061598,已收货,5	,2026-07-09 13:51:12,2026-07-19 14:30:59,458818841781	,七钩壁挂 玫瑰金色,无售后或售后取消,41.08	,79120889382186	,中通快递,****,****,	
260709-609484828240645,已收货,1	,2026-07-09 12:17:39,2026-07-19 14:30:59,444093761930	,"经典黑,七钩【加厚加粗】 (3个装)",无售后或售后取消,25.9	,79120889382104	,中通快递,****,****,	
260709-594930614621598,未发货，退款成功,5	,2026-07-09 11:54:30,	,458818841781	,七钩壁挂 玫瑰金色,退款成功,41.08	,	,	,****,****,	
260709-011377119573816,已收货,1	,2026-07-09 10:13:38,2026-07-19 14:30:59,444093761930	,"经典黑,七钩 【加厚加粗】(2个装)",无售后或售后取消,19.9	,79120889382094	,中通快递,****,****,	
260709-604839636611743,已收货,1	,2026-07-09 08:03:48,2026-07-19 14:30:59,444093761930	,"雪花白,七钩 【加厚加粗】(2个装)",无售后或售后取消,19.9	,79120889382166	,中通快递,****,****,	
260709-158471360810696,已收货,1	,2026-07-09 07:58:58,2026-07-19 14:30:59,444093761930	,"雪花白,七钩 【加厚加粗】(2个装)",无售后或售后取消,19.9	,79120889359898	,中通快递,****,****,	
260709-456256396842466,已收货,1	,2026-07-09 07:38:49,2026-07-19 14:30:59,444093761930	,"经典黑,七钩【加厚加粗】 (3个装)",无售后或售后取消,25.9	,79120889382081	,中通快递,****,****,	
260708-206590503211479,已收货,1	,2026-07-08 17:18:24,2026-07-19 14:30:59,444093761930	,"经典黑,淘气猫 【加厚加粗】(2个装)",无售后或售后取消,12.85	,79120889352903	,中通快递,****,****,	
260708-265960896883951,未发货，退款成功,1	,2026-07-08 16:00:30,	,444093761930	,"雪花白,七钩 【加厚加粗】(2个装)",退款成功,19.9	,	,	,****,****,	
260708-544955461230539,已收货,1	,2026-07-08 15:36:30,2026-07-18 16:23:02,444093761930	,"雪花白,七钩 【加厚加粗】(2个装)",无售后或售后取消,19.9	,79120654339693	,中通快递,****,****,	
260708-571704645272115,已收货,1	,2026-07-08 15:29:09,2026-07-11 08:56:07,444093761930	,"雪花白,淘气猫 【加厚加粗】(3个装)",无售后或售后取消,24.39	,79120654315659	,中通快递,****,****,	
260708-406239352380302,已收货,1	,2026-07-08 15:16:10,2026-07-18 16:23:02,444093761930	,"经典黑,七钩 【加厚加粗】(2个装)",无售后或售后取消,19.9	,79120654334727	,中通快递,****,****,	
260708-161354903192409,已收货,1	,2026-07-08 15:04:46,2026-07-09 23:31:30,444093761930	,"经典黑,七钩【加厚加粗】 (3个装)",无售后或售后取消,25.9	,79120654334689	,中通快递,****,****,	
260708-582442053183070,已收货,1	,2026-07-08 14:39:43,2026-07-10 10:19:19,444093761930	,"经典黑,七钩 【加厚加粗】(2个装)",无售后或售后取消,19.9	,79120654339892	,中通快递,****,****,	
260708-008640325983047,已收货,1	,2026-07-08 13:57:44,2026-07-11 09:29:59,444093761930	,"经典黑,七钩【加厚加粗】 (3个装)",无售后或售后取消,25.9	,79120606514146	,中通快递,****,****,	
260708-173308690721307,已收货,1	,2026-07-08 13:35:09,2026-07-10 17:11:32,444093761930	,"雪花白,淘气猫 【加厚加粗】(2个装)",无售后或售后取消,15.85	,79120615054888	,中通快递,****,****,	
260708-338008491570982,已发货，退款成功,2	,2026-07-08 13:17:04,	,444093761930	,"经典黑,七钩 【加厚加粗】(2个装)",退款成功,37.81	,79120606528919	,中通快递,****,****,	
260708-127108390493271,已收货,1	,2026-07-08 13:14:50,2026-07-18 13:59:20,444093761930	,"经典黑,七钩 【加厚加粗】(2个装)",无售后或售后取消,19.9	,79120606514118	,中通快递,****,****,	
260708-237869473363975,已收货,1	,2026-07-08 11:39:20,2026-07-18 13:59:20,444093761930	,"经典黑,七钩 【加厚加粗】(2个装)",无售后或售后取消,19.9	,79120606528896	,中通快递,****,****,	
260708-049304071763975,已取消,1	,	,	,444093761930	,"经典黑,七钩 【加厚加粗】(2个装)",无售后或售后取消,19.9	,	,	,****,****,	
260708-424379706990288,已收货,1	,2026-07-08 11:00:07,2026-07-11 23:07:26,444093761930	,"经典黑,七钩【加厚加粗】 (1个装)",无售后或售后取消,11.9	,79120606528876	,中通快递,****,****,	
260708-000377536953709,已收货,1	,2026-07-08 10:54:48,2026-07-18 13:59:20,444093761930	,"咖啡色,七钩 【加厚加粗】(4个装)",无售后或售后取消,31.9	,79120615054847	,中通快递,****,****,	
260708-454767429151214,已收货,1	,2026-07-08 10:08:27,2026-07-15 15:06:25,444093761930	,"雪花白,七钩 【加厚加粗】(2个装)",无售后或售后取消,19.9	,79120615055047	,中通快递,****,****,	
260708-432569106863281,已收货,1	,2026-07-08 09:14:36,2026-07-18 13:59:20,444093761930	,"经典黑,七钩【加厚加粗】 (1个装)",无售后或售后取消,11.9	,79120615054796	,中通快递,****,****,	
260708-428909576533863,已收货,1	,2026-07-08 08:48:48,2026-07-15 18:53:50,444093761930	,"经典黑,七钩 【加厚加粗】(2个装)",无售后或售后取消,19.9	,79120606522022	,中通快递,****,****,	
260708-592246280533863,已取消,1	,	,	,444093761930	,"经典黑,七钩 【加厚加粗】(2个装)",无售后或售后取消,19.9	,	,	,****,****,	
260708-496228134411973,已收货,1	,2026-07-08 08:44:11,2026-07-18 13:59:20,444093761930	,"经典黑,七钩 【加厚加粗】(2个装)",无售后或售后取消,19.9	,79120606528855	,中通快递,****,****,	
260708-563085330072643,已收货,1	,2026-07-08 08:21:44,2026-07-14 09:51:22,444093761930	,"经典黑,七钩 【加厚加粗】(2个装)",无售后或售后取消,19.9	,79120615054834	,中通快递,****,****,	
260708-286198371892664,已收货,1	,2026-07-08 05:54:15,2026-07-18 13:59:20,444093761930	,"雪花白,七钩 【加厚加粗】(2个装)",无售后或售后取消,19.9	,79120606514190	,中通快递,****,****,	
260707-558697059853026,未发货，退款成功,1	,2026-07-07 23:46:29,	,444093761930	,"经典黑,七钩【加厚加粗】 (1个装)",退款成功,1.9	,	,	,****,****,	
260707-147125726752042,已收货,1	,2026-07-07 22:50:50,2026-07-18 13:59:20,444093761930	,"经典黑,七钩【加厚加粗】 (1个装)",无售后或售后取消,11.9	,79120606514174	,中通快递,****,****,	
260707-062752048763886,已发货，退款成功,1	,2026-07-07 22:32:38,	,444093761930	,"咖啡色,淘气猫 【加厚加粗】(2个装)",退款成功,15.85	,79120606528883	,中通快递,****,****,	
260707-067722330521194,已收货,1	,2026-07-07 22:09:02,2026-07-18 13:59:20,444093761930	,"经典黑,七钩 【加厚加粗】(2个装)",无售后或售后取消,19.9	,79120606514161	,中通快递,****,****,	
260707-075361206610988,已收货,1	,2026-07-07 21:53:45,2026-07-10 18:31:47,444093761930	,"经典黑,七钩【加厚加粗】 (1个装)",无售后或售后取消,11.9	,79120615054515	,中通快递,****,****,	
260707-056439683410988,已取消,1	,	,	,444093761930	,"经典黑,七钩【加厚加粗】 (1个装)",无售后或售后取消,11.9	,	,	,****,****,	
260707-161674740041803,已收货,1	,2026-07-07 19:47:34,2026-07-10 18:11:23,444093761930	,"经典黑,七钩 【加厚加粗】(2个装)",无售后或售后取消,19.9	,79120606522007	,中通快递,****,****,	
260707-666333397312011,已收货,1	,2026-07-07 19:37:48,2026-07-18 13:59:20,476214691883	,"加粗五钩 白色,2个装",无售后或售后取消,8.02	,79120615054862	,中通快递,****,****,	
260707-361428488483393,已收货,1	,2026-07-07 19:24:47,2026-07-17 09:20:53,444093761930	,"雪花白,七钩 【加厚加粗】(2个装)",无售后或售后取消,19.9	,79120606521996	,中通快递,****,****,	
260707-381288528163393,已取消,1	,	,	,444093761930	,"雪花白,七钩 【加厚加粗】(2个装)",无售后或售后取消,19.9	,	,	,****,****,	
260707-421307400630550,未发货，退款成功,3	,2026-07-07 17:10:03,	,444093761930	,"经典黑,七钩 【加厚加粗】(4个装)",退款成功,90.92	,	,	,****,****,	
260707-530380286253599,已收货,1	,2026-07-07 16:14:04,2026-07-09 20:12:17,444093761930	,"经典黑,七钩【加厚加粗】 (1个装)",无售后或售后取消,11.9	,79120606514159	,中通快递,****,****,	
260707-307442563383313,已收货,1	,2026-07-07 15:46:15,2026-07-10 19:55:35,444093761930	,"经典黑,七钩【加厚加粗】 (1个装)",无售后或售后取消,11.9	,79120606514238	,中通快递,****,****,	
260707-099530862212411,已收货,1	,2026-07-07 15:28:32,2026-07-17 15:34:22,444093761930	,"经典黑,淘气猫 【加厚加粗】(2个装)",无售后或售后取消,15.85	,79120339222950	,中通快递,****,****,	
260707-405379541330968,已收货,1	,2026-07-07 14:46:10,2026-07-17 15:34:22,444093761930	,"经典黑,七钩 【加厚加粗】(2个装)",无售后或售后取消,19.9	,79120339222876	,中通快递,****,****,	
260707-472572259893782,已收货,1	,2026-07-07 12:46:48,2026-07-17 15:34:22,444093761930	,"经典黑,七钩 【加厚加粗】(2个装)",无售后或售后取消,19.9	,79120339222962	,中通快递,****,****,	
260707-033984366230106,已收货,1	,2026-07-07 11:37:26,2026-07-17 15:34:22,444093761930	,"经典黑,七钩【加厚加粗】 (1个装)",无售后或售后取消,11.9	,79120339238766	,中通快递,****,****,	
260706-073326969250735,已收货,1	,2026-07-06 18:08:57,2026-07-17 15:34:22,444093761930	,"经典黑,七钩 【加厚加粗】(2个装)",无售后或售后取消,19.9	,79120339230162	,中通快递,****,****,	
260706-088877319681615,已取消,1	,	,	,444093761930	,"经典黑,七钩 【加厚加粗】(2个装)",无售后或售后取消,16.9	,	,	,****,****,	
260706-516245429761615,已取消,1	,	,	,444093761930	,"经典黑,七钩 【加厚加粗】(2个装)",无售后或售后取消,14.9	,	,	,****,****,	
260706-055249507963597,已收货,1	,2026-07-06 12:40:05,2026-07-16 14:02:35,444093761930	,"经典黑,七钩 【加厚加粗】(2个装)",无售后或售后取消,19.9	,79120059907794	,中通快递,****,****,	
260706-225737479801402,已收货,1	,2026-07-06 11:13:41,2026-07-16 14:02:35,444093761930	,"经典黑,七钩 【加厚加粗】(2个装)",无售后或售后取消,19.9	,79120059947436	,中通快递,****,****,	
260706-613637210441627,已收货,1	,2026-07-06 11:12:16,2026-07-13 18:34:36,444093761930	,"雪花白,七钩 【加厚加粗】(2个装)",无售后或售后取消,19.9	,79120059947627	,中通快递,****,****,	
260706-627929280090748,已收货,1	,2026-07-06 10:42:12,2026-07-09 16:15:45,476214691883	,"加粗五钩 白色,2个装",无售后或售后取消,8.02	,79120059907496	,中通快递,****,****,	
260706-270469753191933,已发货，退款成功,1	,2026-07-06 10:32:14,	,444093761930	,"经典黑,七钩 【加厚加粗】(2个装)",退款成功,19.9	,79120059899944	,中通快递,****,****,	
260706-312454726061379,已收货,1	,2026-07-06 10:32:16,2026-07-16 14:02:35,444093761930	,"经典黑,七钩 【加厚加粗】(2个装)",无售后或售后取消,18.9	,79120059947402	,中通快递,****,****,	
260706-069101186690064,已收货,1	,2026-07-06 09:28:59,2026-07-10 08:13:32,444093761930	,"雪花白,七钩 【加厚加粗】(2个装)",无售后或售后取消,19.9	,79120059907700	,中通快递,****,****,	
260706-279141466431318,已收货,1	,2026-07-06 09:12:00,2026-07-08 17:58:12,444093761930	,"雪花白,七钩【加厚加粗】 (3个装)",无售后或售后取消,20.9	,79120059947642	,中通快递,****,****,	
260706-489328483881836,已收货,1	,2026-07-06 08:31:47,2026-07-16 14:02:35,444093761930	,"雪花白,七钩【加厚加粗】 (3个装)",无售后或售后取消,25.9	,79120059907462	,中通快递,****,****,	
260706-646719751832244,已收货,1	,2026-07-06 08:23:40,2026-07-16 14:02:35,444093761930	,"经典黑,七钩 【加厚加粗】(2个装)",无售后或售后取消,19.9	,79120059947630	,中通快递,****,****,	
260706-016106165790380,已收货,1	,2026-07-06 08:05:24,2026-07-16 14:02:35,444093761930	,"雪花白,七钩 【加厚加粗】(2个装)",无售后或售后取消,19.9	,79120059947762	,中通快递,****,****,	
260706-130128320041903,已收货,1	,2026-07-06 07:05:48,2026-07-08 19:08:49,444093761930	,"雪花白,七钩 【加厚加粗】(2个装)",无售后或售后取消,19.9	,79120059947507	,中通快递,****,****,	
260706-638928863590457,未发货，退款成功,1	,2026-07-06 06:21:43,	,444093761930	,"经典黑,七钩 【加厚加粗】(2个装)",退款成功,19.9	,	,	,****,****,	
260706-280116672901430,已收货,1	,2026-07-06 05:55:26,2026-07-16 14:02:35,444093761930	,"咖啡色,七钩 【加厚加粗】(2个装)",无售后或售后取消,18.4	,79120059907646	,中通快递,****,****,	
260705-282129938852842,已收货,1	,2026-07-05 23:04:33,2026-07-16 14:02:35,444093761930	,"雪花白,七钩 【加厚加粗】(2个装)",无售后或售后取消,19.9	,79120059948332	,中通快递,****,****,	
260705-585336154501372,已收货,1	,2026-07-05 21:26:17,2026-07-16 14:02:35,444093761930	,"经典黑,七钩【加厚加粗】 (3个装)",无售后或售后取消,25.9	,79120059899865	,中通快递,****,****,	
260705-130652629381372,已收货,1	,2026-07-05 21:25:21,2026-07-16 14:02:35,444093761930	,"雪花白,七钩 【加厚加粗】(2个装)",无售后或售后取消,19.9	,79120059899865	,中通快递,****,****,	
260705-588397996320535,未发货，退款成功,1	,2026-07-05 21:14:33,	,444093761930	,"雪花白,七钩 【加厚加粗】(2个装)",退款成功,19.9	,	,	,****,****,	
260705-214045826682198,已收货,1	,2026-07-05 21:12:20,2026-07-09 13:32:43,444093761930	,"金色,七钩 【加厚加粗】(2个装)",无售后或售后取消,24.9	,79120059947415	,中通快递,****,****,	
260705-424652388721787,已收货,1	,2026-07-05 21:25:34,2026-07-09 05:24:52,444093761930	,"雪花白,七钩 【加厚加粗】(2个装)",无售后或售后取消,19.9	,79120059947589	,中通快递,****,****,	
260705-261273731501763,已收货,1	,2026-07-05 20:40:24,2026-07-07 21:01:02,444093761930	,"经典黑,七钩 【加厚加粗】(4个装)",无售后或售后取消,31.9	,79120059907633	,中通快递,****,****,	
260705-672724426392191,已收货,1	,2026-07-05 20:03:20,2026-07-16 14:02:35,444093761930	,"咖啡色,淘气猫 【加厚加粗】(2个装)",无售后或售后取消,15.85	,79120059899886	,中通快递,****,****,	
260705-514221698712191,已取消,1	,	,	,444093761930	,"咖啡色,淘气猫 【加厚加粗】(2个装)",无售后或售后取消,15.85	,	,	,****,****,	
260705-542596144790094,已收货,1	,2026-07-05 18:45:20,2026-07-07 19:29:26,444093761930	,"咖啡色,淘气猫 【加厚加粗】(2个装)",无售后或售后取消,15.85	,79120059907626	,中通快递,****,****,	
260705-309717921430094,已取消,1	,	,	,444093761930	,"经典黑,淘气猫 【加厚加粗】(2个装)",无售后或售后取消,15.85	,	,	,****,****,	
260705-557779587452591,已收货,1	,2026-07-05 17:07:48,2026-07-16 14:02:35,444093761930	,"经典黑,淘气猫 【加厚加粗】(2个装)",无售后或售后取消,15.85	,79120059899837	,中通快递,****,****,	
260705-549453883711009,已收货,1	,2026-07-05 15:53:37,2026-07-11 13:28:59,444093761930	,"雪花白,七钩 【加厚加粗】(2个装)",无售后或售后取消,19.9	,79120059907832	,中通快递,****,****,	
260705-062243499661490,已取消,1	,	,	,444093761930	,"雪花白,七钩 【加厚加粗】(2个装)",无售后或售后取消,19.9	,	,	,****,****,	
260705-313838856632916,已收货,1	,2026-07-05 12:51:45,2026-07-15 14:28:23,444093761930	,"雪花白,七钩 【加厚加粗】(2个装)",无售后或售后取消,19.9	,79119769964323	,中通快递,****,****,	
260705-036752638392916,已取消,1	,	,	,444093761930	,"雪花白,七钩 【加厚加粗】(2个装)",无售后或售后取消,19.9	,	,	,****,****,	
260705-323108258201434,已收货,1	,2026-07-05 12:34:18,2026-07-06 20:40:44,444093761930	,"雪花白,七钩 【加厚加粗】(2个装)",无售后或售后取消,19.9	,79119769974476	,中通快递,****,****,	
260705-475550247223019,已收货,1	,2026-07-05 11:35:09,2026-07-14 17:41:10,444093761930	,"咖啡色,七钩【加厚加粗】 (3个装)",无售后或售后取消,25.9	,79119769974483	,中通快递,****,****,	
260705-607733748120244,已收货,1	,2026-07-05 11:06:54,2026-07-11 15:37:20,444093761930	,"雪花白,淘气猫 【加厚加粗】(3个装)",无售后或售后取消,24.39	,79119769995406	,中通快递,****,****,	
260705-306068918661333,已收货,1	,2026-07-05 04:34:46,2026-07-13 09:12:59,444093761930	,"经典黑,淘气猫 【加厚加粗】(3个装)",无售后或售后取消,24.39	,79119769974550	,中通快递,****,****,	
260705-541128169060913,已收货,1	,2026-07-05 01:31:49,2026-07-15 14:28:23,476214691883	,"加粗五钩 白色,2个装",无售后或售后取消,8.02	,79119769964364	,中通快递,****,****,	
260704-084274091531376,已收货,1	,2026-07-04 23:28:09,2026-07-15 14:28:23,444093761930	,"雪花白,淘气猫 【加厚加粗】(2个装)",无售后或售后取消,15.85	,79119769974547	,中通快递,****,****,	
260704-210134648342941,已收货,1	,2026-07-04 19:49:25,2026-07-15 14:28:23,444093761930	,"雪花白,七钩 【加厚加粗】(2个装)",无售后或售后取消,19.9	,79119769964285	,中通快递,****,****,	
260704-236925796710467,已收货,1	,2026-07-04 19:33:39,2026-07-15 14:28:23,444093761930	,"经典黑,七钩【加厚加粗】 (3个装)",无售后或售后取消,25.9	,79119769995554	,中通快递,****,****,	
260704-658348480052111,未发货，退款成功,1	,2026-07-04 18:46:35,	,444093761930	,"经典黑,七钩【加厚加粗】 (3个装)",退款成功,25.9	,	,	,****,****,	
260704-658348459643459,已收货,1	,2026-07-04 16:58:06,2026-07-07 20:35:46,444093761930	,"雪花白,七钩 【加厚加粗】(2个装)",无售后或售后取消,19.9	,79119769995513	,中通快递,****,****,	
260704-669557799323024,已取消,1	,	,	,444093761930	,"经典黑,七钩 【加厚加粗】(4个装)",无售后或售后取消,31.9	,	,	,****,****,	
260704-307002099200490,已收货,1	,2026-07-04 14:21:13,2026-07-06 18:27:35,444093761930	,"咖啡色,七钩【加厚加粗】 (3个装)",无售后或售后取消,25.9	,79119480259806	,中通快递,****,****,	
260704-309602609533930,已收货,1	,2026-07-04 14:16:43,2026-07-06 18:38:28,446257663504	,七钩 古铜【三个装】加厚加粗,无售后或售后取消,24.65	,79119480221205	,中通快递,****,****,	
260704-170970397053930,未发货，退款成功,1	,2026-07-04 14:11:57,	,446257663504	,七钩 古铜（3个装）,退款成功,12.77	,	,	,****,****,	
260704-088835397132776,已收货,1	,2026-07-04 13:19:16,2026-07-14 15:33:53,444093761930	,"雪花白,七钩 【加厚加粗】(2个装)",无售后或售后取消,19.9	,79119480221195	,中通快递,****,****,	
260704-214203175202530,已发货，退款成功,1	,2026-07-04 12:56:58,	,444093761930	,"雪花白,七钩 【加厚加粗】(2个装)",退款成功,19.9	,79119480219858	,中通快递,****,****,	
260704-627824443731417,已收货,1	,2026-07-04 10:10:45,2026-07-14 15:33:53,444093761930	,"经典黑,淘气猫 【加厚加粗】(2个装)",无售后或售后取消,15.85	,79119480221233	,中通快递,****,****,	
260704-080960622990974,已收货,1	,2026-07-04 00:18:04,2026-07-14 15:33:53,444093761930	,"金色,七钩【加厚加粗】 (1个装)",无售后或售后取消,13.09	,79119480199955	,中通快递,****,****,	
260703-534626987530001,已收货,1	,2026-07-03 23:34:07,2026-07-14 15:33:53,444093761930	,"金色,七钩【加厚加粗】 (1个装)",无售后或售后取消,13.09	,79119480261163	,中通快递,****,****,	
260703-189876222362438,已收货,1	,2026-07-03 23:24:33,2026-07-14 15:33:53,444093761930	,"金色,七钩【加厚加粗】 (1个装)",无售后或售后取消,13.09	,79119480199598	,中通快递,****,****,	
260703-130631647670647,已收货,1	,2026-07-03 23:21:51,2026-07-14 15:33:53,444093761930	,"咖啡色,七钩【加厚加粗】 (3个装)",无售后或售后取消,25.9	,79119480219873	,中通快递,****,****,	
260703-215398531510647,未发货，退款成功,1	,2026-07-03 23:11:51,	,444093761930	,"雪花白,七钩【加厚加粗】 (3个装)",退款成功,25.9	,	,	,****,****,	
260703-140949624443320,已收货,1	,2026-07-03 22:27:36,2026-07-10 11:23:43,444093761930	,"雪花白,七钩 【加厚加粗】(2个装)",无售后或售后取消,19.9	,79119480200030	,中通快递,****,****,	
260703-381618819483647,已发货，退款成功,1	,2026-07-03 22:24:51,	,444093761930	,"经典黑,七钩【加厚加粗】 (3个装)",退款成功,25.9	,79119480199649	,中通快递,****,****,	
260703-170047577632038,已收货,1	,2026-07-03 22:07:42,2026-07-14 15:33:53,444093761930	,"经典黑,淘气猫 【加厚加粗】(3个装)",无售后或售后取消,24.39	,79119480219845	,中通快递,****,****,	
260703-554445063760498,已收货,1	,2026-07-03 21:58:00,2026-07-14 15:33:53,444093761930	,"金色,七钩【加厚加粗】 (1个装)",无售后或售后取消,13.09	,79119480261148	,中通快递,****,****,	
260703-084808886573505,未发货，退款成功,1	,2026-07-03 21:56:35,	,444093761930	,"雪花白,七钩 【加厚加粗】(4个装)",退款成功,31.9	,	,	,****,****,	
260703-024347973130977,已收货,1	,2026-07-03 20:48:58,2026-07-14 15:33:53,444093761930	,"经典黑,七钩【加厚加粗】 (3个装)",无售后或售后取消,25.9	,79119480199623	,中通快递,****,****,	
260703-330301499712560,已收货,1	,2026-07-03 19:04:34,2026-07-06 16:35:21,444093761930	,"雪花白,七钩 【加厚加粗】(2个装)",无售后或售后取消,19.9	,79119480219899	,中通快递,****,****,	
260703-132959516963624,已收货,1	,2026-07-03 18:56:08,2026-07-14 15:33:53,444093761930	,"雪花白,七钩 【加厚加粗】(2个装)",无售后或售后取消,19.9	,79119480199996	,中通快递,****,****,	
260703-386064761122007,已收货,1	,2026-07-03 16:50:28,2026-07-14 15:33:53,444093761930	,"雪花白,七钩 【加厚加粗】(2个装)",无售后或售后取消,19.9	,79119480199891	,中通快递,****,****,	
260703-425606540831978,已发货，退款成功,1	,2026-07-03 16:45:45,	,444093761930	,"雪花白,七钩 【加厚加粗】(4个装)",退款成功,31.9	,79119480199636	,中通快递,****,****,	
260703-632595464602394,已收货,1	,2026-07-03 15:42:25,2026-07-14 15:33:53,444093761930	,"金色,七钩 【加厚加粗】(2个装)",无售后或售后取消,24.9	,79119480199976	,中通快递,****,****,	
260703-580586094951118,已收货,1	,2026-07-03 15:07:10,2026-07-09 07:19:01,444093761930	,"金色,七钩 【加厚加粗】(2个装)",无售后或售后取消,24.9	,79119480200027	,中通快递,****,****,	
260703-200760399362440,已收货,1	,2026-07-03 14:01:53,2026-07-13 15:07:10,446257663504	,七钩 白色（2个装）,无售后或售后取消,7.82	,79119162296703	,中通快递,****,****,	
260703-073421309463889,已收货,1	,2026-07-03 13:07:37,2026-07-12 13:05:02,444093761930	,"金色,七钩【加厚加粗】 (1个装)",无售后或售后取消,13.09	,79119162297396	,中通快递,****,****,	
260703-641728582021104,已收货,1	,2026-07-03 12:30:02,2026-07-18 15:07:10,444093761930	,"雪花白,七钩 【加厚加粗】(2个装)",无售后或售后取消,19.9	,79119162345584	,中通快递,****,****,	
260703-013275000333140,已收货,1	,2026-07-03 12:18:52,2026-07-24 15:07:10,444093761930	,"金色,七钩【加厚加粗】 (1个装)",无售后或售后取消,13.09	,79119162297526	,中通快递,****,****,	
260703-107416185130942,已收货,1	,2026-07-03 10:59:24,2026-07-13 15:07:10,444093761930	,"金色,七钩【加厚加粗】 (1个装)",无售后或售后取消,8.09	,79119162289849	,中通快递,****,****,	
260703-429245079092658,已收货,1	,2026-07-03 10:15:54,2026-07-13 15:07:10,444093761930	,"雪花白,七钩 【加厚加粗】(2个装)",无售后或售后取消,19.9	,79119162296693	,中通快递,****,****,	
260703-432139148800569,已收货,1	,2026-07-03 09:56:53,2026-07-13 15:07:10,444093761930	,"雪花白,七钩 【加厚加粗】(2个装)",无售后或售后取消,19.9	,79119162297383	,中通快递,****,****,	
260702-302094805422198,已收货,1	,2026-07-02 21:53:35,2026-07-13 15:07:10,444093761930	,"雪花白,七钩 【加厚加粗】(2个装)",无售后或售后取消,16.9	,79119162297342	,中通快递,****,****,	
260702-033019686472810,已收货,1	,2026-07-02 21:30:18,2026-07-11 16:41:36,444093761930	,"雪花白,七钩 【加厚加粗】(2个装)",无售后或售后取消,19.9	,79119162289731	,中通快递,****,****,	
260702-150638508350311,已收货,1	,2026-07-02 21:25:46,2026-07-13 15:07:10,444093761930	,"金色,七钩【加厚加粗】 (1个装)",无售后或售后取消,13.09	,79119162289652	,中通快递,****,****,	
260702-395229273710228,已收货,1	,2026-07-02 21:20:53,2026-07-13 15:07:10,444093761930	,"雪花白,七钩 【加厚加粗】(2个装)",无售后或售后取消,19.9	,79119162289798	,中通快递,****,****,	
260702-288568175022198,未发货，退款成功,1	,2026-07-02 16:32:24,	,444093761930	,"雪花白,七钩 【加厚加粗】(2个装)",退款成功,16.9	,	,	,****,****,	
260702-090701831793694,已收货,1	,2026-07-02 15:54:31,2026-07-05 17:09:59,444093761930	,"雪花白,七钩 【加厚加粗】(2个装)",无售后或售后取消,14.9	,79119162297289	,中通快递,****,****,	
260702-307945817741352,已收货,1	,2026-07-02 14:31:26,2026-07-12 15:05:13,444093761930	,"经典黑,七钩【加厚加粗】 (3个装)",无售后或售后取消,25.9	,79118887894464	,中通快递,****,****,	
260702-417511565663472,已收货,1	,2026-07-02 14:02:37,2026-07-12 15:05:13,444093761930	,"雪花白,淘气猫 【加厚加粗】(2个装)",无售后或售后取消,15.85	,79118887908596	,中通快递,****,****,	
260702-498639849033833,已收货,1	,2026-07-02 14:00:09,2026-07-12 15:05:13,444093761930	,"金色,七钩 【加厚加粗】(2个装)",无售后或售后取消,24.9	,79118887903637	,中通快递,****,****,	
260702-169449899641049,已收货,1	,2026-07-02 12:48:44,2026-07-11 05:13:31,444093761930	,"经典黑,淘气猫 【加厚加粗】(2个装)",无售后或售后取消,15.85	,79118887903481	,中通快递,****,****,	
260702-422513241720599,已收货,1	,2026-07-02 12:25:58,2026-07-05 18:26:34,444093761930	,"咖啡色,淘气猫 【加厚加粗】(3个装)",无售后或售后取消,25.9	,79118887894477	,中通快递,****,****,	
260702-604315380133660,已收货,1	,2026-07-02 10:34:03,2026-07-12 15:05:13,444093761930	,"经典黑,七钩 【加厚加粗】(4个装)",无售后或售后取消,31.9	,79118887908547	,中通快递,****,****,	
260702-480887509413660,未发货，退款成功,1	,2026-07-02 10:32:03,	,444093761930	,"经典黑,七钩 【加厚加粗】(4个装)",退款成功,31.9	,	,	,****,****,	
260702-024715016503837,已收货,1	,2026-07-02 10:20:05,2026-07-12 15:05:13,444093761930	,"雪花白,七钩 【加厚加粗】(2个装)",无售后或售后取消,19.9	,79118887895486	,中通快递,****,****,	
260702-267806380343837,已取消,1	,	,	,444093761930	,"雪花白,七钩 【加厚加粗】(2个装)",无售后或售后取消,19.9	,	,	,****,****,	
260702-446714375710380,已收货,1	,2026-07-02 09:00:35,2026-07-12 15:05:13,444093761930	,"雪花白,七钩 【加厚加粗】(2个装)",无售后或售后取消,19.9	,79118887903374	,中通快递,****,****,	
260702-182504722723386,已发货，退款成功,1	,2026-07-02 07:56:41,	,444093761930	,"金色,七钩【加厚加粗】 (1个装)",退款成功,13.09	,79118887903390	,中通快递,****,****,	
260702-229910791743528,已收货,1	,2026-07-02 01:39:55,2026-07-12 15:05:13,446257663504	,七钩 黑色（3个装）,无售后或售后取消,12.77	,79118887908506	,中通快递,****,****,	
260701-326033805673464,已收货,1	,2026-07-01 22:45:27,2026-07-12 15:05:13,444093761930	,"经典黑,七钩【加厚加粗】 (3个装)",无售后或售后取消,25.9	,79118887894569	,中通快递,****,****,	
260701-647820808553464,已取消,1	,	,	,444093761930	,"经典黑,七钩 【加厚加粗】(4个装)",无售后或售后取消,31.9	,	,	,****,****,	
260701-188911470113922,已收货,1	,2026-07-01 22:22:45,2026-07-07 19:48:19,444093761930	,"雪花白,七钩 【加厚加粗】(2个装)",无售后或售后取消,19.9	,79118887895445	,中通快递,****,****,	
260701-087210083900215,已收货,1	,2026-07-01 21:31:52,2026-07-06 15:43:35,444093761930	,"雪花白,淘气猫 【加厚加粗】(1个装)",无售后或售后取消,11.9	,79118887908307	,中通快递,****,****,	
260701-175584079371206,已收货,1	,2026-07-01 17:52:18,2026-07-08 00:31:39,444093761930	,"雪花白,淘气猫 【加厚加粗】(4个装)",无售后或售后取消,31.9	,79118887894515	,中通快递,****,****,	
260701-264450905611206,已取消,1	,	,	,444093761930	,"雪花白,淘气猫 【加厚加粗】(4个装)",无售后或售后取消,31.9	,	,	,****,****,	
260701-182892664361975,已收货,1	,2026-07-01 17:41:38,2026-07-12 15:05:13,444093761930	,"金色,七钩【加厚加粗】 (1个装)",无售后或售后取消,13.09	,79118887903466	,中通快递,****,****,	
260701-490398031451059,已收货,1	,2026-07-01 17:05:59,2026-07-12 15:05:13,444093761930	,"金色,七钩【加厚加粗】 (1个装)",无售后或售后取消,13.09	,79118887895458	,中通快递,****,****,	
260701-392440103331899,已收货,1	,2026-07-01 15:55:23,2026-07-12 15:05:13,444093761930	,"咖啡色,淘气猫 【加厚加粗】(2个装)",无售后或售后取消,15.85	,79118887903532	,中通快递,****,****,	
260701-474208017921939,已收货,1	,2026-07-01 14:54:39,2026-07-11 14:59:28,444093761930	,"雪花白,七钩 【加厚加粗】(2个装)",无售后或售后取消,19.9	,79118638636055	,中通快递,****,****,	
260701-437319114271408,已收货,1	,2026-07-01 14:08:34,2026-07-04 09:03:54,444093761930	,"咖啡色,淘气猫 【加厚加粗】(3个装)",无售后或售后取消,22.9	,79118639711159	,中通快递,****,****,	
260701-198684219003671,已收货,1	,2026-07-01 12:46:13,2026-07-11 15:07:48,444093761930	,"经典黑,七钩 【加厚加粗】(4个装)",无售后或售后取消,31.9	,79118639711126	,中通快递,****,****,	
260701-617768558133042,已发货，退款成功,1	,2026-07-01 12:38:05,	,444093761930	,"雪花白,七钩 【加厚加粗】(2个装)",退款成功,19.9	,79118638636106	,中通快递,****,****,	
260701-417102621021460,已收货,1	,2026-07-01 09:56:31,2026-07-11 14:59:28,444093761930	,"雪花白,七钩 【加厚加粗】(2个装)",无售后或售后取消,19.9	,79118638653702	,中通快递,****,****,	
260701-043589332542537,已收货,1	,2026-07-01 09:41:28,2026-07-11 14:59:28,444093761930	,"雪花白,七钩 【加厚加粗】(2个装)",无售后或售后取消,19.9	,79118638653636	,中通快递,****,****,	
260701-266013263433214,已收货,1	,2026-07-01 09:02:56,2026-07-11 15:07:48,444093761930	,"雪花白,淘气猫 【加厚加粗】(1个装)",无售后或售后取消,11.9	,79118639724144	,中通快递,****,****,	
260701-126594629943621,已收货,1	,2026-07-01 08:40:11,2026-07-11 15:07:48,444093761930	,"雪花白,淘气猫 【加厚加粗】(3个装)",无售后或售后取消,24.39	,79118639721224	,中通快递,****,****,	
260701-388853952102389,已收货,1	,2026-07-01 08:26:10,2026-07-11 15:07:48,444093761930	,"金色,七钩 【加厚加粗】(2个装)",无售后或售后取消,24.9	,79118639721316	,中通快递,****,****,	
260701-503547226463177,已发货，退款成功,1	,2026-07-01 08:07:03,	,444093761930	,"金色,七钩 【加厚加粗】(2个装)",退款成功,24.9	,79118639711146	,中通快递,****,****,	
260701-189729359503468,已发货，退款成功,1	,2026-07-01 05:32:34,	,444093761930	,"经典黑,七钩【加厚加粗】 (3个装)",退款成功,25.9	,79118639711133	,中通快递,****,****,	
260701-347309392260359,已收货,1	,2026-07-01 03:38:56,2026-07-11 15:07:48,444093761930	,"金色,七钩【加厚加粗】 (1个装)",无售后或售后取消,13.09	,79118639711702	,中通快递,****,****,	
260701-141243215360340,已收货,1	,2026-07-01 00:46:30,2026-07-22 15:07:48,444093761930	,"咖啡色,七钩【加厚加粗】 (3个装)",无售后或售后取消,22.9	,79118639721186	,中通快递,****,****,	
260630-297082622392596,已收货,1	,2026-06-30 22:40:01,2026-07-11 14:59:28,444093761930	,"雪花白,七钩 【加厚加粗】(2个装)",无售后或售后取消,19.9	,79118638636042	,中通快递,****,****,	
260630-489695495791934,已收货,1	,2026-06-30 22:33:48,2026-07-11 15:07:48,444093761930	,"经典黑,淘气猫 【加厚加粗】(2个装)",无售后或售后取消,15.85	,79118639723758	,中通快递,****,****,	
260630-272503959100626,已收货,1	,2026-06-30 19:36:06,2026-07-11 15:07:48,444093761930	,"雪花白,淘气猫 【加厚加粗】(2个装)",无售后或售后取消,15.85	,79118639721293	,中通快递,****,****,	
260630-683986132491607,已收货,1	,2026-06-30 19:09:28,2026-07-11 15:07:48,444093761930	,"金色,七钩【加厚加粗】 (1个装)",无售后或售后取消,13.09	,79118639711728	,中通快递,****,****,	
260630-378619902253457,已收货,1	,2026-06-30 16:40:31,2026-07-11 15:07:48,444093761930	,"经典黑,七钩【加厚加粗】 (3个装)",无售后或售后取消,25.9	,79118639723944	,中通快递,****,****,	
260630-423981227643981,已收货,1	,2026-06-30 16:01:42,2026-07-11 15:07:48,444093761930	,"经典黑,七钩【加厚加粗】 (3个装)",无售后或售后取消,25.9	,79118639711680	,中通快递,****,****,	
260630-048612053341381,已收货,1	,2026-06-30 15:50:43,2026-07-11 14:59:28,444093761930	,"雪花白,七钩 【加厚加粗】(2个装)",无售后或售后取消,19.9	,79118638636147	,中通快递,****,****,	
260630-063774462253190,已收货,1	,2026-06-30 15:25:23,2026-07-06 03:36:56,444093761930	,"金色,七钩【加厚加粗】 (1个装)",无售后或售后取消,13.09	,79118639724160	,中通快递,****,****,	
260630-043054590380429,已收货,1	,2026-06-30 15:16:14,2026-07-11 15:07:48,444093761930	,"金色,七钩【加厚加粗】 (1个装)",无售后或售后取消,13.09	,79118639724172	,中通快递,****,****,	
260630-603057047112208,已收货,1	,2026-06-30 15:07:05,2026-07-11 15:10:05,444093761930	,"咖啡色,七钩【加厚加粗】 (3个装)",无售后或售后取消,20.9	,79118639724530	,中通快递,****,****,	
260630-179621107272208,已取消,1	,	,	,444093761930	,"咖啡色,七钩 【加厚加粗】(4个装)",无售后或售后取消,26.9	,	,	,****,****,	
260630-601924626823019,已收货,1	,2026-06-30 14:33:00,2026-07-11 15:07:48,444093761930	,"经典黑,淘气猫 【加厚加粗】(3个装)",无售后或售后取消,24.39	,79118639711118	,中通快递,****,****,	
260630-519317819753791,已收货,1	,2026-06-30 14:04:04,2026-07-11 15:07:48,444093761930	,"金色,七钩 【加厚加粗】(2个装)",无售后或售后取消,24.9	,79118639711041	,中通快递,****,****,	
260630-143707379273325,已收货,1	,2026-06-30 12:57:50,2026-07-05 14:05:06,444093761930	,"雪花白,七钩 【加厚加粗】(2个装)",无售后或售后取消,19.9	,79118638653822	,中通快递,****,****,	
260630-119097269810345,已收货,1	,2026-06-30 12:57:24,2026-07-11 15:07:48,444093761930	,"金色,七钩【加厚加粗】 (1个装)",无售后或售后取消,13.09	,79118639711692	,中通快递,****,****,	
260630-467497193842688,已收货,1	,2026-06-30 12:00:00,2026-07-11 15:07:48,444093761930	,"雪花白,淘气猫 【加厚加粗】(1个装)",无售后或售后取消,11.9	,79118639721265	,中通快递,****,****,	
260630-095777012020136,已收货,1	,2026-06-30 10:37:34,2026-07-05 09:24:49,444093761930	,"雪花白,淘气猫 【加厚加粗】(1个装)",无售后或售后取消,11.9	,79118639711807	,中通快递,****,****,	
260630-643993454083860,已收货,1	,2026-06-30 09:59:43,2026-07-11 15:07:48,444093761930	,"咖啡色,七钩【加厚加粗】 (3个装)",无售后或售后取消,25.9	,79118639721398	,中通快递,****,****,	
260630-418727934270452,已收货,1	,2026-06-30 08:32:19,2026-07-11 14:59:28,444093761930	,"雪花白,七钩 【加厚加粗】(2个装)",无售后或售后取消,19.9	,79118638636134	,中通快递,****,****,	
260630-634063429141418,已收货,1	,2026-06-30 08:20:39,2026-07-16 14:59:28,444093761930	,"雪花白,七钩 【加厚加粗】(2个装)",无售后或售后取消,19.9	,79118638653715	,中通快递,****,****,	
260630-189897131550666,已收货,1	,2026-06-30 07:14:04,2026-07-06 15:50:27,444093761930	,"雪花白,淘气猫 【加厚加粗】(4个装)",无售后或售后取消,31.9	,79118639721303	,中通快递,****,****,	
260630-451307128322097,已收货,1	,2026-06-30 06:33:41,2026-07-11 15:07:48,444093761930	,"咖啡色,淘气猫 【加厚加粗】(2个装)",无售后或售后取消,12.85	,79118639721385	,中通快递,****,****,	
260630-311720701441765,已取消,1	,	,	,444093761930	,"雪花白,淘气猫 【加厚加粗】(4个装)",无售后或售后取消,31.9	,	,	,****,****,	
260630-078811031871443,已收货,1	,2026-06-30 02:39:40,2026-07-04 20:54:35,444093761930	,"雪花白,七钩 【加厚加粗】(2个装)",无售后或售后取消,19.9	,79118638653728	,中通快递,****,****,	
260630-242619564390710,未发货，退款成功,1	,2026-06-30 00:27:08,	,444093761930	,"雪花白,淘气猫 【加厚加粗】(1个装)",退款成功,11.9	,	,	,****,****,	
260629-583737044603886,未发货，退款成功,1	,2026-06-29 23:49:14,	,444093761930	,"金色,七钩【加厚加粗】 (1个装)",退款成功,13.09	,	,	,****,****,	
260629-171578529423673,已收货,1	,2026-06-29 23:02:15,2026-07-11 15:07:48,476214691883	,"加粗五钩 白色,2个装",无售后或售后取消,8.02	,79118639711784	,中通快递,****,****,	
260629-673343116892532,已收货,1	,2026-06-29 22:37:21,2026-07-22 15:07:48,444093761930	,"经典黑,淘气猫 【加厚加粗】(2个装)",无售后或售后取消,15.85	,79118639711026	,中通快递,****,****,	
260629-559714189662144,已收货,1	,2026-06-29 21:06:48,2026-07-11 15:07:48,444093761930	,"咖啡色,七钩 【加厚加粗】(2个装)",无售后或售后取消,18.4	,79118639723786	,中通快递,****,****,	
260629-072341328240892,已收货,1	,2026-06-29 17:47:02,2026-07-11 15:07:48,444093761930	,"咖啡色,淘气猫 【加厚加粗】(4个装)",无售后或售后取消,31.9	,79118639723811	,中通快递,****,****,	
260629-267040930150767,已收货,1	,2026-06-29 16:46:51,2026-07-11 15:07:48,444093761930	,"雪花白,七钩 【加厚加粗】(4个装)",无售后或售后取消,31.9	,79118639723824	,中通快递,****,****,	
260629-045529198212270,未发货，退款成功,1	,2026-06-29 16:21:30,	,444093761930	,"金色,七钩【加厚加粗】 (1个装)",退款成功,13.09	,	,	,****,****,	
260629-152819494483094,已收货,1	,2026-06-29 14:55:56,2026-07-09 15:14:35,444093761930	,"咖啡色,七钩 【加厚加粗】(2个装)",无售后或售后取消,18.4	,79118006672451	,中通快递,****,****,	
260629-065903051060012,已收货,1	,2026-06-29 14:49:58,2026-07-01 08:20:34,444093761930	,"经典黑,淘气猫 【加厚加粗】(2个装)",无售后或售后取消,15.85	,79118006754428	,中通快递,****,****,	
260629-479545321781980,已收货,2	,2026-06-29 14:34:25,2026-07-09 15:14:35,444093761930	,"金色,七钩 【加厚加粗】(4个装)",无售后或售后取消,87.21	,79118006762317	,中通快递,****,****,	
260629-226167417140770,已收货,1	,2026-06-29 13:34:01,2026-07-09 15:14:35,444093761930	,"金色,七钩【加厚加粗】 (1个装)",无售后或售后取消,13.09	,79118006753700	,中通快递,****,****,	
260629-100055202213791,已收货,1	,2026-06-29 13:16:03,2026-07-02 19:14:06,444093761930	,"经典黑,淘气猫 【加厚加粗】(4个装)",无售后或售后取消,31.2	,79118006672464	,中通快递,****,****,	
260629-595549232750028,已收货,1	,2026-06-29 13:14:22,2026-07-09 15:14:35,444093761930	,"金色,七钩 【加厚加粗】(2个装)",无售后或售后取消,24.9	,79118006754402	,中通快递,****,****,	
260629-384366068020931,已收货,1	,2026-06-29 13:07:43,2026-07-08 06:41:56,444093761930	,"咖啡色,七钩 【加厚加粗】(2个装)",无售后或售后取消,12.4	,79118006754351	,中通快递,****,****,	
260629-489989107313220,已收货,1	,2026-06-29 11:22:07,2026-07-09 15:14:35,444093761930	,"咖啡色,七钩 【加厚加粗】(2个装)",无售后或售后取消,18.4	,79118006672449	,中通快递,****,****,	
260629-636580073790852,已收货,1	,2026-06-29 10:16:02,2026-07-09 15:14:35,444093761930	,"经典黑,七钩【加厚加粗】 (3个装)",无售后或售后取消,22.9	,79118006762294	,中通快递,****,****,	
260629-552515683903292,已收货,1	,2026-06-29 09:56:15,2026-07-02 20:20:09,444093761930	,"金色,七钩【加厚加粗】 (1个装)",无售后或售后取消,13.09	,79118006754377	,中通快递,****,****,	
260629-302503760190672,已收货,1	,2026-06-29 08:04:30,2026-07-09 15:14:35,444093761930	,"金色,七钩【加厚加粗】 (1个装)",无售后或售后取消,13.09	,79118006762320	,中通快递,****,****,	
260629-484536501890039,已收货,1	,2026-06-29 07:06:56,2026-07-04 09:50:17,444093761930	,"雪花白,淘气猫 【加厚加粗】(2个装)",无售后或售后取消,15.85	,79118006672477	,中通快递,****,****,	
260629-056245696841128,已收货,1	,2026-06-29 06:56:57,2026-07-09 15:14:35,444093761930	,"金色,七钩 【加厚加粗】(2个装)",无售后或售后取消,24.9	,79118006672502	,中通快递,****,****,	
260628-279885965712538,已收货,1	,2026-06-28 23:59:26,2026-07-09 15:14:35,444093761930	,"金色,七钩 (3个装)",无售后或售后取消,15.8	,79118006754535	,中通快递,****,****,	
260628-627342087693576,已发货，退款成功,1	,2026-06-28 23:13:10,	,444093761930	,"经典黑,淘气猫 【加厚加粗】(2个装)",退款成功,15.85	,79118006753674	,中通快递,****,****,	
260628-494843993730683,已收货,1	,2026-06-28 22:19:50,2026-07-09 15:14:35,444093761930	,"咖啡色,七钩 【加厚加粗】(2个装)",无售后或售后取消,18.4	,79118006672480	,中通快递,****,****,	
260628-322825111070094,已发货，退款成功,1	,2026-06-28 22:18:07,	,446257663504	,七钩 黑色【一个装】加厚加粗,退款成功,12.77	,79118006753687	,中通快递,****,****,	
260628-317760520503395,未发货，退款成功,1	,2026-06-28 22:08:31,	,444093761930	,"经典黑,淘气猫 【加厚加粗】(2个装)",退款成功,10.85	,	,	,****,****,	
260628-357700759133868,已收货,1	,2026-06-28 18:46:16,2026-07-09 15:14:35,444093761930	,"金色,七钩【加厚加粗】 (1个装)",无售后或售后取消,13.09	,79118006754392	,中通快递,****,****,	
260628-022848530733348,已收货,1	,2026-06-28 17:04:38,2026-07-01 20:11:31,444093761930	,"咖啡色,七钩 【加厚加粗】(4个装)",无售后或售后取消,26.9	,79118006671787	,中通快递,****,****,	
260628-110436062733809,已收货,1	,2026-06-28 14:38:58,2026-07-09 15:14:35,444093761930	,"经典黑,七钩【加厚加粗】 (3个装)",无售后或售后取消,25.9	,79118006762332	,中通快递,****,****,	
260628-033533520233951,已收货,1	,2026-06-28 14:26:05,2026-07-09 15:14:35,444093761930	,"咖啡色,七钩 【加厚加粗】(2个装)",无售后或售后取消,18.4	,79118006671746	,中通快递,****,****,	
260628-119841789471979,已收货,1	,2026-06-28 13:49:05,2026-07-09 15:14:35,444093761930	,"咖啡色,七钩 【加厚加粗】(2个装)",无售后或售后取消,18.4	,79118006762465	,中通快递,****,****,	
260628-016473147023803,已收货,1	,2026-06-28 13:39:07,2026-06-30 15:44:54,444093761930	,"咖啡色,七钩 【加厚加粗】(2个装)",无售后或售后取消,18.4	,79118006672571	,中通快递,****,****,	
260628-265835025963800,已收货,1	,2026-06-28 13:38:18,2026-07-09 15:14:35,444093761930	,"金色,七钩【加厚加粗】 (1个装)",无售后或售后取消,13.09	,79118006671759	,中通快递,****,****,	
260628-100264886570902,已发货，退款成功,1	,2026-06-28 11:08:17,	,444093761930	,"雪花白,淘气猫 【加厚加粗】(4个装)",退款成功,31.9	,79118006754415	,中通快递,****,****,	
260628-596262336933449,已收货,1	,2026-06-28 10:07:47,2026-06-29 21:42:28,444093761930	,"咖啡色,七钩 【加厚加粗】(2个装)",无售后或售后取消,18.4	,79117662575512	,中通快递,****,****,	
260628-085899374082689,已收货,1	,2026-06-28 00:11:08,2026-07-08 11:07:21,444093761930	,"咖啡色,七钩【加厚加粗】 (3个装)",无售后或售后取消,25.9	,79117662575908	,中通快递,****,****,	
260628-329756218882689,未发货，退款成功,1	,2026-06-28 00:10:32,	,444093761930	,"咖啡色,七钩 【加厚加粗】(2个装)",退款成功,18.4	,	,	,****,****,	
260627-099038083443381,已取消,1	,	,	,444093761930	,"咖啡色,七钩 【加厚加粗】(2个装)",无售后或售后取消,18.4	,	,	,****,****,	
260627-242955129203381,已收货,1	,2026-06-27 23:44:34,2026-07-08 11:07:21,444093761930	,"咖啡色,七钩【加厚加粗】 (3个装)",无售后或售后取消,25.9	,79117662575916	,中通快递,****,****,	
260627-136786767381228,已收货,1	,2026-06-27 23:23:35,2026-07-08 11:07:21,444093761930	,"雪花白,淘气猫 【加厚加粗】(1个装)",无售后或售后取消,11.9	,79117662592019	,中通快递,****,****,	
260627-486308637052296,已收货,1	,2026-06-27 23:07:13,2026-07-07 15:13:46,444093761930	,"金色,七钩【加厚加粗】 (1个装)",无售后或售后取消,13.09	,79117662597873	,中通快递,****,****,	
260627-601777846690188,已取消,1	,	,	,444093761930	,"雪花白,淘气猫 【加厚加粗】(1个装)",无售后或售后取消,11.9	,	,	,****,****,	
260627-498493100450188,已取消,1	,	,	,444093761930	,"雪花白,淘气猫 【加厚加粗】(1个装)",无售后或售后取消,11.9	,	,	,****,****,	
260627-246520297792645,已收货,1	,2026-06-27 21:46:05,2026-07-08 11:07:21,444093761930	,"咖啡色,七钩【加厚加粗】 (3个装)",无售后或售后取消,25.9	,79117662597513	,中通快递,****,****,	
260627-684321707563152,已收货,1	,2026-06-27 21:36:09,2026-07-02 19:49:40,444093761930	,"咖啡色,淘气猫 【加厚加粗】(2个装)",无售后或售后取消,12.85	,79117662575857	,中通快递,****,****,	
260627-623168776590081,已收货,1	,2026-06-27 21:12:13,2026-07-02 17:05:25,444093761930	,"经典黑,七钩【加厚加粗】 (3个装)",无售后或售后取消,25.9	,79117662592050	,中通快递,****,****,	
260627-081054953053309,已收货,1	,2026-06-27 20:53:39,2026-07-08 11:07:21,444093761930	,"雪花白,七钩 【加厚加粗】(2个装)",无售后或售后取消,19.9	,79117662591941	,中通快递,****,****,	
260627-295299980823262,已收货,1	,2026-06-27 20:13:39,2026-07-08 11:07:21,444093761930	,"咖啡色,七钩 【加厚加粗】(2个装)",无售后或售后取消,18.4	,79117662591850	,中通快递,****,****,	
260627-441869934123194,已收货,1	,2026-06-27 18:27:51,2026-07-08 11:07:21,444093761930	,"咖啡色,七钩【加厚加粗】 (3个装)",无售后或售后取消,25.9	,79117662591821	,中通快递,****,****,	
260627-090481641052932,已收货,1	,2026-06-27 17:41:07,2026-07-08 11:07:21,444093761930	,"雪花白,淘气猫 【加厚加粗】(2个装)",无售后或售后取消,15.85	,79117662591967	,中通快递,****,****,	
260627-628820569743283,已收货,1	,2026-06-27 15:14:43,2026-07-08 11:07:21,444093761930	,"咖啡色,七钩 【加厚加粗】(2个装)",无售后或售后取消,18.4	,79117662592233	,中通快递,****,****,	
260627-055973025301374,已收货,1	,2026-06-27 14:49:39,2026-07-07 15:11:00,444093761930	,"经典黑,淘气猫 【加厚加粗】(2个装)",无售后或售后取消,15.85	,79117450747075	,中通快递,****,****,	
260627-330479778230527,已收货,1	,2026-06-27 14:03:41,2026-07-07 15:11:00,444093761930	,"经典黑,七钩 【加厚加粗】(4个装)",无售后或售后取消,31.9	,79117450747141	,中通快递,****,****,	
260627-600435648810339,已收货,1	,2026-06-27 11:45:56,2026-06-30 18:02:21,444093761930	,"咖啡色,七钩 【加厚加粗】(2个装)",无售后或售后取消,18.4	,79117450770833	,中通快递,****,****,	
260627-054274322040828,已收货,1	,2026-06-27 11:32:02,2026-07-07 15:11:00,444093761930	,"咖啡色,七钩 【加厚加粗】(2个装)",无售后或售后取消,18.4	,79117450770606	,中通快递,****,****,	
260627-329798162040828,已收货,1	,2026-06-27 11:31:15,2026-07-07 15:11:00,444093761930	,"咖啡色,七钩【加厚加粗】 (3个装)",无售后或售后取消,25.9	,79117450770606	,中通快递,****,****,	
260627-612284515960828,未发货，退款成功,1	,2026-06-27 10:35:04,	,444093761930	,"咖啡色,七钩【加厚加粗】 (3个装)",退款成功,25.9	,	,	,****,****,	
260627-457284063590902,已收货,1	,2026-06-27 09:40:56,2026-07-07 15:11:00,444093761930	,"咖啡色,七钩 【加厚加粗】(2个装)",无售后或售后取消,18.4	,79117450770713	,中通快递,****,****,	
260627-219823532390902,已取消,1	,	,	,444093761930	,"咖啡色,七钩 【加厚加粗】(2个装)",无售后或售后取消,18.4	,	,	,****,****,	
260627-412530839892590,已收货,1	,2026-06-27 09:18:24,2026-07-07 15:11:00,444093761930	,"咖啡色,七钩 【加厚加粗】(2个装)",无售后或售后取消,18.4	,79117450770688	,中通快递,****,****,	
260627-075298312520789,未发货，退款成功,1	,2026-06-27 09:11:40,	,444093761930	,"咖啡色,七钩 【加厚加粗】(2个装)",退款成功,18.4	,	,	,****,****,	
260627-621994350132629,已收货,1	,2026-06-27 09:06:38,2026-07-05 08:46:29,444093761930	,"雪花白,七钩【加厚加粗】 (3个装)",无售后或售后取消,25.9	,79117450747062	,中通快递,****,****,	
260627-084829806101228,已发货，退款成功,1	,2026-06-27 03:30:54,	,444093761930	,"雪花白,淘气猫 【加厚加粗】(1个装)",退款成功,11.9	,79117450753995	,中通快递,****,****,	
260627-107258888591121,未发货，退款成功,1	,2026-06-27 02:47:25,	,444093761930	,"咖啡色,淘气猫 【加厚加粗】(4个装)",退款成功,31.9	,	,	,****,****,	
260627-573508217272407,已收货,1	,2026-06-27 00:38:49,2026-07-03 00:56:47,444093761930	,"金色,七钩 【加厚加粗】(2个装)",无售后或售后取消,24.9	,79117450747021	,中通快递,****,****,	
260627-211812359781399,已收货,1	,2026-06-27 00:00:54,2026-07-07 15:11:00,444093761930	,"咖啡色,七钩 【加厚加粗】(2个装)",无售后或售后取消,18.4	,79117450770795	,中通快递,****,****,	
260626-173329620492841,已收货,1	,2026-06-26 23:22:18,2026-06-29 13:41:22,444093761930	,"咖啡色,七钩 【加厚加粗】(2个装)",无售后或售后取消,18.4	,79117450754075	,中通快递,****,****,	
260626-291000850053414,未发货，退款成功,1	,2026-06-26 22:53:37,	,444093761930	,"雪花白,七钩 【加厚加粗】(2个装)",退款成功,19.9	,	,	,****,****,	
260626-565350306202913,已收货,1	,2026-06-26 21:54:47,2026-07-07 15:11:00,444093761930	,"经典黑,淘气猫 【加厚加粗】(2个装)",无售后或售后取消,15.85	,79117450747154	,中通快递,****,****,	
260626-215838953851191,已收货,1	,2026-06-26 21:50:28,2026-07-07 15:11:00,444093761930	,"咖啡色,七钩 【加厚加粗】(2个装)",无售后或售后取消,18.4	,79117450747050	,中通快递,****,****,	
260626-539272189511762,已取消,1	,	,	,473143171945	,萌猫 门挂款 古铜色,无售后或售后取消,11.97	,	,	,****,****,	
260626-335523418450541,已收货,1	,2026-06-26 21:09:44,2026-06-29 14:38:07,444093761930	,"雪花白,七钩 【加厚加粗】(2个装)",无售后或售后取消,19.9	,79117450770859	,中通快递,****,****,	
260626-215807444572246,已收货,1	,2026-06-26 20:23:31,2026-07-07 15:11:00,444093761930	,"经典黑,七钩 【加厚加粗】(4个装)",无售后或售后取消,31.9	,79117450747006	,中通快递,****,****,	
260626-360804533821873,已收货,1	,2026-06-26 18:38:31,2026-07-07 15:11:00,444093761930	,"雪花白,七钩 【加厚加粗】(2个装)",无售后或售后取消,19.9	,79117450754300	,中通快递,****,****,	
260626-399098571142971,已收货,1	,2026-06-26 15:52:11,2026-07-07 15:11:00,444093761930	,"经典黑,淘气猫 【加厚加粗】(2个装)",无售后或售后取消,15.85	,79117450770596	,中通快递,****,****,	
260626-267523275062880,已收货,1	,2026-06-26 15:01:27,2026-07-04 12:59:30,444093761930	,"雪花白,淘气猫 【加厚加粗】(1个装)",无售后或售后取消,11.9	,79117268614886	,中通快递,****,****,	
260626-400272976201989,已收货,1	,2026-06-26 13:05:24,2026-07-06 15:50:19,444093761930	,"金色,七钩【加厚加粗】 (1个装)",无售后或售后取消,13.09	,79117268606808	,中通快递,****,****,	
260626-666265270601989,已取消,1	,	,	,444093761930	,"金色,七钩【加厚加粗】 (1个装)",无售后或售后取消,13.09	,	,	,****,****,	
260626-093040186952122,已收货,1	,2026-06-26 12:21:20,2026-07-06 15:50:19,444093761930	,"雪花白,淘气猫 【加厚加粗】(1个装)",无售后或售后取消,11.9	,79117268636514	,中通快递,****,****,	
260626-629994954331247,已收货,1	,2026-06-26 10:45:03,2026-07-06 15:50:19,444093761930	,"咖啡色,淘气猫 【加厚加粗】(2个装)",无售后或售后取消,15.85	,79117268635612	,中通快递,****,****,	
260626-408923676160945,已收货,1	,2026-06-26 09:47:42,2026-07-06 15:50:19,444093761930	,"咖啡色,七钩 【加厚加粗】(2个装)",无售后或售后取消,18.4	,79117268606892	,中通快递,****,****,	
260626-646981937571388,已收货,1	,2026-06-26 07:19:51,2026-07-06 15:50:19,444093761930	,"金色,七钩【加厚加粗】 (1个装)",无售后或售后取消,13.09	,79117268606851	,中通快递,****,****,	
260626-433670090243862,已收货,1	,2026-06-26 05:42:26,2026-07-06 15:50:19,444093761930	,"经典黑,七钩 【加厚加粗】(4个装)",无售后或售后取消,31.9	,79117268605934	,中通快递,****,****,	
260626-485176164780112,已收货,1	,2026-06-26 05:34:49,2026-06-29 13:02:29,444093761930	,"金色,七钩【加厚加粗】 (1个装)",无售后或售后取消,13.09	,79117268636596	,中通快递,****,****,	
260626-344153157261405,已收货,1	,2026-06-26 01:27:30,2026-07-21 15:50:19,444093761930	,"雪花白,淘气猫 【加厚加粗】(1个装)",无售后或售后取消,11.9	,79117268606001	,中通快递,****,****,	
260625-098912254390344,已收货,1	,2026-06-25 23:57:24,2026-07-06 15:50:19,444093761930	,"咖啡色,七钩 【加厚加粗】(2个装)",无售后或售后取消,18.4	,79117268635590	,中通快递,****,****,	
260625-234912489060709,已收货,1	,2026-06-25 22:33:10,2026-07-02 09:15:54,444093761930	,"咖啡色,七钩 【加厚加粗】(4个装)",无售后或售后取消,31.9	,79117268605921	,中通快递,****,****,	
260625-669788455341852,已收货,1	,2026-06-25 22:13:43,2026-07-06 15:50:19,444093761930	,"雪花白,七钩【加厚加粗】 (3个装)",无售后或售后取消,25.9	,79117268615032	,中通快递,****,****,	
260625-441660229232032,未发货，退款成功,1	,2026-06-25 16:26:54,	,444093761930	,"金色,七钩 【加厚加粗】(2个装)",退款成功,24.9	,	,	,****,****,	
260625-179453376892219,已收货,1	,2026-06-25 15:10:19,2026-07-05 15:41:12,444093761930	,"咖啡色,七钩 【加厚加粗】(2个装)",无售后或售后取消,18.4	,79117044296594	,中通快递,****,****,	
260625-381555894573552,已收货,1	,2026-06-25 14:32:25,2026-06-29 14:34:34,444093761930	,"咖啡色,七钩 【加厚加粗】(4个装)",无售后或售后取消,31.9	,79117044296581	,中通快递,****,****,	
260625-297963415932027,已收货,1	,2026-06-25 12:36:19,2026-06-27 17:59:52,444093761930	,"咖啡色,七钩 【加厚加粗】(4个装)",无售后或售后取消,31.9	,79117044322115	,中通快递,****,****,	
260625-186657073562334,已发货，退款成功,1	,2026-06-25 12:26:14,	,444093761930	,"咖啡色,七钩 【加厚加粗】(2个装)",退款成功,18.4	,79117044074660	,中通快递,****,****,	
260625-629743358320308,已收货,1	,2026-06-25 12:23:52,2026-06-28 13:10:34,455777893867	,"加粗加厚 淘气猫 黑色,1个装",无售后或售后取消,6.93	,79117044074586	,中通快递,****,****,	
260625-053938757141099,未发货，退款成功,1	,2026-06-25 10:57:02,	,444093761930	,"雪花白,淘气猫 【加厚加粗】(1个装)",退款成功,11.9	,	,	,****,****,	
260625-591837273643485,已收货,1	,2026-06-25 09:30:06,2026-07-05 15:41:12,444093761930	,"咖啡色,七钩【加厚加粗】 (3个装)",无售后或售后取消,25.9	,79117044296699	,中通快递,****,****,	
260625-214580631153591,已收货,1	,2026-06-25 07:31:17,2026-06-26 19:04:13,444093761930	,"经典黑,淘气猫 【加厚加粗】(2个装)",无售后或售后取消,15.85	,79117044296490	,中通快递,****,****,	
260625-228044378551933,已收货,1	,2026-06-25 07:18:10,2026-07-05 15:41:12,444093761930	,"咖啡色,七钩 【加厚加粗】(2个装)",无售后或售后取消,18.4	,79117044074629	,中通快递,****,****,	
260625-187957318022478,已收货,1	,2026-06-25 04:45:09,2026-07-05 15:41:12,444093761930	,"咖啡色,七钩 【加厚加粗】(4个装)",无售后或售后取消,31.9	,79117044296673	,中通快递,****,****,	
260624-312926585243426,已收货,1	,2026-06-24 23:09:49,2026-07-05 15:41:12,444093761930	,"金色,七钩【加厚加粗】 (1个装)",无售后或售后取消,13.09	,79117044074593	,中通快递,****,****,	
260624-113141430631022,已收货,1	,2026-06-24 23:00:58,2026-07-05 15:41:12,444093761930	,"经典黑,七钩【加厚加粗】 (3个装)",无售后或售后取消,25.9	,79117044074578	,中通快递,****,****,	
260624-443442850133845,已收货,1	,2026-06-24 20:54:42,2026-07-05 15:41:12,444093761930	,"雪花白,七钩【加厚加粗】 (3个装)",无售后或售后取消,25.9	,79117044074524	,中通快递,****,****,	
260624-626293522761001,已收货,1	,2026-06-24 20:18:48,2026-06-28 09:38:10,444093761930	,"咖啡色,七钩 【加厚加粗】(2个装)",无售后或售后取消,18.4	,79117044296566	,中通快递,****,****,	
260624-026738716191337,已收货,1	,2026-06-24 19:33:32,2026-07-05 15:41:12,444093761930	,"经典黑,淘气猫 【加厚加粗】(2个装)",无售后或售后取消,15.85	,79117044074672	,中通快递,****,****,	
260624-647286034772348,已收货,1	,2026-06-24 19:28:38,2026-06-28 23:07:04,444093761930	,"咖啡色,七钩 【加厚加粗】(4个装)",无售后或售后取消,31.9	,79117044074616	,中通快递,****,****,	
260624-683640122980212,已收货,1	,2026-06-24 18:24:27,2026-07-05 15:41:12,476214691883	,"加粗五钩 白色,2个装",无售后或售后取消,8.02	,79117044296553	,中通快递,****,****,	
260624-073819788860175,已收货,1	,2026-06-24 18:13:45,2026-07-05 15:41:12,444093761930	,"咖啡色,七钩 【加厚加粗】(2个装)",无售后或售后取消,18.4	,79117044296474	,中通快递,****,****,	
260624-508024604292898,已收货,1	,2026-06-24 17:45:05,2026-06-29 16:52:53,444093761930	,"咖啡色,七钩 【加厚加粗】(2个装)",无售后或售后取消,18.4	,79117044074644	,中通快递,****,****,	